# fresh lake build (project build products removed first; Mathlib and dependencies from the official cache) at e3ebe97 (release-v1; Lean sources of 4874cc0), Sat Oct  3 19:24:55 AEST 2026, LEAN_NUM_THREADS=4, cloud container 4 CPUs 15 GB
# targets: Zeta23 ZetaQ ZetaS ZetaSCertShims ZetaShell ChallengeDeps Challenge Solution Solution.FollowUpZeta Challenge.FollowUpFamily Solution.FollowUpFamily
✔ [8695/9012] Built Zeta23.LinAlg.PosIndex (124s)
✔ [8696/9012] Built Zeta23.Defs (144s)
✔ [8697/9012] Built Zeta23.Tail.Basic (3.6s)
✔ [8698/9012] Built Zeta23.FromPNTPlus.EulerMaclaurin (5.6s)
✔ [8699/9012] Built Zeta23.Prelude.InstancePriorities (4.7s)
✔ [8700/9012] Built Zeta23.FromPNTPlus.Auxiliary (5.5s)
✔ [8701/9012] Built Zeta23.Defs.LeafIntegrals (10s)
✔ [8702/9012] Built Zeta23.MV.EigenIdentity (10s)
✔ [8703/9012] Built Zeta23.FromPNTPlus.Mathlib.Analysis.SpecialFunctions.Log.Basic (1.7s)
✔ [8704/9012] Built Zeta23.FromPNTPlus.Tactic.AdditiveCombination (2.2s)
✔ [8705/9012] Built Zeta23.FromPNTPlus.Rectangle (4.1s)
✔ [8707/9012] Built Zeta23.FromPNTPlus.ZetaConj (6.7s)
✔ [8708/9012] Built Zeta23.XiPrime.ZeroCount.ArgBound (5.3s)
✔ [8709/9012] Built Zeta23.XiPrime.Coeff.Param (7.1s)
✔ [8710/9012] Built Zeta23.PairCeiling.Defs (4.5s)
✔ [8711/9012] Built Zeta23.FromPNTPlus.Sobolev (16s)
✔ [8712/9012] Built Zeta23.LinAlg.HermitianPosPart (4.9s)
✔ [8713/9012] Built Zeta23.Taper.GevreyPhi (4.1s)
✔ [8714/9012] Built Zeta23.XiPrime.Defs (5.5s)
✔ [8715/9012] Built Zeta23.LinAlg.VonNeumann (12s)
✔ [8716/9012] Built Zeta23.PairCeiling.NumericCert (15s)
⚠ [8717/9012] Built Zeta23.Taper.Gevrey (7.6s)
warning: Zeta23/Taper/Gevrey.lean:342:80: Variable name `x` is not explicitly referenced.

Hint: The binding can be removed (if unused) or named `_` (if used implicitly). Alternatively, prefix the name with `_` to silence this warning:
  [apply] _x

Note: This linter can be disabled with `set_option linter.unusedVariables false`
✔ [8718/9012] Built Zeta23.GammaFacts (4.0s)
✔ [8719/9012] Built Zeta23.Defs.Profile (3.2s)
✔ [8720/9012] Built Zeta23.Poisson.PaperFT (4.7s)
✔ [8721/9012] Built Zeta23.PrimeSideTemp (4.9s)
✔ [8722/9012] Built Zeta23.Defs.Counting (4.4s)
✔ [8723/9012] Built Zeta23.Hypotheses (4.1s)
✔ [8724/9012] Built Zeta23.ExplicitFormula (9.8s)
✔ [8725/9012] Built Zeta23.Tail.Grid (5.6s)
✔ [8726/9012] Built Zeta23.RvM.BacklundDefs (5.4s)
✔ [8727/9012] Built Zeta23.FromPNTPlus.Mertens (6.1s)
✔ [8728/9012] Built Zeta23.Tail.Count (7.8s)
⚠ [8729/9012] Built Zeta23.FromPNTPlus.StrongPNTPrefix (6.9s)
warning: Zeta23/FromPNTPlus/StrongPNTPrefix.lean:61:71: `Set.mem_setOf_eq` has been deprecated: Use `Set.mem_ofPred_eq` instead
warning: Zeta23/FromPNTPlus/StrongPNTPrefix.lean:202:9: `Set.setOf_subset_setOf` has been deprecated: Use `Set.ofPred_subset_ofPred` instead
warning: Zeta23/FromPNTPlus/StrongPNTPrefix.lean:343:10: `Set.notMem_setOf_iff` has been deprecated: Use `Set.notMem_ofPred_iff` instead
warning: Zeta23/FromPNTPlus/StrongPNTPrefix.lean:368:48: `Set.mem_setOf_eq` has been deprecated: Use `Set.mem_ofPred_eq` instead
warning: Zeta23/FromPNTPlus/StrongPNTPrefix.lean:390:10: `Set.notMem_setOf_iff` has been deprecated: Use `Set.notMem_ofPred_iff` instead
warning: Zeta23/FromPNTPlus/StrongPNTPrefix.lean:432:48: `Set.mem_setOf_eq` has been deprecated: Use `Set.mem_ofPred_eq` instead
✔ [8730/9012] Built Zeta23.FromPNTPlus.ResidueCalcOnRectangles (10s)
⚠ [8731/9012] Built Zeta23.PairCeiling.Stability (3.8s)
warning: Zeta23/PairCeiling/Stability.lean:49:4: try 'simp' instead of 'simpa'

Note: This linter can be disabled with `set_option linter.unnecessarySimpa false`
warning: Zeta23/PairCeiling/Stability.lean:245:4: 'push_cast at this ⊢' tactic does nothing

Note: This linter can be disabled with `set_option linter.unusedTactic false`
✔ [8732/9012] Built Zeta23.LinAlg.Sylvester (3.3s)
✔ [8733/9012] Built Zeta23.FromPNTPlus.Fourier (3.4s)
✔ [8734/9012] Built Zeta23.XiPrime.Coeff.LT (2.7s)
✔ [8735/9012] Built Zeta23.XiPrime.Coeff.Basic (3.8s)
✔ [8736/9012] Built Zeta23.LinAlg.RankTrace (4.0s)
✔ [8737/9012] Built Zeta23.GammaFacts.Series (5.0s)
✔ [8738/9012] Built Zeta23.Taper.Basic (3.7s)
⚠ [8739/9012] Built Zeta23.XiPrime.Certificate.D1 (16s)
warning: Zeta23/XiPrime/Certificate/D1.lean:307:68: `intervalIntegral.integral_finset_sum` has been deprecated: Use `intervalIntegral.integral_finsetSum` instead
warning: Zeta23/XiPrime/Certificate/D1.lean:316:11: `continuous_finset_sum` has been deprecated: Use `continuous_finsetSum` instead
✔ [8740/9012] Built Zeta23.TracesBoundsE (2.5s)
⚠ [8741/9012] Built Zeta23.RvM.Halving (3.4s)
warning: Zeta23/RvM/Halving.lean:52:55: `Set.mem_setOf_eq` has been deprecated: Use `Set.mem_ofPred_eq` instead
warning: Zeta23/RvM/Halving.lean:62:15: `Set.mem_setOf_eq` has been deprecated: Use `Set.mem_ofPred_eq` instead
warning: Zeta23/RvM/Halving.lean:70:15: `Set.mem_setOf_eq` has been deprecated: Use `Set.mem_ofPred_eq` instead
✔ [8742/9012] Built Zeta23.PrimeSideB (11s)
✔ [8743/9012] Built Zeta23.ThmE.Hypotheses (3.6s)
✔ [8744/9012] Built Zeta23.MV (3.5s)
✔ [8745/9012] Built Zeta23.Hypotheses.GzGp (2.9s)
⚠ [8746/9012] Built Zeta23.Statement (4.1s)
warning: Zeta23/Statement.lean:148:30: `Set.mem_setOf_eq` has been deprecated: Use `Set.mem_ofPred_eq` instead
⚠ [8747/9012] Built Zeta23.XiPrime.ExplicitFormula.PrimeTermJ (4.4s)
warning: Zeta23/XiPrime/ExplicitFormula/PrimeTermJ.lean:136:8: `MeasureTheory.integrable_finset_sum` has been deprecated: Use `MeasureTheory.integrable_finsetSum` instead
warning: Zeta23/XiPrime/ExplicitFormula/PrimeTermJ.lean:154:32: `MeasureTheory.integral_finset_sum` has been deprecated: Use `MeasureTheory.integral_finsetSum` instead
✔ [8748/9012] Built Zeta23.ExplicitFormula.Bridge (5.9s)
✔ [8749/9012] Built Zeta23.PrimeSideA.Defs (32s)
✔ [8750/9012] Built Zeta23.Analytic.RectangleLogDeriv (10s)
⚠ [8751/9012] Built Zeta23.MV.Spacing (81s)
warning: Zeta23/MV/Spacing.lean:58:0: automatically included section variable(s) unused in theorem `Zeta23.MV.Adm.itv_disjoint`:
  [Fintype ι]
  [DecidableEq ι]
consider restructuring your `variable` declarations so that the variables are not in scope or explicitly omit them:
  omit [Fintype ι] [DecidableEq ι] in theorem ...

Note: This linter can be disabled with `set_option linter.unusedSectionVars false`
warning: Zeta23/MV/Spacing.lean:153:8: automatically included section variable(s) unused in theorem `_private.Zeta23.MV.Spacing.0.Zeta23.MV.Adm.mem_window`:
  [Fintype ι]
  [DecidableEq ι]
consider restructuring your `variable` declarations so that the variables are not in scope or explicitly omit them:
  omit [Fintype ι] [DecidableEq ι] in theorem ...

Note: This linter can be disabled with `set_option linter.unusedSectionVars false`
✔ [8752/9012] Built Zeta23.PairCeiling.Grid (5.1s)
✔ [8753/9012] Built Zeta23.ThmD.Functional (86s)
✔ [8754/9012] Built Zeta23.PairCeiling.Ceiling (4.4s)
✔ [8755/9012] Built Zeta23.LinAlg.Weyl (2.9s)
✔ [8756/9012] Built Zeta23.Tail.RankOne (4.0s)
✔ [8757/9012] Built Zeta23.Chebyshev (24s)
✔ [8758/9012] Built Zeta23.LinAlg.Inertia (5.2s)
✔ [8759/9012] Built Zeta23.XiPrime.Coeff.MainTerm.Squarefree (5.6s)
✔ [8760/9012] Built Zeta23.WeilEF.GammaRBracket (4.8s)
✔ [8761/9012] Built Zeta23.Taper.Strip (6.1s)
✔ [8762/9012] Built Zeta23.Analytic.Stirling (9.5s)
✔ [8763/9012] Built Zeta23.ThmE.TracesHypChi (6.9s)
✔ [8764/9012] Built Zeta23.Taper.Norms (18s)
⚠ [8765/9012] Built Zeta23.XiPrime.Certificate.Poly (12s)
warning: Zeta23/XiPrime/Certificate/Poly.lean:42:6: `intervalIntegral.integral_finset_sum` has been deprecated: Use `intervalIntegral.integral_finsetSum` instead
✔ [8766/9012] Built Zeta23.ThmE.Statement (5.5s)
✔ [8767/9012] Built Zeta23.WeilEF.XiLogDeriv (3.9s)
⚠ [8768/9012] Built Zeta23.ZetaReflect (4.9s)
warning: Zeta23/ZetaReflect.lean:91:17: `Set.mem_setOf_eq` has been deprecated: Use `Set.mem_ofPred_eq` instead
⚠ [8769/9012] Built Zeta23.Statement.Seam (4.3s)
warning: Zeta23/Statement/Seam.lean:59:13: `ENat.toNat_coe` has been deprecated: Use `ENat.toNat_natCast` instead
⚠ [8770/9012] Built Zeta23.FromPNTPlus.ZetaBounds (36s)
warning: Zeta23/FromPNTPlus/ZetaBounds.lean:859:13: `Set.mem_setOf_eq` has been deprecated: Use `Set.mem_ofPred_eq` instead
warning: Zeta23/FromPNTPlus/ZetaBounds.lean:952:13: `Set.mem_setOf_eq` has been deprecated: Use `Set.mem_ofPred_eq` instead
warning: Zeta23/FromPNTPlus/ZetaBounds.lean:1092:13: `Set.mem_setOf_eq` has been deprecated: Use `Set.mem_ofPred_eq` instead
warning: Zeta23/FromPNTPlus/ZetaBounds.lean:1099:32: `Set.mem_setOf_eq` has been deprecated: Use `Set.mem_ofPred_eq` instead
warning: Zeta23/FromPNTPlus/ZetaBounds.lean:1105:56: `Set.preimage_setOf_eq` has been deprecated: Use `Set.preimage_ofPred_eq` instead
warning: Zeta23/FromPNTPlus/ZetaBounds.lean:1115:56: `Set.preimage_setOf_eq` has been deprecated: Use `Set.preimage_ofPred_eq` instead
warning: Zeta23/FromPNTPlus/ZetaBounds.lean:1119:17: `Set.mem_setOf_eq` has been deprecated: Use `Set.mem_ofPred_eq` instead
warning: Zeta23/FromPNTPlus/ZetaBounds.lean:1135:54: `Set.preimage_setOf_eq` has been deprecated: Use `Set.preimage_ofPred_eq` instead
warning: Zeta23/FromPNTPlus/ZetaBounds.lean:1157:22: `Set.setOf_subset_setOf` has been deprecated: Use `Set.ofPred_subset_ofPred` instead
warning: Zeta23/FromPNTPlus/ZetaBounds.lean:1169:15: `Set.setOf_subset_setOf` has been deprecated: Use `Set.ofPred_subset_ofPred` instead
warning: Zeta23/FromPNTPlus/ZetaBounds.lean:1169:59: `Set.mem_setOf_eq` has been deprecated: Use `Set.mem_ofPred_eq` instead
warning: Zeta23/FromPNTPlus/ZetaBounds.lean:1185:15: `Set.mem_setOf_eq` has been deprecated: Use `Set.mem_ofPred_eq` instead
warning: Zeta23/FromPNTPlus/ZetaBounds.lean:1835:19: `Set.mem_setOf_eq` has been deprecated: Use `Set.mem_ofPred_eq` instead
warning: Zeta23/FromPNTPlus/ZetaBounds.lean:1837:45: `Set.mem_setOf_eq` has been deprecated: Use `Set.mem_ofPred_eq` instead
warning: Zeta23/FromPNTPlus/ZetaBounds.lean:1840:28: `Set.setOf_subset_setOf` has been deprecated: Use `Set.ofPred_subset_ofPred` instead
warning: Zeta23/FromPNTPlus/ZetaBounds.lean:1844:28: `Set.mem_setOf_eq` has been deprecated: Use `Set.mem_ofPred_eq` instead
warning: Zeta23/FromPNTPlus/ZetaBounds.lean:1900:15: `Set.mem_setOf_eq` has been deprecated: Use `Set.mem_ofPred_eq` instead
warning: Zeta23/FromPNTPlus/ZetaBounds.lean:1906:20: `Set.mem_setOf_eq` has been deprecated: Use `Set.mem_ofPred_eq` instead
warning: Zeta23/FromPNTPlus/ZetaBounds.lean:2091:13: `Set.mem_setOf_eq` has been deprecated: Use `Set.mem_ofPred_eq` instead
warning: Zeta23/FromPNTPlus/ZetaBounds.lean:2884:17: `Set.mem_setOf_eq` has been deprecated: Use `Set.mem_ofPred_eq` instead
warning: Zeta23/FromPNTPlus/ZetaBounds.lean:2940:17: `Set.mem_setOf_eq` has been deprecated: Use `Set.mem_ofPred_eq` instead
✔ [8771/9012] Built Zeta23.PrimeSideA.CrossMuPCore (21s)
✔ [8772/9012] Built Zeta23.PrimeSideB.PPKernel (20s)
✔ [8773/9012] Built Zeta23.MV.Duality (18s)
✔ [8774/9012] Built Zeta23.PairCeiling.Bridge (9.6s)
✔ [8775/9012] Built Zeta23.PrimeSideA.Basic (34s)
✔ [8776/9012] Built Zeta23.ThmE.ChebCoprime (17s)
✔ [8777/9012] Built Zeta23.XiPrime.Coeff.Abel (6.0s)
✔ [8778/9012] Built Zeta23.LinAlg (4.3s)
✔ [8779/9012] Built Zeta23.MV.Quadratic (25s)
✔ [8780/9012] Built Zeta23.Taper.Params (14s)
ℹ [8781/9012] Built Zeta23.GammaFacts.Mu (17s)
info: Zeta23/GammaFacts/Mu.lean:137:2: Try this:
  [apply] ring_nf
  
  The `ring` tactic failed to close the goal. Use `ring_nf` to obtain a normal form.
    
  Note that `ring` works primarily in *commutative* rings. If you have a noncommutative ring, abelian group or module, consider using `noncomm_ring`, `abel` or `module` instead.
✔ [8782/9012] Built Zeta23.PiFacts (34s)
✔ [8783/9012] Built Zeta23.Taper.Fourier (26s)
✔ [8784/9012] Built Zeta23.XiPrime.Certificate.AtOne (6.8s)
⚠ [8785/9012] Built Zeta23.ThmE.SeamL (9.3s)
warning: Zeta23/ThmE/SeamL.lean:337:13: `ENat.toNat_coe` has been deprecated: Use `ENat.toNat_natCast` instead
✔ [8786/9012] Built Zeta23.Statement.SeamClosed (7.7s)
✔ [8787/9012] Built Zeta23.RvM.ZetaGrowth (11s)
✔ [8788/9012] Built Zeta23.Taper.Decay (24s)
✔ [8789/9012] Built Zeta23.PairCeiling.NearCUE (11s)
✔ [8790/9012] Built Zeta23.PrimeSideB.PPOffDiag (14s)
✔ [8791/9012] Built Zeta23.PrimeSideA.CrossMuP (12s)
✔ [8792/9012] Built Zeta23.PrimeSideB.Concrete (10s)
✔ [8793/9012] Built Zeta23.XiPrime.Coeff.PowerSums (9.3s)
⚠ [8794/9012] Built Zeta23.XiPrime.Statement (7.9s)
warning: Zeta23/XiPrime/Statement.lean:365:69: `Set.mem_setOf_eq` has been deprecated: Use `Set.mem_ofPred_eq` instead
✔ [8795/9012] Built Zeta23.Assembly.Inputs (4.0s)
⚠ [8796/9012] Built Zeta23.ZeroSide.RankTraceMult (7.9s)
warning: Zeta23/ZeroSide/RankTraceMult.lean:49:32: Variable name `ht0` is not explicitly referenced.

Hint: The binding can be removed (if unused) or named `_` (if used implicitly). Alternatively, prefix the name with `_` to silence this warning:
  [apply] _ht0

Note: This linter can be disabled with `set_option linter.unusedVariables false`
warning: Zeta23/ZeroSide/RankTraceMult.lean:49:60: Variable name `hx` is not explicitly referenced.

Hint: The binding can be removed (if unused) or named `_` (if used implicitly). Alternatively, prefix the name with `_` to silence this warning:
  [apply] _hx

Note: This linter can be disabled with `set_option linter.unusedVariables false`
warning: Zeta23/ZeroSide/RankTraceMult.lean:56:30: Variable name `hc` is not explicitly referenced.

Hint: The binding can be removed (if unused) or named `_` (if used implicitly). Alternatively, prefix the name with `_` to silence this warning:
  [apply] _hc

Note: This linter can be disabled with `set_option linter.unusedVariables false`
warning: Zeta23/ZeroSide/RankTraceMult.lean:56:43: Variable name `hx` is not explicitly referenced.

Hint: The binding can be removed (if unused) or named `_` (if used implicitly). Alternatively, prefix the name with `_` to silence this warning:
  [apply] _hx

Note: This linter can be disabled with `set_option linter.unusedVariables false`
warning: Zeta23/ZeroSide/RankTraceMult.lean:81:32: Variable name `hp` is not explicitly referenced.

Hint: The binding can be removed (if unused) or named `_` (if used implicitly). Alternatively, prefix the name with `_` to silence this warning:
  [apply] _hp

Note: This linter can be disabled with `set_option linter.unusedVariables false`
warning: Zeta23/ZeroSide/RankTraceMult.lean:81:58: Variable name `hc` is not explicitly referenced.

Hint: The binding can be removed (if unused) or named `_` (if used implicitly). Alternatively, prefix the name with `_` to silence this warning:
  [apply] _hc

Note: This linter can be disabled with `set_option linter.unusedVariables false`
warning: Zeta23/ZeroSide/RankTraceMult.lean:164:20: This simp argument is unused:
  Matrix.mul_assoc

Hint: Omit it from the simp argument list.
  [apply] simp

Note: This linter can be disabled with `set_option linter.unusedSimpArgs false`
warning: Zeta23/ZeroSide/RankTraceMult.lean:359:28: Variable name `hc` is not explicitly referenced.

Hint: The binding can be removed (if unused) or named `_` (if used implicitly). Alternatively, prefix the name with `_` to silence this warning:
  [apply] _hc

Note: This linter can be disabled with `set_option linter.unusedVariables false`
✔ [8797/9012] Built Zeta23.PrimeSideA.MuMu (21s)
✔ [8798/9012] Built Zeta23.MV.Eigen (14s)
ℹ [8799/9012] Built Zeta23.GammaFacts.StirlingVert (14s)
info: Zeta23/GammaFacts/StirlingVert.lean:452:6: Try this:
  [apply] ring_nf
  
  The `ring` tactic failed to close the goal. Use `ring_nf` to obtain a normal form.
    
  Note that `ring` works primarily in *commutative* rings. If you have a noncommutative ring, abelian group or module, consider using `noncomm_ring`, `abel` or `module` instead.
✔ [8800/9012] Built Zeta23.ThmE.CountByIntegralChi (8.0s)
✔ [8801/9012] Built Zeta23.PrimeSideA.EndsCore (23s)
✔ [8802/9012] Built Zeta23.Poisson (16s)
✔ [8803/9012] Built Zeta23.RvM.CountByIntegral (5.4s)
⚠ [8804/9012] Built Zeta23.RvM.NcountWindow (3.3s)
warning: Zeta23/RvM/NcountWindow.lean:23:22: `Set.mem_setOf_eq` has been deprecated: Use `Set.mem_ofPred_eq` instead
✔ [8805/9012] Built Zeta23.RvM.Defs (4.7s)
✔ [8806/9012] Built Zeta23.ThmE.LGrowth (10s)
✔ [8807/9012] Built Zeta23.Taper (17s)
✔ [8808/9012] Built Zeta23.RvM.LocalCount (31s)
⚠ [8809/9012] Built Zeta23.WeilEF.Landau (27s)
warning: Zeta23/WeilEF/Landau.lean:341:13: `Set.mem_setOf_eq` has been deprecated: Use `Set.mem_ofPred_eq` instead
warning: Zeta23/WeilEF/Landau.lean:437:64: `Set.mem_setOf_eq` has been deprecated: Use `Set.mem_ofPred_eq` instead
✔ [8810/9012] Built Zeta23.PairCeiling.RowCert (8.8s)
✔ [8811/9012] Built Zeta23.XiPrime.Coeff.NonSquarefree (15s)
✔ [8812/9012] Built Zeta23.PrimeSideB.PP (33s)
✔ [8813/9012] Built Zeta23.XiPrime.Coeff.MainTerm.Asymp (17s)
✔ [8814/9012] Built Zeta23.XiPrime.Coeff.Upper (11s)
✔ [8815/9012] Built Zeta23.XiPrime.StatementW (5.4s)
⚠ [8816/9012] Built Zeta23.ZeroSide (16s)
warning: Zeta23/ZeroSide.lean:701:4: `Set.mem_setOf_eq` has been deprecated: Use `Set.mem_ofPred_eq` instead
warning: Zeta23/ZeroSide.lean:706:66: `Set.mem_setOf_eq` has been deprecated: Use `Set.mem_ofPred_eq` instead
warning: Zeta23/ZeroSide.lean:712:52: `Set.mem_setOf_eq` has been deprecated: Use `Set.mem_ofPred_eq` instead
warning: Zeta23/ZeroSide.lean:755:53: `Set.mem_setOf_eq` has been deprecated: Use `Set.mem_ofPred_eq` instead
⚠ [8817/9012] Built Zeta23.ThmD.Window (76s)
warning: Zeta23/ThmD/Window.lean:132:17: `Set.mem_setOf_eq` has been deprecated: Use `Set.mem_ofPred_eq` instead
⚠ [8818/9012] Built Zeta23.Tail (12s)
warning: Zeta23/Tail.lean:290:13: `Set.mem_setOf_eq` has been deprecated: Use `Set.mem_ofPred_eq` instead
warning: Zeta23/Tail.lean:399:17: `Set.mem_setOf_eq` has been deprecated: Use `Set.mem_ofPred_eq` instead
⚠ [8819/9012] Built Zeta23.ZeroSide.TightMult (5.4s)
warning: Zeta23/ZeroSide/TightMult.lean:45:24: This simp argument is unused:
  Pi.single_apply

Hint: Omit it from the simp argument list.
  [apply] simp [ha]

Note: This linter can be disabled with `set_option linter.unusedSimpArgs false`
warning: Zeta23/ZeroSide/TightMult.lean:57:28: This simp argument is unused:
  Pi.single_apply

Hint: Omit it from the simp argument list.
  [apply] simp [Sum.inl_injective.eq_iff, Ne.symm hk]

Note: This linter can be disabled with `set_option linter.unusedSimpArgs false`
warning: Zeta23/ZeroSide/TightMult.lean:64:14: This simp argument is unused:
  Pi.single_apply

Hint: Omit it from the simp argument list.
  [apply] simp [Sum.inl_injective.eq_iff, Ne.symm this]

Note: This linter can be disabled with `set_option linter.unusedSimpArgs false`
warning: Zeta23/ZeroSide/TightMult.lean:67:12: This simp argument is unused:
  Pi.single_apply

Hint: Omit it from the simp argument list.
  [apply] simp

Note: This linter can be disabled with `set_option linter.unusedSimpArgs false`
warning: Zeta23/ZeroSide/TightMult.lean:93:22: Variable name `hc` is not explicitly referenced.

Hint: The binding can be removed (if unused) or named `_` (if used implicitly). Alternatively, prefix the name with `_` to silence this warning:
  [apply] _hc

Note: This linter can be disabled with `set_option linter.unusedVariables false`
✔ [8820/9012] Built Zeta23.MV.Final (9.1s)
⚠ [8821/9012] Built Zeta23.Assembly (46s)
warning: Zeta23/Assembly.lean:885:47: `Set.mem_setOf_eq` has been deprecated: Use `Set.mem_ofPred_eq` instead
warning: Zeta23/Assembly.lean:958:34: `Set.mem_setOf_eq` has been deprecated: Use `Set.mem_ofPred_eq` instead
warning: Zeta23/Assembly.lean:962:90: `Set.mem_setOf_eq` has been deprecated: Use `Set.mem_ofPred_eq` instead
✔ [8822/9012] Built Zeta23.GammaFacts.IntMu (150s)
✔ [8823/9012] Built Zeta23.ThmE.RvMChiDefs (5.8s)
✔ [8824/9012] Built Zeta23.WeilEF.VerticalLine (21s)
✔ [8825/9012] Built Zeta23.PrimeSideA.EndsWeighted (17s)
✔ [8826/9012] Built Zeta23.RvM.Fold (7.0s)
✔ [8827/9012] Built Zeta23.RvM.GammaSide (14s)
✔ [8828/9012] Built Zeta23.PrimeSideA.Bridge (13s)
⚠ [8829/9012] Built Zeta23.Taper.GevreyRamps (17s)
warning: Zeta23/Taper/GevreyRamps.lean:73:88: `ENat.coe_lt_top` has been deprecated: Use `ENat.natCast_lt_top` instead
warning: Zeta23/Taper/GevreyRamps.lean:211:83: This simp argument is unused:
  Rp

Hint: Omit it from the simp argument list.
  [apply] simp

Note: This linter can be disabled with `set_option linter.unusedSimpArgs false`
warning: Zeta23/Taper/GevreyRamps.lean:213:83: This simp argument is unused:
  Rm

Hint: Omit it from the simp argument list.
  [apply] simp

Note: This linter can be disabled with `set_option linter.unusedSimpArgs false`
✔ [8830/9012] Built Zeta23.ThmD.PsiC (20s)
⚠ [8831/9012] Built Zeta23.ThmD.WindowCore (20s)
warning: Zeta23/ThmD/WindowCore.lean:388:22: Variable name `u` is not explicitly referenced.

Hint: The binding can be removed (if unused) or named `_` (if used implicitly). Alternatively, prefix the name with `_` to silence this warning:
  [apply] _u

Note: This linter can be disabled with `set_option linter.unusedVariables false`
⚠ [8832/9012] Built Zeta23.PrimeSideA.EndsE1 (51s)
warning: Zeta23/PrimeSideA/EndsE1.lean:326:41: `Set.mem_setOf_eq` has been deprecated: Use `Set.mem_ofPred_eq` instead
✔ [8833/9012] Built Zeta23.PairCeiling.LawN256 (4.5s)
✔ [8834/9012] Built Zeta23.ThmE.LandauChi (8.1s)
✔ [8835/9012] Built Zeta23.XiPrime.Coeff.PrimeSums (4.9s)
⚠ [8836/9012] Built Zeta23.XiPrime.PrimeSide.Abel (8.8s)
warning: Zeta23/XiPrime/PrimeSide/Abel.lean:69:59: `Set.mem_setOf_eq` has been deprecated: Use `Set.mem_ofPred_eq` instead
warning: Zeta23/XiPrime/PrimeSide/Abel.lean:149:63: `Set.mem_setOf_eq` has been deprecated: Use `Set.mem_ofPred_eq` instead
warning: Zeta23/XiPrime/PrimeSide/Abel.lean:69:59: This simp argument is unused:
  Set.mem_setOf_eq

Hint: Omit it from the simp argument list.
  [apply] simp only [Set.mem_compl_iff, Set.mem_singleton_iff, ne_eq]

Note: This linter can be disabled with `set_option linter.unusedSimpArgs false`
warning: Zeta23/XiPrime/PrimeSide/Abel.lean:198:4: 'beta_reduce' tactic does nothing

Note: This linter can be disabled with `set_option linter.unusedTactic false`
✔ [8837/9012] Built Zeta23.XiPrime.Coeff.LSeries (4.9s)
✔ [8838/9012] Built Zeta23.XiPrime.Coeff.Tail (8.2s)
ℹ [8839/9012] Built Zeta23.XiPrime.Coeff.ReexpansionGen (6.1s)
info: Zeta23/XiPrime/Coeff/ReexpansionGen.lean:223:73: Try this:
  [apply] ring_nf
  
  The `ring` tactic failed to close the goal. Use `ring_nf` to obtain a normal form.
    
  Note that `ring` works primarily in *commutative* rings. If you have a noncommutative ring, abelian group or module, consider using `noncomm_ring`, `abel` or `module` instead.
✔ [8840/9012] Built Zeta23.ZeroSide.Mult (4.7s)
⚠ [8841/9012] Built Zeta23.RvM.ReZeroCount (35s)
warning: Zeta23/RvM/ReZeroCount.lean:272:15: `ENat.toNat_coe` has been deprecated: Use `ENat.toNat_natCast` instead
✔ [8842/9012] Built Zeta23.ZeroSide.Final (7.2s)
⚠ [8843/9012] Built Zeta23.WeilEF.ZeroSummability (7.9s)
warning: Zeta23/WeilEF/ZeroSummability.lean:189:4: `Set.mem_setOf_eq` has been deprecated: Use `Set.mem_ofPred_eq` instead
✔ [8844/9012] Built Zeta23.Tail.Package (8.0s)
✔ [8845/9012] Built Zeta23.Assembly.Certificate (6.2s)
⚠ [8846/9012] Built Zeta23.XiPrime.Transfer.Abstract (8.8s)
warning: Zeta23/XiPrime/Transfer/Abstract.lean:100:11: `tendsto_finset_sum` has been deprecated: Use `tendsto_finsetSum` instead
warning: Zeta23/XiPrime/Transfer/Abstract.lean:100:43: `tendsto_finset_sum` has been deprecated: Use `tendsto_finsetSum` instead
⚠ [8847/9012] Built Zeta23.ThmD.PP (18s)
warning: Zeta23/ThmD/PP.lean:270:29: `Set.mem_setOf_eq` has been deprecated: Use `Set.mem_ofPred_eq` instead
warning: Zeta23/ThmD/PP.lean:276:29: `Set.mem_setOf_eq` has been deprecated: Use `Set.mem_ofPred_eq` instead
✔ [8848/9012] Built Zeta23.GammaFacts.Complete (5.1s)
✔ [8849/9012] Built Zeta23.WeilEF.GoodHeights (26s)
✔ [8850/9012] Built Zeta23.ThmD.AssemblyD (11s)
✔ [8851/9012] Built Zeta23.ThmE.BacklundChi (12s)
✔ [8852/9012] Built Zeta23.ThmE.FoldChi (9.8s)
✔ [8853/9012] Built Zeta23.ThmE.AssemblyQ (34s)
✔ [8854/9012] Built Zeta23.XiPrime.Hardy.Basic (9.9s)
✔ [8855/9012] Built Zeta23.ThmE.GammaSideChi (9.6s)
✔ [8856/9012] Built Zeta23.PrimeSideA.EndsNu (33s)
✔ [8857/9012] Built Zeta23.XiPrime.Window.FlatAdm (10s)
✔ [8858/9012] Built Zeta23.ThmD.WindowLocalHyps (9.0s)
✔ [8859/9012] Built Zeta23.PairCeiling.CeilingLaw256 (3.6s)
⚠ [8860/9012] Built Zeta23.XiPrime.QuarticWindow.ModWindow (18s)
warning: Zeta23/XiPrime/QuarticWindow/ModWindow.lean:87:17: `Set.mem_setOf_eq` has been deprecated: Use `Set.mem_ofPred_eq` instead
✔ [8861/9012] Built Zeta23.ThmE.VerticalLineChi (6.3s)
⚠ [8862/9012] Built Zeta23.Assembly.SeamMult (5.9s)
warning: Zeta23/Assembly/SeamMult.lean:26:0: automatically included section variable(s) unused in theorem `Zeta23.Assembly.ctr_sub_frobSq_perturb`:
  [DecidableEq n]
consider restructuring your `variable` declarations so that the variables are not in scope or explicitly omit them:
  omit [DecidableEq n] in theorem ...

Note: This linter can be disabled with `set_option linter.unusedSectionVars false`
✔ [8863/9012] Built Zeta23.XiPrime.Coeff.DiagLaw (14s)
✔ [8864/9012] Built Zeta23.RvM.Backlund (9.0s)
✔ [8865/9012] Built Zeta23.WeilEF.ZeroSummabilityGen (4.3s)
⚠ [8866/9012] Built Zeta23.WindowD (5.8s)
warning: Zeta23/WindowD.lean:122:34: `Set.mem_setOf_eq` has been deprecated: Use `Set.mem_ofPred_eq` instead
warning: Zeta23/WindowD.lean:127:6: `Set.mem_setOf_eq` has been deprecated: Use `Set.mem_ofPred_eq` instead
✔ [8867/9012] Built Zeta23.Main (11s)
✔ [8868/9012] Built Zeta23.ThmE.LocalCountChi (27s)
✔ [8869/9012] Built Zeta23.Assembly.CertificateC3 (8.8s)
⚠ [8870/9012] Built Zeta23.WeilEF.Contour (5.8s)
warning: Zeta23/WeilEF/Contour.lean:69:15: `Set.mem_setOf_eq` has been deprecated: Use `Set.mem_ofPred_eq` instead
✔ [8871/9012] Built Zeta23.ThmDE.TracesHyp (11s)
⚠ [8872/9012] Built Zeta23.XiPrime.PrimeSide.Traces (28s)
warning: Zeta23/XiPrime/PrimeSide/Traces.lean:359:72: Used `tac1 <;> tac2` where `(tac1; tac2)` would suffice

Note: This linter can be disabled with `set_option linter.unnecessarySeqFocus false`
warning: Zeta23/XiPrime/PrimeSide/Traces.lean:361:72: Used `tac1 <;> tac2` where `(tac1; tac2)` would suffice

Note: This linter can be disabled with `set_option linter.unnecessarySeqFocus false`
warning: Zeta23/XiPrime/PrimeSide/Traces.lean:364:72: Used `tac1 <;> tac2` where `(tac1; tac2)` would suffice

Note: This linter can be disabled with `set_option linter.unnecessarySeqFocus false`
warning: Zeta23/XiPrime/PrimeSide/Traces.lean:367:72: Used `tac1 <;> tac2` where `(tac1; tac2)` would suffice

Note: This linter can be disabled with `set_option linter.unnecessarySeqFocus false`
warning: Zeta23/XiPrime/PrimeSide/Traces.lean:369:72: Used `tac1 <;> tac2` where `(tac1; tac2)` would suffice

Note: This linter can be disabled with `set_option linter.unnecessarySeqFocus false`
warning: Zeta23/XiPrime/PrimeSide/Traces.lean:372:72: Used `tac1 <;> tac2` where `(tac1; tac2)` would suffice

Note: This linter can be disabled with `set_option linter.unnecessarySeqFocus false`
warning: Zeta23/XiPrime/PrimeSide/Traces.lean:395:15: Used `tac1 <;> tac2` where `(tac1; tac2)` would suffice

Note: This linter can be disabled with `set_option linter.unnecessarySeqFocus false`
warning: Zeta23/XiPrime/PrimeSide/Traces.lean:418:11: Used `tac1 <;> tac2` where `(tac1; tac2)` would suffice

Note: This linter can be disabled with `set_option linter.unnecessarySeqFocus false`
warning: Zeta23/XiPrime/PrimeSide/Traces.lean:435:75: Used `tac1 <;> tac2` where `(tac1; tac2)` would suffice

Note: This linter can be disabled with `set_option linter.unnecessarySeqFocus false`
warning: Zeta23/XiPrime/PrimeSide/Traces.lean:437:80: Used `tac1 <;> tac2` where `(tac1; tac2)` would suffice

Note: This linter can be disabled with `set_option linter.unnecessarySeqFocus false`
warning: Zeta23/XiPrime/PrimeSide/Traces.lean:464:13: Used `tac1 <;> tac2` where `(tac1; tac2)` would suffice

Note: This linter can be disabled with `set_option linter.unnecessarySeqFocus false`
✔ [8873/9012] Built Zeta23.ThmE.GzGpChi (4.1s)
⚠ [8874/9012] Built Zeta23.XiPrime.Hardy.ZFunction (7.4s)
warning: Zeta23/XiPrime/Hardy/ZFunction.lean:60:37: Used `tac1 <;> tac2` where `(tac1; tac2)` would suffice

Note: This linter can be disabled with `set_option linter.unnecessarySeqFocus false`
warning: Zeta23/XiPrime/Hardy/ZFunction.lean:322:63: `ENat.one_le_iff_ne_zero` has been deprecated: Use `Order.one_le_iff_ne_zero` instead

Note: The updated constant has a different type:
  ∀ {α : Type u_1} {x : α} [inst : PartialOrder α] [inst_1 : AddMonoidWithOne α] [NeZero 1] [SuccAddOrder α]
    [IsBotZeroClass α], 1 ≤ x ↔ x ≠ 0
instead of
  ∀ {n : ℕ∞}, 1 ≤ n ↔ n ≠ 0

Note: The updated constant is in a different namespace. Dot notation may need to be changed (e.g., from `x.one_le_iff_ne_zero` to `Order.one_le_iff_ne_zero x`).
✔ [8875/9012] Built Zeta23.ThmE.IntMuChi (126s)
⚠ [8876/9012] Built Zeta23.ThmE.ReZeroCountChi (33s)
warning: Zeta23/ThmE/ReZeroCountChi.lean:204:15: `ENat.toNat_coe` has been deprecated: Use `ENat.toNat_natCast` instead
✔ [8877/9012] Built Zeta23.ThmD.BridgeD (11s)
✔ [8878/9012] Built Zeta23.PairCeiling.Signed (6.5s)
✔ [8879/9012] Built Zeta23.PrimeSideA.EndsE2 (18s)
⚠ [8880/9012] Built Zeta23.ThmE.ContourChi (6.0s)
warning: Zeta23/ThmE/ContourChi.lean:74:15: `Set.mem_setOf_eq` has been deprecated: Use `Set.mem_ofPred_eq` instead
✔ [8881/9012] Built Zeta23.ThmD.Traces (66s)
✔ [8882/9012] Built Zeta23.XiPrime.CertificateFn (11s)
✔ [8883/9012] Built Zeta23.XiPrime.Coeff.LayerOne (30s)
✔ [8884/9012] Built Zeta23.WeilEF.ZeroSumLimit (10s)
✔ [8885/9012] Built Zeta23.RvM.MainTerm (40s)
ℹ [8886/9012] Built Zeta23.ThmE.GammaFactsChiProof (14s)
info: Zeta23/ThmE/GammaFactsChiProof.lean:208:47: Try this:
  [apply] ring_nf
  
  The `ring` tactic failed to close the goal. Use `ring_nf` to obtain a normal form.
    
  Note that `ring` works primarily in *commutative* rings. If you have a noncommutative ring, abelian group or module, consider using `noncomm_ring`, `abel` or `module` instead.
info: Zeta23/ThmE/GammaFactsChiProof.lean:272:17: Try this:
  [apply] ring_nf
  
  The `ring` tactic failed to close the goal. Use `ring_nf` to obtain a normal form.
    
  Note that `ring` works primarily in *commutative* rings. If you have a noncommutative ring, abelian group or module, consider using `noncomm_ring`, `abel` or `module` instead.
✔ [8887/9012] Built Zeta23.WeilEF.FullLine (19s)
✔ [8888/9012] Built Zeta23.ThmD.ParamsD (6.0s)
✔ [8889/9012] Built Zeta23.PrimeSideA.Ends (8.8s)
✔ [8890/9012] Built Zeta23.RvM.Statement (3.7s)
⚠ [8891/9012] Built Zeta23.Tail.GevreyTail (62s)
warning: Zeta23/Tail/GevreyTail.lean:119:4: `push_neg` has been deprecated. Prefer using `push Not` instead.
If you'd rather continue using `push_neg` in your project, you can implement it as follows:
```
open Lean.Parser.Tactic in
macro "push_neg" cfg:optConfig loc:(location)? : tactic =>
  `(tactic| push $cfg:optConfig Not $[$loc]?)
```
warning: Zeta23/Tail/GevreyTail.lean:256:6: `push_neg` has been deprecated. Prefer using `push Not` instead.
If you'd rather continue using `push_neg` in your project, you can implement it as follows:
```
open Lean.Parser.Tactic in
macro "push_neg" cfg:optConfig loc:(location)? : tactic =>
  `(tactic| push $cfg:optConfig Not $[$loc]?)
```
warning: Zeta23/Tail/GevreyTail.lean:350:61: Variable name `hx₀` is not explicitly referenced.

Hint: The binding can be removed (if unused) or named `_` (if used implicitly). Alternatively, prefix the name with `_` to silence this warning:
  [apply] _hx₀

Note: This linter can be disabled with `set_option linter.unusedVariables false`
warning: Zeta23/Tail/GevreyTail.lean:583:5: Variable name `hKg` is not explicitly referenced.

Hint: The binding can be removed (if unused) or named `_` (if used implicitly). Alternatively, prefix the name with `_` to silence this warning:
  [apply] _hKg

Note: This linter can be disabled with `set_option linter.unusedVariables false`
warning: Zeta23/Tail/GevreyTail.lean:713:12: this tactic is never executed

Note: This linter can be disabled with `set_option linter.unreachableTactic false`
warning: Zeta23/Tail/GevreyTail.lean:713:2: 'all_goals ring' tactic does nothing

Note: This linter can be disabled with `set_option linter.unusedTactic false`
warning: Zeta23/Tail/GevreyTail.lean:796:54: Variable name `hD` is not explicitly referenced.

Hint: The binding can be removed (if unused) or named `_` (if used implicitly). Alternatively, prefix the name with `_` to silence this warning:
  [apply] _hD

Note: This linter can be disabled with `set_option linter.unusedVariables false`
warning: Zeta23/Tail/GevreyTail.lean:910:8: `push_neg` has been deprecated. Prefer using `push Not` instead.
If you'd rather continue using `push_neg` in your project, you can implement it as follows:
```
open Lean.Parser.Tactic in
macro "push_neg" cfg:optConfig loc:(location)? : tactic =>
  `(tactic| push $cfg:optConfig Not $[$loc]?)
```
warning: Zeta23/Tail/GevreyTail.lean:1409:13: `Set.mem_setOf_eq` has been deprecated: Use `Set.mem_ofPred_eq` instead
warning: Zeta23/Tail/GevreyTail.lean:1478:0: automatically included section variable(s) unused in theorem `Zeta23.Tail.TailHypG.c2_pos`:
  H
consider restructuring your `variable` declarations so that the variables are not in scope or explicitly omit them:
  omit H in theorem ...

Note: This linter can be disabled with `set_option linter.unusedSectionVars false`
warning: Zeta23/Tail/GevreyTail.lean:1636:17: `Set.mem_setOf_eq` has been deprecated: Use `Set.mem_ofPred_eq` instead
✔ [8892/9012] Built Zeta23.ThmE.FullLineChi (25s)
✔ [8893/9012] Built Zeta23.WeilEF.Horizontal (14s)
⚠ [8894/9012] Built Zeta23.WeilEF.Effective (26s)
warning: Zeta23/WeilEF/Effective.lean:624:30: This simp argument is unused:
  Complex.div_re

Hint: Omit it from the simp argument list.
  [apply] simp [Complex.neg_re]

Note: This linter can be disabled with `set_option linter.unusedSimpArgs false`
warning: Zeta23/WeilEF/Effective.lean:669:14: This simp argument is unused:
  Complex.norm_ofNat

Hint: Omit it from the simp argument list.
  [apply] simp

Note: This linter can be disabled with `set_option linter.unusedSimpArgs false`
warning: Zeta23/WeilEF/Effective.lean:717:23: 'first
| assumption
| positivity' tactic does nothing

Note: This linter can be disabled with `set_option linter.unusedTactic false`
warning: Zeta23/WeilEF/Effective.lean:759:23: 'first
| assumption
| positivity' tactic does nothing

Note: This linter can be disabled with `set_option linter.unusedTactic false`
warning: Zeta23/WeilEF/Effective.lean:717:23: this tactic is never executed

Note: This linter can be disabled with `set_option linter.unreachableTactic false`
warning: Zeta23/WeilEF/Effective.lean:759:23: this tactic is never executed

Note: This linter can be disabled with `set_option linter.unreachableTactic false`
warning: Zeta23/WeilEF/Effective.lean:912:17: 'linarith' tactic does nothing

Note: This linter can be disabled with `set_option linter.unusedTactic false`
warning: Zeta23/WeilEF/Effective.lean:912:17: this tactic is never executed

Note: This linter can be disabled with `set_option linter.unreachableTactic false`
✔ [8895/9012] Built Zeta23.XiPrime.Coeff.H3 (53s)
✔ [8896/9012] Built Zeta23.ThmDE.Endgame (18s)
✔ [8897/9012] Built Zeta23.XiPrime.QuarticWindow.Params (7.2s)
✔ [8898/9012] Built Zeta23.ThmD.Endgame (18s)
✔ [8899/9012] Built Zeta23.ThmD.ZeroSideD (7.5s)
✔ [8900/9012] Built Zeta23.ThmE.FullLineChiFold (7.6s)
✔ [8901/9012] Built Zeta23.ThmE.MainTermChi (74s)
✔ [8902/9012] Built Zeta23.WeilEF.FullLineAssembly (9.1s)
✔ [8903/9012] Built Zeta23.ThmE.FullLineChiProof (24s)
⚠ [8904/9012] Built Zeta23.XiPrime.Seam (7.0s)
warning: Zeta23/XiPrime/Seam.lean:172:8: `ENat.coe_toNat` has been deprecated: Use `ENat.natCast_toNat` instead
✔ [8905/9012] Built Zeta23.XiPrime.Coeff (6.4s)
✔ [8906/9012] Built Zeta23.ThmDE.ZeroSide (14s)
✔ [8907/9012] Built Zeta23.XiPrime.QuarticWindow.Quartic (19s)
✔ [8908/9012] Built Zeta23.ThmE.RvMChi (5.4s)
ℹ [8909/9012] Built Zeta23.WeilEF.Main (7.3s)
info: Zeta23/WeilEF/Main.lean:38:2: Try this:
  [apply] ring_nf
  
  The `ring` tactic failed to close the goal. Use `ring_nf` to obtain a normal form.
    
  Note that `ring` works primarily in *commutative* rings. If you have a noncommutative ring, abelian group or module, consider using `noncomm_ring`, `abel` or `module` instead.
⚠ [8910/9012] Built Zeta23.XiPrime.ZeroCount.Basic (3.2s)
warning: Zeta23/XiPrime/ZeroCount/Basic.lean:30:47: `Set.mem_setOf_eq` has been deprecated: Use `Set.mem_ofPred_eq` instead
warning: Zeta23/XiPrime/ZeroCount/Basic.lean:78:53: `Set.mem_setOf_eq` has been deprecated: Use `Set.mem_ofPred_eq` instead
✔ [8911/9012] Built Zeta23.ThmE.HorizontalChi (12s)
✔ [8912/9012] Built Zeta23.XiPrime.ZeroCount.Y (15s)
✔ [8913/9012] Built Zeta23.XiPrime.QuarticWindow.Moments (14s)
✔ [8914/9012] Built Zeta23.XiPrime.ExplicitFormula (3.4s)
ℹ [8915/9012] Built Zeta23.PrimeSideA (89s)
info: Zeta23/PrimeSideA.lean:372:0: lem_ends : ∀ (cϱ lam : ℝ),
  GammaFacts →
    ChebyshevMertens →
      0 < lam ∧ lam ≤ 1 →
        ∃ C, EventuallyAtCore cϱ lam fun p F ↦ |trGt2A p F - MtotalA p F| ≤ C * (p.L * p.l * log p.l * (p.l ^ 2 + p.X))
info: Zeta23/PrimeSideA.lean:398:0: prop_mumu : ∀ (cϱ lam : ℝ),
  GammaFacts →
    ChebyshevMertens →
      0 < lam ∧ lam ≤ 1 →
        ∃ C,
          EventuallyAtCore cϱ lam fun p F ↦
            |Mform F.Phi p.T mu mu - 2 * π * F.b * p.L * ∫ (τ : ℝ) in p.T..2 * p.T, mu τ ^ 2| ≤ C * (p.l ^ 2 * log p.L)
info: Zeta23/PrimeSideA.lean:404:0: prop_cross_muP : ∀ (cϱ lam : ℝ),
  GammaFacts →
    ChebyshevMertens →
      0 < lam ∧ lam ≤ 1 → ∃ C, EventuallyAtCore cϱ lam fun p F ↦ |Mform F.Phi p.T mu (PX p.X)| ≤ C * (p.l * √p.X)
✔ [8916/9012] Built Zeta23.XiPrime.ExplicitFormula.DirichletLine (4.1s)
✔ [8917/9012] Built Zeta23.ThmE.FullLineChiAssembly (8.0s)
⚠ [8918/9012] Built Zeta23.XiPrime.ZeroCount.Generic (17s)
warning: Zeta23/XiPrime/ZeroCount/Generic.lean:234:8: `intervalIntegral.integral_finset_sum` has been deprecated: Use `intervalIntegral.integral_finsetSum` instead
✔ [8919/9012] Built Zeta23.XiPrime.Hardy.TwoLine (7.1s)
✔ [8920/9012] Built Zeta23.XiPrime.ExplicitFormula.GramBridge (4.3s)
✔ [8921/9012] Built Zeta23.XiPrime.ExplicitFormula.FamilyFacts (9.5s)
⚠ [8922/9012] Built Zeta23.XiPrime.ExplicitFormula.TestWeight (14s)
warning: Zeta23/XiPrime/ExplicitFormula/TestWeight.lean:903:13: `Set.mem_setOf_eq` has been deprecated: Use `Set.mem_ofPred_eq` instead
warning: Zeta23/XiPrime/ExplicitFormula/TestWeight.lean:912:13: `Set.mem_setOf_eq` has been deprecated: Use `Set.mem_ofPred_eq` instead
warning: Zeta23/XiPrime/ExplicitFormula/TestWeight.lean:945:11: `HasSubset.Subset.eventuallyLE` has been deprecated: Use `LE.le.eventuallyLE` instead

Note: The updated constant is in a different namespace. Dot notation may need to be changed (e.g., from `x.eventuallyLE` to `LE.le.eventuallyLE x`).
warning: Zeta23/XiPrime/ExplicitFormula/TestWeight.lean:983:11: `HasSubset.Subset.eventuallyLE` has been deprecated: Use `LE.le.eventuallyLE` instead

Note: The updated constant is in a different namespace. Dot notation may need to be changed (e.g., from `x.eventuallyLE` to `LE.le.eventuallyLE x`).
⚠ [8923/9012] Built Zeta23.XiPrime.ExplicitFormula.EntryError (6.9s)
warning: Zeta23/XiPrime/ExplicitFormula/EntryError.lean:121:82: Variable name `hb` is not explicitly referenced.

Hint: The binding can be removed (if unused) or named `_` (if used implicitly). Alternatively, prefix the name with `_` to silence this warning:
  [apply] _hb

Note: This linter can be disabled with `set_option linter.unusedVariables false`
✔ [8924/9012] Built Zeta23.XiPrime.ZeroCount.GenericRvM (41s)
⚠ [8925/9012] Built Zeta23.XiPrime.ExplicitFormula.Contour (3.8s)
warning: Zeta23/XiPrime/ExplicitFormula/Contour.lean:94:31: `Set.mem_setOf_eq` has been deprecated: Use `Set.mem_ofPred_eq` instead
✔ [8926/9012] Built Zeta23.PrimeSideB.Traces (15s)
✔ [8927/9012] Built Zeta23.XiPrime.ExplicitFormula.ZeroFree (21s)
✔ [8928/9012] Built Zeta23.XiPrime.ExplicitFormula.Expansion (30s)
✔ [8929/9012] Built Zeta23.XiPrime.ZeroCount.Landau (3.3s)
⚠ [8930/9012] Built Zeta23.XiPrime.Hardy.EFContour.Analytic (4.4s)
warning: Zeta23/XiPrime/Hardy/EFContour/Analytic.lean:237:32: `Set.mem_setOf_eq` has been deprecated: Use `Set.mem_ofPred_eq` instead
⚠ [8931/9012] Built Zeta23.XiPrime.PrimeSide.Density (8.6s)
warning: Zeta23/XiPrime/PrimeSide/Density.lean:248:62: Used `tac1 <;> tac2` where `(tac1; tac2)` would suffice

Note: This linter can be disabled with `set_option linter.unnecessarySeqFocus false`
⚠ [8932/9012] Built Zeta23.XiPrime.Hardy.Seam (3.7s)
warning: Zeta23/XiPrime/Hardy/Seam.lean:56:22: `ENat.coe_toNat` has been deprecated: Use `ENat.natCast_toNat` instead
✔ [8933/9012] Built Zeta23.XiPrime.Hardy.GramBridgeW (3.5s)
✔ [8934/9012] Built Zeta23.XiPrime.Hardy.EFWeights (5.5s)
⚠ [8935/9012] Built Zeta23.XiPrime.ZeroCount.Contour (3.8s)
warning: Zeta23/XiPrime/ZeroCount/Contour.lean:35:33: `Set.Infinite.diff` has been deprecated: Use `Set.Infinite.sdiff` instead
✔ [8936/9012] Built Zeta23.ThmD.Concrete (8.4s)
✔ [8937/9012] Built Zeta23.PrimeSideB.Final (6.8s)
✔ [8938/9012] Built Zeta23.XiPrime.ExplicitFormula.LineBound (5.3s)
⚠ [8939/9012] Built Zeta23.XiPrime.Hardy.EFBasic (7.2s)
warning: Zeta23/XiPrime/Hardy/EFBasic.lean:291:21: `Set.mem_setOf_eq` has been deprecated: Use `Set.mem_ofPred_eq` instead
warning: Zeta23/XiPrime/Hardy/EFBasic.lean:273:27: Used `tac1 <;> tac2` where `(tac1; tac2)` would suffice

Note: This linter can be disabled with `set_option linter.unnecessarySeqFocus false`
warning: Zeta23/XiPrime/Hardy/EFBasic.lean:273:44: Used `tac1 <;> tac2` where `(tac1; tac2)` would suffice

Note: This linter can be disabled with `set_option linter.unnecessarySeqFocus false`
✔ [8940/9012] Built Zeta23.XiPrime.Hardy.EFContour.Poles (4.5s)
✔ [8941/9012] Built Zeta23.XiPrime.Transfer.Inputs (6.6s)
✔ [8942/9012] Built Zeta23.XiPrime.Hardy.ZeroFree (23s)
✔ [8943/9012] Built Zeta23.XiPrime.Hardy.Omega (3.9s)
⚠ [8944/9012] Built Zeta23.XiPrime.PrimeSide.Cross (9.4s)
warning: Zeta23/XiPrime/PrimeSide/Cross.lean:51:10: `MeasureTheory.integral_finset_sum` has been deprecated: Use `MeasureTheory.integral_finsetSum` instead
warning: Zeta23/XiPrime/PrimeSide/Cross.lean:71:58: Variable name `hlam` is not explicitly referenced.

Hint: The binding can be removed (if unused) or named `_` (if used implicitly). Alternatively, prefix the name with `_` to silence this warning:
  [apply] _hlam

Note: This linter can be disabled with `set_option linter.unusedVariables false`
warning: Zeta23/XiPrime/PrimeSide/Cross.lean:165:19: Used `tac1 <;> tac2` where `(tac1; tac2)` would suffice

Note: This linter can be disabled with `set_option linter.unnecessarySeqFocus false`
✔ [8945/9012] Built Zeta23.XiPrime.ZeroCount.Sides (4.0s)
✔ [8946/9012] Built Zeta23.ThmD.Limit (7.8s)
✔ [8947/9012] Built Zeta23.Final (9.0s)
✔ [8948/9012] Built Zeta23.XiPrime.Coeff.Reexpansion (10s)
✔ [8949/9012] Built Zeta23.XiPrime.Transfer.InputsW (9.3s)
✔ [8950/9012] Built Zeta23.XiPrime.Hardy.EFExpansion (18s)
⚠ [8951/9012] Built Zeta23.XiPrime.Hardy.Contour (4.0s)
warning: Zeta23/XiPrime/Hardy/Contour.lean:39:33: `Set.Infinite.diff` has been deprecated: Use `Set.Infinite.sdiff` instead
warning: Zeta23/XiPrime/Hardy/Contour.lean:113:25: `Set.mem_setOf_eq` has been deprecated: Use `Set.mem_ofPred_eq` instead
✔ [8952/9012] Built Zeta23.XiPrime.ZeroCount (3.9s)
✔ [8953/9012] Built Zeta23.ThmDE.Limit (6.9s)
✔ [8954/9012] Built Zeta23.XiPrime.Window (12s)
✔ [8955/9012] Built Zeta23.FinalMult (14s)
✔ [8956/9012] Built Zeta23.ThmD.Final (9.5s)
✔ [8957/9012] Built Zeta23.Unconditional (5.5s)
✔ [8958/9012] Built Zeta23.XiPrime.Coeff.ReexpansionW (4.9s)
✔ [8959/9012] Built Zeta23.XiPrime.Hardy.Count (4.1s)
✔ [8960/9012] Built Zeta23.XiPrime.ZeroCount.GoodHeights (5.2s)
✔ [8961/9012] Built Zeta23.XiPrime.Certificate (6.2s)
✔ [8962/9012] Built Zeta23.XiPrime.Window.Quartic (6.6s)
✔ [8963/9012] Built Zeta23.ThmE.PrimeSideChi (235s)
✔ [8964/9023] Built Zeta23.XiPrime.Hardy.GoodHeightsW (9.8s)
✔ [8965/9023] Built Zeta23.XiPrime.Assembly (15s)
✔ [8966/9023] Built Zeta23.XiPrime.ExplicitFormula.FullLine (11s)
✔ [8967/9023] Built Zeta23.ThmD.Mult (18s)
✔ [8968/9023] Built Zeta23.ThmE.CrossMuPChi (16s)
⚠ [8969/9023] Built Zeta23.ThmE.EFLitChi (14s)
warning: Zeta23/ThmE/EFLitChi.lean:130:24: Variable name `q` is not explicitly referenced.

Hint: The binding can be removed (if unused) or named `_` (if used implicitly). Alternatively, prefix the name with `_` to silence this warning:
  [apply] _q

Note: This linter can be disabled with `set_option linter.unusedVariables false`
✔ [8970/9024] Built Zeta23.ThmE.PPChi (26s)
⚠ [8971/9024] Built Zeta23.XiPrime.PrimeSide.Trace (33s)
warning: Zeta23/XiPrime/PrimeSide/Trace.lean:58:10: `MeasureTheory.integral_finset_sum` has been deprecated: Use `MeasureTheory.integral_finsetSum` instead
✔ [8972/9024] Built Zeta23.XiPrime.FamilyFlat (9.7s)
✔ [8973/9024] Built Zeta23.ThmE.MuMuChi (24s)
✔ [8974/9024] Built Zeta23.XiPrime.FamilyHyps (8.7s)
✔ [8975/9024] Built Zeta23.Taper.GevreyProduct (20s)
✔ [8976/9024] Built Zeta23.XiPrime.QuarticWindow.ZeroSide (9.4s)
✔ [8977/9024] Built Zeta23.XiPrime.Hardy.EFContour.Limit (5.4s)
⚠ [8978/9024] Built Zeta23.XiPrime.Hardy.EFContour.Rectangle (6.6s)
warning: Zeta23/XiPrime/Hardy/EFContour/Rectangle.lean:201:8: `ENat.coe_toNat` has been deprecated: Use `ENat.natCast_toNat` instead
warning: Zeta23/XiPrime/Hardy/EFContour/Rectangle.lean:287:31: `Set.mem_setOf_eq` has been deprecated: Use `Set.mem_ofPred_eq` instead
✔ [8979/9024] Built Zeta23.XiPrime.ExplicitFormula.LitCorr (6.0s)
✔ [8980/9058] Built Zeta23.ThmDE.PP (7.2s)
✔ [8981/9058] Built Zeta23.ThmE.MainChi (10s)
⚠ [8982/9058] Built Zeta23.FromPNTPlus.MellinCalculus (15s)
warning: Zeta23/FromPNTPlus/MellinCalculus.lean:839:40: `Set.mem_setOf_eq` has been deprecated: Use `Set.mem_ofPred_eq` instead
warning: Zeta23/FromPNTPlus/MellinCalculus.lean:839:40: `Set.mem_setOf_eq` has been deprecated: Use `Set.mem_ofPred_eq` instead
⚠ [8983/9058] Built Zeta23.XiPrime.PrimeSide.PP (22s)
warning: Zeta23/XiPrime/PrimeSide/PP.lean:152:8: `MeasureTheory.integral_finset_sum` has been deprecated: Use `MeasureTheory.integral_finsetSum` instead
warning: Zeta23/XiPrime/PrimeSide/PP.lean:152:42: `MeasureTheory.integrable_finset_sum` has been deprecated: Use `MeasureTheory.integrable_finsetSum` instead
warning: Zeta23/XiPrime/PrimeSide/PP.lean:154:8: `MeasureTheory.integral_finset_sum` has been deprecated: Use `MeasureTheory.integral_finsetSum` instead
⚠ [8984/9058] Built Zeta23.XiPrime.Transfer.Dependence (22s)
warning: Zeta23/XiPrime/Transfer/Dependence.lean:171:10: `MeasureTheory.integral_finset_sum` has been deprecated: Use `MeasureTheory.integral_finsetSum` instead
✔ [8985/9058] Built Zeta23.ThmE.TracesChi (16s)
⚠ [8986/9058] Built Zeta23.XiPrime.FamilyHypsV (13s)
warning: Zeta23/XiPrime/FamilyHypsV.lean:223:11: `MeasureTheory.integrable_finset_sum` has been deprecated: Use `MeasureTheory.integrable_finsetSum` instead
warning: Zeta23/XiPrime/FamilyHypsV.lean:276:16: `MeasureTheory.integral_finset_sum` has been deprecated: Use `MeasureTheory.integral_finsetSum` instead
✔ [8987/9058] Built Zeta23.XiPrime.PrimeSide.Concrete (31s)
✔ [8988/9058] Built Zeta23.FromPNTPlus.Mathlib.Algebra.Notation.Support (1.2s)
✔ [8989/9058] Built Zeta23.XiPrime.Hardy.EFLitCorrW (5.5s)
⚠ [8990/9058] Built Zeta23.XiPrime.Hardy.EFContour (9.8s)
warning: Zeta23/XiPrime/Hardy/EFContour.lean:390:57: `Set.mem_setOf_eq` has been deprecated: Use `Set.mem_ofPred_eq` instead
⚠ [8991/9058] Built Zeta23.XiPrime.ExplicitFormula.JTerm (17s)
warning: Zeta23/XiPrime/ExplicitFormula/JTerm.lean:64:19: Variable name `hk` is not explicitly referenced.

Hint: The binding can be removed (if unused) or named `_` (if used implicitly). Alternatively, prefix the name with `_` to silence this warning:
  [apply] _hk

Note: This linter can be disabled with `set_option linter.unusedVariables false`
warning: Zeta23/XiPrime/ExplicitFormula/JTerm.lean:64:41: Variable name `hkc` is not explicitly referenced.

Hint: The binding can be removed (if unused) or named `_` (if used implicitly). Alternatively, prefix the name with `_` to silence this warning:
  [apply] _hkc

Note: This linter can be disabled with `set_option linter.unusedVariables false`
warning: Zeta23/XiPrime/ExplicitFormula/JTerm.lean:65:24: Variable name `hT` is not explicitly referenced.

Hint: The binding can be removed (if unused) or named `_` (if used implicitly). Alternatively, prefix the name with `_` to silence this warning:
  [apply] _hT

Note: This linter can be disabled with `set_option linter.unusedVariables false`
warning: Zeta23/XiPrime/ExplicitFormula/JTerm.lean:65:38: Variable name `ha` is not explicitly referenced.

Hint: The binding can be removed (if unused) or named `_` (if used implicitly). Alternatively, prefix the name with `_` to silence this warning:
  [apply] _ha

Note: This linter can be disabled with `set_option linter.unusedVariables false`
warning: Zeta23/XiPrime/ExplicitFormula/JTerm.lean:65:51: Variable name `hb` is not explicitly referenced.

Hint: The binding can be removed (if unused) or named `_` (if used implicitly). Alternatively, prefix the name with `_` to silence this warning:
  [apply] _hb

Note: This linter can be disabled with `set_option linter.unusedVariables false`
warning: Zeta23/XiPrime/ExplicitFormula/JTerm.lean:65:64: Variable name `hW` is not explicitly referenced.

Hint: The binding can be removed (if unused) or named `_` (if used implicitly). Alternatively, prefix the name with `_` to silence this warning:
  [apply] _hW

Note: This linter can be disabled with `set_option linter.unusedVariables false`
warning: Zeta23/XiPrime/ExplicitFormula/JTerm.lean:65:77: Variable name `hW'` is not explicitly referenced.

Hint: The binding can be removed (if unused) or named `_` (if used implicitly). Alternatively, prefix the name with `_` to silence this warning:
  [apply] _hW'

Note: This linter can be disabled with `set_option linter.unusedVariables false`
warning: Zeta23/XiPrime/ExplicitFormula/JTerm.lean:66:7: Variable name `hw1` is not explicitly referenced.

Hint: The binding can be removed (if unused) or named `_` (if used implicitly). Alternatively, prefix the name with `_` to silence this warning:
  [apply] _hw1

Note: This linter can be disabled with `set_option linter.unusedVariables false`
warning: Zeta23/XiPrime/ExplicitFormula/JTerm.lean:67:7: Variable name `hw2` is not explicitly referenced.

Hint: The binding can be removed (if unused) or named `_` (if used implicitly). Alternatively, prefix the name with `_` to silence this warning:
  [apply] _hw2

Note: This linter can be disabled with `set_option linter.unusedVariables false`
warning: Zeta23/XiPrime/ExplicitFormula/JTerm.lean:68:7: Variable name `hw1'` is not explicitly referenced.

Hint: The binding can be removed (if unused) or named `_` (if used implicitly). Alternatively, prefix the name with `_` to silence this warning:
  [apply] _hw1'

Note: This linter can be disabled with `set_option linter.unusedVariables false`
warning: Zeta23/XiPrime/ExplicitFormula/JTerm.lean:69:7: Variable name `hw2'` is not explicitly referenced.

Hint: The binding can be removed (if unused) or named `_` (if used implicitly). Alternatively, prefix the name with `_` to silence this warning:
  [apply] _hw2'

Note: This linter can be disabled with `set_option linter.unusedVariables false`
warning: Zeta23/XiPrime/ExplicitFormula/JTerm.lean:70:20: Variable name `hcs` is not explicitly referenced.

Hint: The binding can be removed (if unused) or named `_` (if used implicitly). Alternatively, prefix the name with `_` to silence this warning:
  [apply] _hcs

Note: This linter can be disabled with `set_option linter.unusedVariables false`
warning: Zeta23/XiPrime/ExplicitFormula/JTerm.lean:71:7: Variable name `hC1` is not explicitly referenced.

Hint: The binding can be removed (if unused) or named `_` (if used implicitly). Alternatively, prefix the name with `_` to silence this warning:
  [apply] _hC1

Note: This linter can be disabled with `set_option linter.unusedVariables false`
warning: Zeta23/XiPrime/ExplicitFormula/JTerm.lean:72:7: Variable name `hC1'` is not explicitly referenced.

Hint: The binding can be removed (if unused) or named `_` (if used implicitly). Alternatively, prefix the name with `_` to silence this warning:
  [apply] _hC1'

Note: This linter can be disabled with `set_option linter.unusedVariables false`
warning: Zeta23/XiPrime/ExplicitFormula/JTerm.lean:242:19: Variable name `hk` is not explicitly referenced.

Hint: The binding can be removed (if unused) or named `_` (if used implicitly). Alternatively, prefix the name with `_` to silence this warning:
  [apply] _hk

Note: This linter can be disabled with `set_option linter.unusedVariables false`
warning: Zeta23/XiPrime/ExplicitFormula/JTerm.lean:242:41: Variable name `hkc` is not explicitly referenced.

Hint: The binding can be removed (if unused) or named `_` (if used implicitly). Alternatively, prefix the name with `_` to silence this warning:
  [apply] _hkc

Note: This linter can be disabled with `set_option linter.unusedVariables false`
warning: Zeta23/XiPrime/ExplicitFormula/JTerm.lean:243:24: Variable name `hT` is not explicitly referenced.

Hint: The binding can be removed (if unused) or named `_` (if used implicitly). Alternatively, prefix the name with `_` to silence this warning:
  [apply] _hT

Note: This linter can be disabled with `set_option linter.unusedVariables false`
warning: Zeta23/XiPrime/ExplicitFormula/JTerm.lean:243:38: Variable name `ha` is not explicitly referenced.

Hint: The binding can be removed (if unused) or named `_` (if used implicitly). Alternatively, prefix the name with `_` to silence this warning:
  [apply] _ha

Note: This linter can be disabled with `set_option linter.unusedVariables false`
warning: Zeta23/XiPrime/ExplicitFormula/JTerm.lean:243:51: Variable name `hb` is not explicitly referenced.

Hint: The binding can be removed (if unused) or named `_` (if used implicitly). Alternatively, prefix the name with `_` to silence this warning:
  [apply] _hb

Note: This linter can be disabled with `set_option linter.unusedVariables false`
warning: Zeta23/XiPrime/ExplicitFormula/JTerm.lean:243:64: Variable name `hW` is not explicitly referenced.

Hint: The binding can be removed (if unused) or named `_` (if used implicitly). Alternatively, prefix the name with `_` to silence this warning:
  [apply] _hW

Note: This linter can be disabled with `set_option linter.unusedVariables false`
warning: Zeta23/XiPrime/ExplicitFormula/JTerm.lean:243:77: Variable name `hW'` is not explicitly referenced.

Hint: The binding can be removed (if unused) or named `_` (if used implicitly). Alternatively, prefix the name with `_` to silence this warning:
  [apply] _hW'

Note: This linter can be disabled with `set_option linter.unusedVariables false`
warning: Zeta23/XiPrime/ExplicitFormula/JTerm.lean:244:7: Variable name `hw1` is not explicitly referenced.

Hint: The binding can be removed (if unused) or named `_` (if used implicitly). Alternatively, prefix the name with `_` to silence this warning:
  [apply] _hw1

Note: This linter can be disabled with `set_option linter.unusedVariables false`
warning: Zeta23/XiPrime/ExplicitFormula/JTerm.lean:245:7: Variable name `hw2` is not explicitly referenced.

Hint: The binding can be removed (if unused) or named `_` (if used implicitly). Alternatively, prefix the name with `_` to silence this warning:
  [apply] _hw2

Note: This linter can be disabled with `set_option linter.unusedVariables false`
warning: Zeta23/XiPrime/ExplicitFormula/JTerm.lean:246:7: Variable name `hw1'` is not explicitly referenced.

Hint: The binding can be removed (if unused) or named `_` (if used implicitly). Alternatively, prefix the name with `_` to silence this warning:
  [apply] _hw1'

Note: This linter can be disabled with `set_option linter.unusedVariables false`
warning: Zeta23/XiPrime/ExplicitFormula/JTerm.lean:247:7: Variable name `hw2'` is not explicitly referenced.

Hint: The binding can be removed (if unused) or named `_` (if used implicitly). Alternatively, prefix the name with `_` to silence this warning:
  [apply] _hw2'

Note: This linter can be disabled with `set_option linter.unusedVariables false`
warning: Zeta23/XiPrime/ExplicitFormula/JTerm.lean:248:20: Variable name `hcs` is not explicitly referenced.

Hint: The binding can be removed (if unused) or named `_` (if used implicitly). Alternatively, prefix the name with `_` to silence this warning:
  [apply] _hcs

Note: This linter can be disabled with `set_option linter.unusedVariables false`
warning: Zeta23/XiPrime/ExplicitFormula/JTerm.lean:249:7: Variable name `hC1` is not explicitly referenced.

Hint: The binding can be removed (if unused) or named `_` (if used implicitly). Alternatively, prefix the name with `_` to silence this warning:
  [apply] _hC1

Note: This linter can be disabled with `set_option linter.unusedVariables false`
warning: Zeta23/XiPrime/ExplicitFormula/JTerm.lean:250:7: Variable name `hC1'` is not explicitly referenced.

Hint: The binding can be removed (if unused) or named `_` (if used implicitly). Alternatively, prefix the name with `_` to silence this warning:
  [apply] _hC1'

Note: This linter can be disabled with `set_option linter.unusedVariables false`
✔ [8992/9058] Built ZetaQ.Row2Numeric (24s)
✔ [8993/9058] Built ZetaQ.MuqUniform (35s)
✔ [8994/9058] Built ZetaQ.AbelLogPow (34s)
⚠ [8995/9058] Built Zeta23.ThmE.Main (7.7s)
warning: Zeta23/ThmE/Main.lean:190:0: automatically included section variable(s) unused in theorem `Zeta23.ThmE.eventually_GzGpChi`:
  [NeZero q]
consider restructuring your `variable` declarations so that the variables are not in scope or explicitly omit them:
  omit [NeZero q] in theorem ...

Note: This linter can be disabled with `set_option linter.unusedSectionVars false`
✔ [8996/9058] Built Zeta23.ThmDE.Traces (9.2s)
✔ [8997/9058] Built Zeta23.XiPrime.QuarticWindow.Family (6.1s)
✔ [8998/9058] Built ZetaQ.Row9Numeric (38s)
✔ [8999/9058] Built Zeta23.XiPrime.PrimeSide.Moments (7.9s)
✔ [9000/9058] Built Zeta23.FromPNTPlus.SmoothExistence (4.4s)
⚠ [9001/9058] Built Zeta23.XiPrime.Hardy.EFJTermW (3.9s)
warning: Zeta23/XiPrime/Hardy/EFJTermW.lean:44:19: Variable name `hk` is not explicitly referenced.

Hint: The binding can be removed (if unused) or named `_` (if used implicitly). Alternatively, prefix the name with `_` to silence this warning:
  [apply] _hk

Note: This linter can be disabled with `set_option linter.unusedVariables false`
warning: Zeta23/XiPrime/Hardy/EFJTermW.lean:44:41: Variable name `hkc` is not explicitly referenced.

Hint: The binding can be removed (if unused) or named `_` (if used implicitly). Alternatively, prefix the name with `_` to silence this warning:
  [apply] _hkc

Note: This linter can be disabled with `set_option linter.unusedVariables false`
warning: Zeta23/XiPrime/Hardy/EFJTermW.lean:45:24: Variable name `hT` is not explicitly referenced.

Hint: The binding can be removed (if unused) or named `_` (if used implicitly). Alternatively, prefix the name with `_` to silence this warning:
  [apply] _hT

Note: This linter can be disabled with `set_option linter.unusedVariables false`
warning: Zeta23/XiPrime/Hardy/EFJTermW.lean:45:38: Variable name `ha` is not explicitly referenced.

Hint: The binding can be removed (if unused) or named `_` (if used implicitly). Alternatively, prefix the name with `_` to silence this warning:
  [apply] _ha

Note: This linter can be disabled with `set_option linter.unusedVariables false`
warning: Zeta23/XiPrime/Hardy/EFJTermW.lean:45:51: Variable name `hb` is not explicitly referenced.

Hint: The binding can be removed (if unused) or named `_` (if used implicitly). Alternatively, prefix the name with `_` to silence this warning:
  [apply] _hb

Note: This linter can be disabled with `set_option linter.unusedVariables false`
warning: Zeta23/XiPrime/Hardy/EFJTermW.lean:45:64: Variable name `hW` is not explicitly referenced.

Hint: The binding can be removed (if unused) or named `_` (if used implicitly). Alternatively, prefix the name with `_` to silence this warning:
  [apply] _hW

Note: This linter can be disabled with `set_option linter.unusedVariables false`
warning: Zeta23/XiPrime/Hardy/EFJTermW.lean:45:77: Variable name `hW'` is not explicitly referenced.

Hint: The binding can be removed (if unused) or named `_` (if used implicitly). Alternatively, prefix the name with `_` to silence this warning:
  [apply] _hW'

Note: This linter can be disabled with `set_option linter.unusedVariables false`
warning: Zeta23/XiPrime/Hardy/EFJTermW.lean:46:7: Variable name `hw1` is not explicitly referenced.

Hint: The binding can be removed (if unused) or named `_` (if used implicitly). Alternatively, prefix the name with `_` to silence this warning:
  [apply] _hw1

Note: This linter can be disabled with `set_option linter.unusedVariables false`
warning: Zeta23/XiPrime/Hardy/EFJTermW.lean:47:7: Variable name `hw2` is not explicitly referenced.

Hint: The binding can be removed (if unused) or named `_` (if used implicitly). Alternatively, prefix the name with `_` to silence this warning:
  [apply] _hw2

Note: This linter can be disabled with `set_option linter.unusedVariables false`
warning: Zeta23/XiPrime/Hardy/EFJTermW.lean:48:7: Variable name `hw1'` is not explicitly referenced.

Hint: The binding can be removed (if unused) or named `_` (if used implicitly). Alternatively, prefix the name with `_` to silence this warning:
  [apply] _hw1'

Note: This linter can be disabled with `set_option linter.unusedVariables false`
warning: Zeta23/XiPrime/Hardy/EFJTermW.lean:49:7: Variable name `hw2'` is not explicitly referenced.

Hint: The binding can be removed (if unused) or named `_` (if used implicitly). Alternatively, prefix the name with `_` to silence this warning:
  [apply] _hw2'

Note: This linter can be disabled with `set_option linter.unusedVariables false`
warning: Zeta23/XiPrime/Hardy/EFJTermW.lean:50:20: Variable name `hcs` is not explicitly referenced.

Hint: The binding can be removed (if unused) or named `_` (if used implicitly). Alternatively, prefix the name with `_` to silence this warning:
  [apply] _hcs

Note: This linter can be disabled with `set_option linter.unusedVariables false`
warning: Zeta23/XiPrime/Hardy/EFJTermW.lean:51:7: Variable name `hC1` is not explicitly referenced.

Hint: The binding can be removed (if unused) or named `_` (if used implicitly). Alternatively, prefix the name with `_` to silence this warning:
  [apply] _hC1

Note: This linter can be disabled with `set_option linter.unusedVariables false`
warning: Zeta23/XiPrime/Hardy/EFJTermW.lean:52:7: Variable name `hC1'` is not explicitly referenced.

Hint: The binding can be removed (if unused) or named `_` (if used implicitly). Alternatively, prefix the name with `_` to silence this warning:
  [apply] _hC1'

Note: This linter can be disabled with `set_option linter.unusedVariables false`
✔ [9002/9058] Built Zeta23.ThmE.Final (8.5s)
✔ [9003/9058] Built Zeta23.XiPrime.ExplicitFormula.XiEFAssembly (18s)
✔ [9004/9058] Built Zeta23.ThmDE.Concrete (8.7s)
⚠ [9005/9058] Built Zeta23.XiPrime.PrimeSide.PPUpper (32s)
warning: Zeta23/XiPrime/PrimeSide/PPUpper.lean:57:18: Variable name `hlam` is not explicitly referenced.

Hint: The binding can be removed (if unused) or named `_` (if used implicitly). Alternatively, prefix the name with `_` to silence this warning:
  [apply] _hlam

Note: This linter can be disabled with `set_option linter.unusedVariables false`
✔ [9006/9058] Built Zeta23.XiPrime.QuarticWindow (5.0s)
✔ [9007/9058] Built Zeta23.ThmE.Mult (17s)
⚠ [9008/9058] Built Zeta23.XiPrime.Transfer (76s)
warning: Zeta23/XiPrime/Transfer.lean:718:31: This simp argument is unused:
  Matrix.diag_apply

Hint: Omit it from the simp argument list.
  [apply] simp only [Matrix.trace, map_sum, RCLike.re_to_complex, Complex.ofReal_re]

Note: This linter can be disabled with `set_option linter.unusedSimpArgs false`
warning: Zeta23/XiPrime/Transfer.lean:718:81: This simp argument is unused:
  Complex.ofReal_re

Hint: Omit it from the simp argument list.
  [apply] simp only [Matrix.trace, Matrix.diag_apply, map_sum, RCLike.re_to_complex]

Note: This linter can be disabled with `set_option linter.unusedSimpArgs false`
✔ [9009/9058] Built Zeta23.XiPrime.ExplicitFormula.Main (7.3s)
✔ [9010/9058] Built Zeta23.XiPrime.Hardy.EFMain (28s)
✔ [9011/9058] Built Zeta23.ThmDE.Final (8.3s)
✔ [9012/9058] Built Zeta23.XiPrime.PrimeSide.Final (7.3s)
✔ [9013/9189] Built Zeta23.XiPrime.Hardy.EFFinal (3.3s)
✔ [9014/9189] Built ChallengeDeps (8.5s)
⚠ [9015/9189] Built Zeta23.FromPNTPlus.MediumPNT (48s)
warning: Zeta23/FromPNTPlus/MediumPNT.lean:156:34: `Set.mem_setOf_eq` has been deprecated: Use `Set.mem_ofPred_eq` instead
warning: Zeta23/FromPNTPlus/MediumPNT.lean:1348:14: `Set.setOf_subset_setOf` has been deprecated: Use `Set.ofPred_subset_ofPred` instead
warning: Zeta23/FromPNTPlus/MediumPNT.lean:1354:32: `Set.setOf_subset_setOf` has been deprecated: Use `Set.ofPred_subset_ofPred` instead
warning: Zeta23/FromPNTPlus/MediumPNT.lean:1355:12: `Set.mem_setOf_eq` has been deprecated: Use `Set.mem_ofPred_eq` instead
warning: Zeta23/FromPNTPlus/MediumPNT.lean:3090:6: `Set.mem_setOf_eq` has been deprecated: Use `Set.mem_ofPred_eq` instead
info: Zeta23/FromPNTPlus/MediumPNT.lean:3731:0: 'MediumPNT' depends on axioms: [propext, Classical.choice, Quot.sound]
✔ [9016/9189] Built Zeta23.XiPrime.Transfer.W (17s)
✔ [9017/9189] Built Zeta23.ThmDE.Mult (18s)
ℹ [9018/9189] Built ZetaS.Window.ProfileMoments (15s)
info: ZetaS/Window/ProfileMoments.lean:184:0: 'ZetaS.ProfileMoments.av_close' depends on axioms: [propext, Classical.choice, Quot.sound]
info: ZetaS/Window/ProfileMoments.lean:185:0: 'ZetaS.ProfileMoments.bv_close' depends on axioms: [propext, Classical.choice, Quot.sound]
info: ZetaS/Window/ProfileMoments.lean:186:0: 'ZetaS.ProfileMoments.localHypsCore_eventually' depends on axioms: [propext, Classical.choice, Quot.sound]
✔ [9019/9253] Built ZetaS.Cert.CheckerBase (2.0s)
✔ [9020/9270] Built ZetaS.ZeroSide.Z9b0_Asymp (18s)
ℹ [9021/9270] Built ZetaS.Window.CosWindow (22s)
info: ZetaS/Window/CosWindow.lean:571:0: 'ZetaS.CosWindow.integral_cosW' depends on axioms: [propext, Classical.choice, Quot.sound]
info: ZetaS/Window/CosWindow.lean:572:0: 'ZetaS.CosWindow.integral_cosW_sq' depends on axioms: [propext, Classical.choice, Quot.sound]
info: ZetaS/Window/CosWindow.lean:573:0: 'ZetaS.CosWindow.jInt_cosW' depends on axioms: [propext, Classical.choice, Quot.sound]
info: ZetaS/Window/CosWindow.lean:574:0: 'ZetaS.CosWindow.Rquot_cosW' depends on axioms: [propext, Classical.choice, Quot.sound]
info: ZetaS/Window/CosWindow.lean:575:0: 'ZetaS.CosWindow.HC_eq' depends on axioms: [propext, Classical.choice, Quot.sound]
info: ZetaS/Window/CosWindow.lean:576:0: 'ZetaS.CosWindow.HC_eight_fifths' depends on axioms: [propext, Classical.choice, Quot.sound]
info: ZetaS/Window/CosWindow.lean:577:0: 'ZetaS.CosWindow.HC_37_25' depends on axioms: [propext, Classical.choice, Quot.sound]
info: ZetaS/Window/CosWindow.lean:578:0: 'ZetaS.CosWindow.sigma_K7' depends on axioms: [propext, Classical.choice, Quot.sound]
info: ZetaS/Window/CosWindow.lean:579:0: 'ZetaS.CosWindow.dist_K7' depends on axioms: [propext, Classical.choice, Quot.sound]
info: ZetaS/Window/CosWindow.lean:580:0: 'ZetaS.CosWindow.sigma_K5' depends on axioms: [propext, Classical.choice, Quot.sound]
info: ZetaS/Window/CosWindow.lean:581:0: 'ZetaS.CosWindow.dist_K5' depends on axioms: [propext, Classical.choice, Quot.sound]
info: ZetaS/Window/CosWindow.lean:582:0: 'ZetaS.CosWindow.admWindow_cos' depends on axioms: [propext, Classical.choice, Quot.sound]
info: ZetaS/Window/CosWindow.lean:583:0: 'ZetaS.CosWindow.admWindow_phiV_cos' depends on axioms: [propext, Classical.choice, Quot.sound]
✔ [9022/9270] Built ZetaS.ChallengeZetaS (8.3s)
✔ [9023/9270] Built CheckerBase (267ms)
✔ [9024/9270] Built ZetaS.Majorant.MajCheck (685ms)
✔ [9025/9270] Built Zeta23.XiPrime.Inputs (7.5s)
ℹ [9026/9270] Built ZetaS.Window.PolyWindow (35s)
info: ZetaS/Window/PolyWindow.lean:886:0: 'ZetaS.PolyWindow.psiTilde_pos_le' depends on axioms: [propext, Classical.choice, Quot.sound]
info: ZetaS/Window/PolyWindow.lean:887:0: 'ZetaS.PolyWindow.vP8_not_antitoneOn' depends on axioms: [propext, Classical.choice, Quot.sound]
info: ZetaS/Window/PolyWindow.lean:888:0: 'ZetaS.PolyWindow.tv_mul_ramp_le' depends on axioms: [propext, Classical.choice, Quot.sound]
info: ZetaS/Window/PolyWindow.lean:889:0: 'ZetaS.PolyWindow.integral_abs_deriv_phiP8_le' depends on axioms: [propext, Classical.choice, Quot.sound]
info: ZetaS/Window/PolyWindow.lean:890:0: 'ZetaS.PolyWindow.integral_abs_deriv_phiP8_sq_le' depends on axioms: [propext, Classical.choice, Quot.sound]
info: ZetaS/Window/PolyWindow.lean:891:0: 'ZetaS.PolyWindow.admWindow_phiP8' depends on axioms: [propext, Classical.choice, Quot.sound]
info: ZetaS/Window/PolyWindow.lean:892:0: 'ZetaS.PolyWindow.integral_vP8' depends on axioms: [propext, Classical.choice, Quot.sound]
info: ZetaS/Window/PolyWindow.lean:893:0: 'ZetaS.PolyWindow.integral_vP8_sq' depends on axioms: [propext, Classical.choice, Quot.sound]
info: ZetaS/Window/PolyWindow.lean:894:0: 'ZetaS.PolyWindow.vConv_vP8' depends on axioms: [propext, Classical.choice, Quot.sound]
info: ZetaS/Window/PolyWindow.lean:895:0: 'ZetaS.PolyWindow.jP8' depends on axioms: [propext, Classical.choice, Quot.sound]
info: ZetaS/Window/PolyWindow.lean:896:0: 'ZetaS.PolyWindow.H_P8' depends on axioms: [propext, Classical.choice, Quot.sound]
info: ZetaS/Window/PolyWindow.lean:897:0: 'ZetaS.PolyWindow.cRatio_scale' depends on axioms: [propext, Classical.choice, Quot.sound]
✔ [9027/9270] Built ZetaS.Top.KPsiCos (7.7s)
ℹ [9028/9270] Built ZetaS.Window.ProfileAutocorr (13s)
info: ZetaS/Window/ProfileAutocorr.lean:341:0: 'ZetaS.ProfileAutocorr.gv_close' depends on axioms: [propext, Classical.choice, Quot.sound]
info: ZetaS/Window/ProfileAutocorr.lean:342:0: 'ZetaS.ProfileAutocorr.tendsto_JTV' depends on axioms: [propext, Classical.choice, Quot.sound]
info: ZetaS/Window/ProfileAutocorr.lean:343:0: 'ZetaS.ProfileAutocorr.tendsto_cRatioV' depends on axioms: [propext, Classical.choice, Quot.sound]
✔ [9029/9270] Built ZetaS.Cert.CheckerLeaves (1.1s)
✔ [9030/9270] Built ZetaS.Top.TopDefs (8.2s)
✔ [9031/9270] Built ZetaS.Interfaces (11s)
✔ [9032/9270] Built ZetaS.Majorant.Shards.NMajS0 (13s)
✔ [9033/9270] Built ZetaS.Majorant.Shards.NPosS11 (16s)
✔ [9034/9270] Built ZetaS.Majorant.Shards.NPosS10 (16s)
✔ [9035/9270] Built ZetaS.Majorant.Shards.NPosS9 (12s)
✔ [9036/9270] Built ZetaS.Majorant.Shards.NPosS8 (10s)
✔ [9037/9270] Built ZetaS.Majorant.Shards.NPosS7 (10s)
✔ [9038/9270] Built ZetaS.Majorant.Shards.NPosS6 (10s)
✔ [9039/9270] Built ZetaS.Majorant.Shards.NPosS5 (10s)
✔ [9040/9270] Built ZetaS.Majorant.Shards.NPosS4 (10s)
✔ [9041/9270] Built ZetaS.Majorant.Shards.NPosS3 (10s)
✔ [9042/9270] Built ZetaS.Majorant.Shards.NPosS2 (11s)
✔ [9043/9270] Built ZetaS.Majorant.Shards.NPosS1 (10s)
✔ [9044/9270] Built ZetaS.Majorant.Shards.NPosS0 (11s)
✔ [9045/9270] Built CheckerLeaves (265ms)
ℹ [9046/9270] Built ZetaS.Window.WindowInstances (6.5s)
info: ZetaS/Window/WindowInstances.lean:100:0: 'ZetaS.WindowInstances.aP8_close' depends on axioms: [propext, Classical.choice, Quot.sound]
info: ZetaS/Window/WindowInstances.lean:101:0: 'ZetaS.WindowInstances.bP8_close' depends on axioms: [propext, Classical.choice, Quot.sound]
info: ZetaS/Window/WindowInstances.lean:102:0: 'ZetaS.WindowInstances.localHypsCoreP8_eventually' depends on axioms: [propext, Classical.choice, Quot.sound]
info: ZetaS/Window/WindowInstances.lean:103:0: 'ZetaS.WindowInstances.aCos_close' depends on axioms: [propext, Classical.choice, Quot.sound]
info: ZetaS/Window/WindowInstances.lean:104:0: 'ZetaS.WindowInstances.bCos_close' depends on axioms: [propext, Classical.choice, Quot.sound]
info: ZetaS/Window/WindowInstances.lean:105:0: 'ZetaS.WindowInstances.localHypsCoreCos_eventually' depends on axioms: [propext, Classical.choice, Quot.sound]
ℹ [9047/9270] Built ZetaS.Window.TracesV (7.8s)
info: ZetaS/Window/TracesV.lean:214:0: 'ZetaS.TracesV.concreteFactsV' depends on axioms: [propext, Classical.choice, Quot.sound]
info: ZetaS/Window/TracesV.lean:215:0: 'ZetaS.TracesV.tracesBoundsV' depends on axioms: [propext, Classical.choice, Quot.sound]
✔ [9048/9270] Built Zeta23.XiPrime.Final (13s)
✔ [9049/9270] Built ZetaS.Top.PolyMoments (9.2s)
⚠ [9050/9270] Built ZetaS.KSide.K6a_StabConstCont (8.4s)
warning: ZetaS/KSide/K6a_StabConstCont.lean:25:4: `push_neg` has been deprecated. Prefer using `push Not` instead.
If you'd rather continue using `push_neg` in your project, you can implement it as follows:
```
open Lean.Parser.Tactic in
macro "push_neg" cfg:optConfig loc:(location)? : tactic =>
  `(tactic| push $cfg:optConfig Not $[$loc]?)
```
✔ [9051/9270] Built ZetaS.KSide.K3_LocalCertTransfer (5.3s)
✔ [9052/9270] Built ZetaS.SigmaDist.OLLHelpers (5.9s)
✔ [9053/9270] Built ZetaS.Majorant.MCert_Majorant (20s)
✔ [9054/9270] Built ZetaS.Top.N2_Robust (23s)
✔ [9055/9270] Built ZetaS.SigmaDist.N2_KPsiThreeQuarters (13s)
✔ [9056/9270] Built ZetaS.SigmaDist.SigmaHelpers (8.0s)
✔ [9057/9270] Built ZetaS.SigmaDist.C1_ReversalClasses (6.3s)
✔ [9058/9270] Built ZetaS.SigmaDist.N3_KernelAntitone (6.6s)
⚠ [9059/9270] Built ZetaS.SigmaDist.A1b_BetaBound (6.6s)
warning: ZetaS/SigmaDist/A1b_BetaBound.lean:12:49: Variable name `hδ0` is not explicitly referenced.

Hint: The binding can be removed (if unused) or named `_` (if used implicitly). Alternatively, prefix the name with `_` to silence this warning:
  [apply] _hδ0

Note: This linter can be disabled with `set_option linter.unusedVariables false`
warning: ZetaS/SigmaDist/A1b_BetaBound.lean:12:63: Variable name `hδ1` is not explicitly referenced.

Hint: The binding can be removed (if unused) or named `_` (if used implicitly). Alternatively, prefix the name with `_` to silence this warning:
  [apply] _hδ1

Note: This linter can be disabled with `set_option linter.unusedVariables false`
⚠ [9060/9270] Built ZetaS.SigmaDist.A6_BlockBounds (26s)
warning: ZetaS/SigmaDist/A6_BlockBounds.lean:112:49: Variable name `hκ1` is not explicitly referenced.

Hint: The binding can be removed (if unused) or named `_` (if used implicitly). Alternatively, prefix the name with `_` to silence this warning:
  [apply] _hκ1

Note: This linter can be disabled with `set_option linter.unusedVariables false`
warning: ZetaS/SigmaDist/A6_BlockBounds.lean:200:77: This simp argument is unused:
  zero_mul

Hint: Omit it from the simp argument list.
  [apply] simp only [one_pow, zero_pow two_ne_zero, add_zero, mul_one, mul_zero] at this

Note: This linter can be disabled with `set_option linter.unusedSimpArgs false`
✔ [9061/9270] Built ZetaS.SigmaDist.A1_OnSlackIdentity (6.7s)
✔ [9062/9270] Built ZetaS.SigmaDist.A2_AggTrueWindow (26s)
✔ [9063/9270] Built ZetaS.LinAlg.L5_PairRemoval (8.6s)
✔ [9064/9270] Built ZetaS.LinAlg.PhiMHelpers (7.6s)
✔ [9065/9270] Built ZetaS.LinAlg.SpecHelpers (8.6s)
✔ [9066/9270] Built ZetaS.Cert.CheckerCoreV3 (248ms)
✔ [9067/9270] Built ZetaS.LinAlg.L1_StabRankTrace (10s)
✔ [9068/9270] Built ZetaS.InterfacesV2 (7.3s)
✔ [9069/9270] Built ZetaS.LinAlg.Helpers (10s)
ℹ [9070/9270] Built ZetaS.Window.WindowLimits (9.2s)
info: ZetaS/Window/WindowLimits.lean:208:0: 'ZetaS.WindowLimits.cWin_psiN' depends on axioms: [propext, Classical.choice, Quot.sound]
info: ZetaS/Window/WindowLimits.lean:209:0: 'ZetaS.WindowLimits.tendsto_cRatioP8' depends on axioms: [propext, Classical.choice, Quot.sound]
info: ZetaS/Window/WindowLimits.lean:210:0: 'ZetaS.WindowLimits.HD_P8' depends on axioms: [propext, Classical.choice, Quot.sound]
info: ZetaS/Window/WindowLimits.lean:211:0: 'ZetaS.WindowLimits.tendsto_cRatioCos' depends on axioms: [propext, Classical.choice, Quot.sound]
info: ZetaS/Window/WindowLimits.lean:212:0: 'ZetaS.WindowLimits.vConv_cosW' depends on axioms: [propext, Classical.choice, Quot.sound]
info: ZetaS/Window/WindowLimits.lean:213:0: 'ZetaS.WindowLimits.jvConv_cosW' depends on axioms: [propext, Classical.choice, Quot.sound]
info: ZetaS/Window/WindowLimits.lean:214:0: 'ZetaS.WindowLimits.cWin_cosW' depends on axioms: [propext, Classical.choice, Quot.sound]
info: ZetaS/Window/WindowLimits.lean:215:0: 'ZetaS.WindowLimits.tendsto_cRatioCos'' depends on axioms: [propext, Classical.choice, Quot.sound]
info: ZetaS/Window/WindowLimits.lean:216:0: 'ZetaS.WindowLimits.HD_cos' depends on axioms: [propext, Classical.choice, Quot.sound]
✔ [9071/9270] Built Zeta23 (5.7s)
✔ [9073/9270] Built ZetaS.Skeleton.K6a_StabConstCont (6.5s)
✔ [9074/9270] Built ZetaS.Top.N1_Numerics (7.0s)
ℹ [9075/9270] Built ZetaS.Window.EndgameV (15s)
info: ZetaS/Window/EndgameV.lean:363:0: 'ZetaS.EndgameV.thmV_mult2_abstract' depends on axioms: [propext, Classical.choice, Quot.sound]
info: ZetaS/Window/EndgameV.lean:364:0: 'ZetaS.EndgameV.thmV_mult3_abstract' depends on axioms: [propext, Classical.choice, Quot.sound]
✔ [9076/9270] Built ZetaS.Skeleton.K3_LocalCertTransfer (5.0s)
✔ [9077/9270] Built ZetaS.Majorant.FP_FourierPair (8.1s)
✔ [9078/9270] Built ZetaS.KSide.K1_LocalToBlock (8.1s)
⚠ [9079/9270] Built ZetaS.SigmaDist.M1_MajorantKernel (9.1s)
warning: ZetaS/SigmaDist/M1_MajorantKernel.lean:162:5: Variable name `hcont` is not explicitly referenced.

Hint: The binding can be removed (if unused) or named `_` (if used implicitly). Alternatively, prefix the name with `_` to silence this warning:
  [apply] _hcont

Note: This linter can be disabled with `set_option linter.unusedVariables false`
warning: ZetaS/SigmaDist/M1_MajorantKernel.lean:163:5: Variable name `hpos` is not explicitly referenced.

Hint: The binding can be removed (if unused) or named `_` (if used implicitly). Alternatively, prefix the name with `_` to silence this warning:
  [apply] _hpos

Note: This linter can be disabled with `set_option linter.unusedVariables false`
⚠ [9080/9270] Built ZetaS.LinAlg.L6_TraceLipschitz (6.7s)
warning: ZetaS/LinAlg/L6_TraceLipschitz.lean:98:5: Variable name `hLf` is not explicitly referenced.

Hint: The binding can be removed (if unused) or named `_` (if used implicitly). Alternatively, prefix the name with `_` to silence this warning:
  [apply] _hLf

Note: This linter can be disabled with `set_option linter.unusedVariables false`
✔ [9081/9270] Built ZetaS.LinAlg.L3b_PhiM_props (8.6s)
⚠ [9082/9270] Built ZetaS.Majorant.MCert_Cells (19s)
warning: ZetaS/Majorant/MCert_Cells.lean:76:14: this tactic is never executed

Note: This linter can be disabled with `set_option linter.unreachableTactic false`
warning: ZetaS/Majorant/MCert_Cells.lean:76:4: 'all_goals
  first
  | exact hπ.le
  | positivity' tactic does nothing

Note: This linter can be disabled with `set_option linter.unusedTactic false`
✔ [9083/9270] Built ZetaS.LinAlg.L3_PhiM (14s)
✔ [9084/9270] Built CheckerCoreV3 (260ms)
✔ [9086/9270] Built ZetaS.LinAlg.L8_NegIndexAdd (6.2s)
⚠ [9087/9270] Built ZetaS.LinAlg.CountHelpers (9.0s)
warning: ZetaS/LinAlg/CountHelpers.lean:40:0: automatically included section variable(s) unused in theorem `ZetaS.isHermitian_smul_one`:
  [Fintype n]
consider restructuring your `variable` declarations so that the variables are not in scope or explicitly omit them:
  omit [Fintype n] in theorem ...

Note: This linter can be disabled with `set_option linter.unusedSectionVars false`
warning: ZetaS/LinAlg/CountHelpers.lean:143:0: automatically included section variable(s) unused in theorem `ZetaS.hermForm_fromBlocks`:
  [DecidableEq m]
  [DecidableEq o]
consider restructuring your `variable` declarations so that the variables are not in scope or explicitly omit them:
  omit [DecidableEq m] [DecidableEq o] in theorem ...

Note: This linter can be disabled with `set_option linter.unusedSectionVars false`
✔ [9088/9270] Built ZetaS.KSide.K4_StabFixedT (6.4s)
✔ [9089/9270] Built ZetaS.Cert.CertSpecAM5 (8.9s)
✔ [9090/9270] Built ZetaS.ZeroSide.KWinHelpers (9.5s)
✔ [9091/9270] Built ZetaS.ZeroSide.Z9s_Spec (6.1s)
✔ [9092/9270] Built ZetaS.ZeroSide.Z9a1_OnLineSort (6.2s)
✔ [9093/9270] Built ZetaS.ZeroSide.Helpers (7.8s)
✔ [9094/9270] Built ZetaS.Bandwidth.R1_Realify (5.3s)
✔ [9095/9270] Built ZetaS.Bandwidth.KL3_TendstoRlam (5.0s)
✔ [9096/9270] Built ZetaS.Bandwidth.KL2_LamLimit (5.0s)
✔ [9097/9270] Built ZetaS.Bandwidth.KL1m_BandwidthTransferAM (5.5s)
✔ [9098/9270] Built ZetaS.Bandwidth.KL1_BandwidthTransfer (5.1s)
✔ [9099/9270] Built ZetaS.Bandwidth.Hom_Homogeneity (5.3s)
✔ [9100/9270] Built ZetaS.Basic (5.2s)
✔ [9101/9270] Built ZetaS.LinAlg.L2_StabRankTraceTwo (6.1s)
✔ [9102/9270] Built ZetaQ.Defs (5.7s)
✔ [9103/9270] Built ZetaS.Skeleton.N1_Numerics (4.5s)
✔ [9104/9270] Built ZetaS.Skeleton.K1_LocalToBlock (4.5s)
ℹ [9105/9270] Built ZetaS.Window.HeadlineV (8.4s)
info: ZetaS/Window/HeadlineV.lean:333:0: 'ZetaS.HeadlineV.simple_V_lam_abstract' depends on axioms: [propext, Classical.choice, Quot.sound]
info: ZetaS/Window/HeadlineV.lean:334:0: 'ZetaS.HeadlineV.zeta_simple_poly8A' depends on axioms: [propext, Classical.choice, Quot.sound]
info: ZetaS/Window/HeadlineV.lean:335:0: 'ZetaS.HeadlineV.zeta_simple_cos85' depends on axioms: [propext, Classical.choice, Quot.sound]
info: ZetaS/Window/HeadlineV.lean:336:0: 'ZetaS.HeadlineV.zeta_simple_cos85'' depends on axioms: [propext, Classical.choice, Quot.sound]
info: ZetaS/Window/HeadlineV.lean:337:0: 'ZetaS.HeadlineV.dist_V_lam_abstract' depends on axioms: [propext, Classical.choice, Quot.sound]
info: ZetaS/Window/HeadlineV.lean:338:0: 'ZetaS.HeadlineV.zeta_dist_poly8A' depends on axioms: [propext, Classical.choice, Quot.sound]
info: ZetaS/Window/HeadlineV.lean:339:0: 'ZetaS.HeadlineV.zeta_dist_cos85' depends on axioms: [propext, Classical.choice, Quot.sound]
✔ [9106/9270] Built ZetaS.Skeleton.M1_MajorantKernel (6.1s)
✔ [9107/9270] Built ZetaS.Majorant.CertMajV2 (6.0s)
ℹ [9108/9270] Built ZetaS.Cert.CheckerTestsV3 (2.3s)
info: ZetaS/Cert/CheckerTestsV3.lean:64:0: 'ZetaS.CertV2.neg_C18' depends on axioms: [propext, Classical.choice, Quot.sound]
info: ZetaS/Cert/CheckerTestsV3.lean:65:0: 'ZetaS.CertV2.pos_C18' depends on axioms: [propext, Classical.choice, Quot.sound]
info: ZetaS/Cert/CheckerTestsV3.lean:66:0: 'ZetaS.CertV2.neg_C19a_zeroPivot' depends on axioms: [propext, Classical.choice, Quot.sound]
info: ZetaS/Cert/CheckerTestsV3.lean:67:0: 'ZetaS.CertV2.neg_C07b' depends on axioms: [propext, Classical.choice, Quot.sound]
✔ [9109/9270] Built ZetaS.SigmaDist.A5_SeparatedRoom (11s)
✔ [9110/9270] Built ZetaS.ZeroSide.Z7_PairBlockInertia (5.5s)
✔ [9111/9270] Built ZetaS.LinAlg.L4_Pinching (7.4s)
✔ [9112/9270] Built ZetaS.LinAlg.L7_SchurLocalisation (8.8s)
✔ [9113/9270] Built ZetaS.Skeleton.K4_StabFixedT (5.2s)
✔ [9114/9270] Built ZetaS.Cert.NodeDefs (5.4s)
✔ [9115/9270] Built ZetaS.ZeroSide.Z4_KWinClose (5.2s)
✔ [9116/9270] Built ZetaS.ZeroSide.Z5_KWinDominated (5.4s)
⚠ [9117/9270] Built ZetaS.ZeroSide.Z9e_Seams (9.5s)
warning: ZetaS/ZeroSide/Z9e_Seams.lean:33:67: Variable name `ρ` is not explicitly referenced.

Hint: The binding can be removed (if unused) or named `_` (if used implicitly). Alternatively, prefix the name with `_` to silence this warning:
  [apply] _ρ

Note: This linter can be disabled with `set_option linter.unusedVariables false`
warning: ZetaS/ZeroSide/Z9e_Seams.lean:80:90: `Set.setOf_and` has been deprecated: Use `Set.ofPred_and` instead
warning: ZetaS/ZeroSide/Z9e_Seams.lean:93:90: `Set.setOf_and` has been deprecated: Use `Set.ofPred_and` instead
✔ [9118/9270] Built ZetaS.ZeroSide.Z9d_Span (8.1s)
✔ [9119/9270] Built ZetaS.ZeroSide.Z9c_JIdentity (9.3s)
✔ [9120/9270] Built ZetaS.ZeroSide.Z8_VHatConj (5.0s)
✔ [9121/9270] Built ZetaS.ZeroSide.Z2_KWinPosDef (5.3s)
✔ [9122/9270] Built ZetaS.ZeroSide.Z3_OffGridPSD (5.8s)
✔ [9123/9270] Built ZetaS.ZeroSide.Z1_GramPoisson (5.8s)
✔ [9124/9270] Built ZetaS.Skeleton.R1_Realify (5.7s)
✔ [9125/9270] Built ZetaS.Skeleton.KL3_TendstoRlam (5.2s)
✔ [9126/9270] Built ZetaS.Skeleton.KL2_LamLimit (4.0s)
✔ [9127/9270] Built ZetaS.Skeleton.KL1m_BandwidthTransferAM (5.3s)
✔ [9128/9270] Built ZetaS.Skeleton.KL1_BandwidthTransfer (5.1s)
✔ [9129/9270] Built ZetaS.Skeleton.Hom_Homogeneity (4.8s)
⚠ [9130/9270] Built ZetaS.ZeroSide.Z6Core (55s)
warning: ZetaS/ZeroSide/Z6Core.lean:226:41: Variable name `hT` is not explicitly referenced.

Hint: The binding can be removed (if unused) or named `_` (if used implicitly). Alternatively, prefix the name with `_` to silence this warning:
  [apply] _hT

Note: This linter can be disabled with `set_option linter.unusedVariables false`
⚠ [9131/9270] Built ZetaQ.CharSums (41s)
warning: ZetaQ/CharSums.lean:412:2: Try this: 
  letI̵

The goal is a proposition, so `let` is preferred over `letI`.
The difference between `let` and `letI` is that `letI` inlines the value.
But this is not relevant for proofs because of proof irrelevance.

Note: This linter can be disabled with `set_option linter.style.haveILetI false`
warning: ZetaQ/CharSums.lean:413:2: Try this: 
  letI̵

The goal is a proposition, so `let` is preferred over `letI`.
The difference between `let` and `letI` is that `letI` inlines the value.
But this is not relevant for proofs because of proof irrelevance.

Note: This linter can be disabled with `set_option linter.style.haveILetI false`
warning: ZetaQ/CharSums.lean:595:4: Try this: 
  letI̵

The goal is a proposition, so `let` is preferred over `letI`.
The difference between `let` and `letI` is that `letI` inlines the value.
But this is not relevant for proofs because of proof irrelevance.

Note: This linter can be disabled with `set_option linter.style.haveILetI false`
warning: ZetaQ/CharSums.lean:596:4: Try this: 
  letI̵

The goal is a proposition, so `let` is preferred over `letI`.
The difference between `let` and `letI` is that `letI` inlines the value.
But this is not relevant for proofs because of proof irrelevance.

Note: This linter can be disabled with `set_option linter.style.haveILetI false`
warning: ZetaQ/CharSums.lean:657:4: Try this: 
  letI̵

The goal is a proposition, so `let` is preferred over `letI`.
The difference between `let` and `letI` is that `letI` inlines the value.
But this is not relevant for proofs because of proof irrelevance.

Note: This linter can be disabled with `set_option linter.style.haveILetI false`
warning: ZetaQ/CharSums.lean:658:4: Try this: 
  letI̵

The goal is a proposition, so `let` is preferred over `letI`.
The difference between `let` and `letI` is that `letI` inlines the value.
But this is not relevant for proofs because of proof irrelevance.

Note: This linter can be disabled with `set_option linter.style.haveILetI false`
warning: ZetaQ/CharSums.lean:718:4: Try this: 
  letI̵

The goal is a proposition, so `let` is preferred over `letI`.
The difference between `let` and `letI` is that `letI` inlines the value.
But this is not relevant for proofs because of proof irrelevance.

Note: This linter can be disabled with `set_option linter.style.haveILetI false`
warning: ZetaQ/CharSums.lean:743:2: Try this: 
  letI̵

The goal is a proposition, so `let` is preferred over `letI`.
The difference between `let` and `letI` is that `letI` inlines the value.
But this is not relevant for proofs because of proof irrelevance.

Note: This linter can be disabled with `set_option linter.style.haveILetI false`
warning: ZetaQ/CharSums.lean:784:2: Try this: 
  letI̵

The goal is a proposition, so `let` is preferred over `letI`.
The difference between `let` and `letI` is that `letI` inlines the value.
But this is not relevant for proofs because of proof irrelevance.

Note: This linter can be disabled with `set_option linter.style.haveILetI false`
warning: ZetaQ/CharSums.lean:808:2: Try this: 
  letI̵

The goal is a proposition, so `let` is preferred over `letI`.
The difference between `let` and `letI` is that `letI` inlines the value.
But this is not relevant for proofs because of proof irrelevance.

Note: This linter can be disabled with `set_option linter.style.haveILetI false`
warning: ZetaQ/CharSums.lean:890:2: Try this: 
  letI̵

The goal is a proposition, so `let` is preferred over `letI`.
The difference between `let` and `letI` is that `letI` inlines the value.
But this is not relevant for proofs because of proof irrelevance.

Note: This linter can be disabled with `set_option linter.style.haveILetI false`
warning: ZetaQ/CharSums.lean:901:2: Try this: 
  letI̵

The goal is a proposition, so `let` is preferred over `letI`.
The difference between `let` and `letI` is that `letI` inlines the value.
But this is not relevant for proofs because of proof irrelevance.

Note: This linter can be disabled with `set_option linter.style.haveILetI false`
warning: ZetaQ/CharSums.lean:961:4: Try this: 
  haveI̵

The goal is a proposition, so `have` is preferred over `haveI`.
The difference between `have` and `haveI` is that `haveI` inlines the value.
But this is not relevant for proofs because of proof irrelevance.

Note: This linter can be disabled with `set_option linter.style.haveILetI false`
warning: ZetaQ/CharSums.lean:964:4: Try this: 
  haveI̵

The goal is a proposition, so `have` is preferred over `haveI`.
The difference between `have` and `haveI` is that `haveI` inlines the value.
But this is not relevant for proofs because of proof irrelevance.

Note: This linter can be disabled with `set_option linter.style.haveILetI false`
warning: ZetaQ/CharSums.lean:998:4: Try this: 
  letI̵

The goal is a proposition, so `let` is preferred over `letI`.
The difference between `let` and `letI` is that `letI` inlines the value.
But this is not relevant for proofs because of proof irrelevance.

Note: This linter can be disabled with `set_option linter.style.haveILetI false`
warning: ZetaQ/CharSums.lean:1132:4: Try this: 
  haveI̵

The goal is a proposition, so `have` is preferred over `haveI`.
The difference between `have` and `haveI` is that `haveI` inlines the value.
But this is not relevant for proofs because of proof irrelevance.

Note: This linter can be disabled with `set_option linter.style.haveILetI false`
warning: ZetaQ/CharSums.lean:1135:4: Try this: 
  haveI̵

The goal is a proposition, so `have` is preferred over `haveI`.
The difference between `have` and `haveI` is that `haveI` inlines the value.
But this is not relevant for proofs because of proof irrelevance.

Note: This linter can be disabled with `set_option linter.style.haveILetI false`
warning: ZetaQ/CharSums.lean:2274:44: Variable name `hx` is not explicitly referenced.

Hint: The binding can be removed (if unused) or named `_` (if used implicitly). Alternatively, prefix the name with `_` to silence this warning:
  [apply] _hx

Note: This linter can be disabled with `set_option linter.unusedVariables false`
warning: ZetaQ/CharSums.lean:2352:2: Try this: 
  letI̵

The goal is a proposition, so `let` is preferred over `letI`.
The difference between `let` and `letI` is that `letI` inlines the value.
But this is not relevant for proofs because of proof irrelevance.

Note: This linter can be disabled with `set_option linter.style.haveILetI false`
warning: ZetaQ/CharSums.lean:2362:2: Try this: 
  letI̵

The goal is a proposition, so `let` is preferred over `letI`.
The difference between `let` and `letI` is that `letI` inlines the value.
But this is not relevant for proofs because of proof irrelevance.

Note: This linter can be disabled with `set_option linter.style.haveILetI false`
warning: ZetaQ/CharSums.lean:2383:2: Try this: 
  letI̵

The goal is a proposition, so `let` is preferred over `letI`.
The difference between `let` and `letI` is that `letI` inlines the value.
But this is not relevant for proofs because of proof irrelevance.

Note: This linter can be disabled with `set_option linter.style.haveILetI false`
warning: ZetaQ/CharSums.lean:2394:2: Try this: 
  letI̵

The goal is a proposition, so `let` is preferred over `letI`.
The difference between `let` and `letI` is that `letI` inlines the value.
But this is not relevant for proofs because of proof irrelevance.

Note: This linter can be disabled with `set_option linter.style.haveILetI false`
warning: ZetaQ/CharSums.lean:2423:2: Try this: 
  letI̵

The goal is a proposition, so `let` is preferred over `letI`.
The difference between `let` and `letI` is that `letI` inlines the value.
But this is not relevant for proofs because of proof irrelevance.

Note: This linter can be disabled with `set_option linter.style.haveILetI false`
warning: ZetaQ/CharSums.lean:2440:2: Try this: 
  letI̵

The goal is a proposition, so `let` is preferred over `letI`.
The difference between `let` and `letI` is that `letI` inlines the value.
But this is not relevant for proofs because of proof irrelevance.

Note: This linter can be disabled with `set_option linter.style.haveILetI false`
warning: ZetaQ/CharSums.lean:2451:2: Try this: 
  letI̵

The goal is a proposition, so `let` is preferred over `letI`.
The difference between `let` and `letI` is that `letI` inlines the value.
But this is not relevant for proofs because of proof irrelevance.

Note: This linter can be disabled with `set_option linter.style.haveILetI false`
warning: ZetaQ/CharSums.lean:2484:2: Try this: 
  letI̵

The goal is a proposition, so `let` is preferred over `letI`.
The difference between `let` and `letI` is that `letI` inlines the value.
But this is not relevant for proofs because of proof irrelevance.

Note: This linter can be disabled with `set_option linter.style.haveILetI false`
warning: ZetaQ/CharSums.lean:2497:2: Try this: 
  letI̵

The goal is a proposition, so `let` is preferred over `letI`.
The difference between `let` and `letI` is that `letI` inlines the value.
But this is not relevant for proofs because of proof irrelevance.

Note: This linter can be disabled with `set_option linter.style.haveILetI false`
✔ [9132/9270] Built ZetaQ.Window (23s)
✔ [9133/9270] Built ZetaS.Skeleton.A5_SeparatedRoom (12s)
ℹ [9134/9270] Built ZetaS.Window.GramV (23s)
info: ZetaS/Window/GramV.lean:290:0: 'ZetaS.GramV.frob_two_sided_alg' depends on axioms: [propext, Classical.choice, Quot.sound]
info: ZetaS/Window/GramV.lean:291:0: 'ZetaS.GramV.gram_asymptotics_V' depends on axioms: [propext, Classical.choice, Quot.sound]
info: ZetaS/Window/GramV.lean:292:0: 'ZetaS.GramV.zeta_gram_poly8A_lam' depends on axioms: [propext, Classical.choice, Quot.sound]
info: ZetaS/Window/GramV.lean:293:0: 'ZetaS.GramV.zeta_gram_cos85_lam' depends on axioms: [propext, Classical.choice, Quot.sound]
✔ [9135/9270] Built ZetaS.Skeleton.Z7_PairBlockInertia (7.6s)
✔ [9136/9270] Built ZetaS.ZeroSide.Z9a2_OffBlock (10s)
⚠ [9137/9270] Built ZetaQ.Sieve (84s)
warning: ZetaQ/Sieve.lean:2125:8: declaration uses `sorry`
warning: ZetaQ/Sieve.lean:2436:47: `ZetaQ.SharpAdditiveLargeSieveOfLeOne` has been deprecated: Use `ZetaQ.SharpAdditiveLargeSieve` instead
warning: ZetaQ/Sieve.lean:2947:12: `ZetaQ.SharpAdditiveLargeSieveOfLeOne` has been deprecated: Use `ZetaQ.SharpAdditiveLargeSieve` instead
warning: ZetaQ/Sieve.lean:3028:56: `ZetaQ.SharpAdditiveLargeSieve.toLeOne` has been deprecated: Use `ZetaQ.SharpAdditiveLargeSieve` instead

Note: The updated constant has a different type:
  Prop
instead of
  SharpAdditiveLargeSieve → SharpAdditiveLargeSieve

Note: The updated constant is in a different namespace. Dot notation may need to be changed (e.g., from `x.toLeOne` to `SharpAdditiveLargeSieve x`).
⚠ [9138/9270] Built ZetaS.KSide.KHelpers (14s)
warning: ZetaS/KSide/KHelpers.lean:82:4: `push_neg` has been deprecated. Prefer using `push Not` instead.
If you'd rather continue using `push_neg` in your project, you can implement it as follows:
```
open Lean.Parser.Tactic in
macro "push_neg" cfg:optConfig loc:(location)? : tactic =>
  `(tactic| push $cfg:optConfig Not $[$loc]?)
```
warning: ZetaS/KSide/KHelpers.lean:89:4: `push_neg` has been deprecated. Prefer using `push Not` instead.
If you'd rather continue using `push_neg` in your project, you can implement it as follows:
```
open Lean.Parser.Tactic in
macro "push_neg" cfg:optConfig loc:(location)? : tactic =>
  `(tactic| push $cfg:optConfig Not $[$loc]?)
```
✔ [9139/9270] Built ZetaS.Skeleton.L4_Pinching (9.1s)
⚠ [9140/9270] Built ZetaS.Skeleton.A8g_SigmaDistGeneral (10s)
warning: ZetaS/Skeleton/A8g_SigmaDistGeneral.lean:21:8: declaration uses `sorry`
warning: ZetaS/Skeleton/A8g_SigmaDistGeneral.lean:31:8: declaration uses `sorry`
warning: ZetaS/Skeleton/A8g_SigmaDistGeneral.lean:39:8: declaration uses `sorry`
✔ [9141/9270] Built ZetaS.Skeleton.L7_SchurLocalisation (8.7s)
✔ [9142/9270] Built ZetaS.Cert.C24_W5Fields (11s)
⚠ [9143/9270] Built ZetaS.SigmaDist.A6_TightChains (43s)
warning: ZetaS/SigmaDist/A6_TightChains.lean:416:8: `push_neg` has been deprecated. Prefer using `push Not` instead.
If you'd rather continue using `push_neg` in your project, you can implement it as follows:
```
open Lean.Parser.Tactic in
macro "push_neg" cfg:optConfig loc:(location)? : tactic =>
  `(tactic| push $cfg:optConfig Not $[$loc]?)
```
warning: ZetaS/SigmaDist/A6_TightChains.lean:141:32: Variable name `ha₂` is not explicitly referenced.

Hint: The binding can be removed (if unused) or named `_` (if used implicitly). Alternatively, prefix the name with `_` to silence this warning:
  [apply] _ha₂

Note: This linter can be disabled with `set_option linter.unusedVariables false`
✔ [9144/9270] Built ZetaS.Cert.C23_KPsiCos (10s)
✔ [9145/9270] Built ZetaS.Cert.C19a_PsdLDL (11s)
⚠ [9146/9270] Built ZetaS.Cert.C17_CapLeaf (11s)
warning: ZetaS/Cert/C17_CapLeaf.lean:28:5: Variable name `hg0` is not explicitly referenced.

Hint: The binding can be removed (if unused) or named `_` (if used implicitly). Alternatively, prefix the name with `_` to silence this warning:
  [apply] _hg0

Note: This linter can be disabled with `set_option linter.unusedVariables false`
✔ [9147/9270] Built ZetaS.Cert.C15_ChordMinorant (13s)
✔ [9148/9270] Built ZetaS.Cert.C14_Taylor2Minorant (9.6s)
✔ [9149/9270] Built ZetaS.Cert.C22_ShardAssembly (10s)
✔ [9150/9270] Built ZetaS.Cert.C07a_SincDeriv (17s)
✔ [9151/9270] Built ZetaS.Cert.C04_PiEncl (10s)
✔ [9152/9270] Built ZetaS.Skeleton.Z4_KWinClose (7.4s)
⚠ [9153/9270] Built ZetaS.Cert.C01_QIRound (9.7s)
warning: ZetaS/Cert/C01_QIRound.lean:20:6: this tactic is never executed

Note: This linter can be disabled with `set_option linter.unreachableTactic false`
warning: ZetaS/Cert/C01_QIRound.lean:21:6: this tactic is never executed

Note: This linter can be disabled with `set_option linter.unreachableTactic false`
warning: ZetaS/Cert/C01_QIRound.lean:22:6: this tactic is never executed

Note: This linter can be disabled with `set_option linter.unreachableTactic false`
warning: ZetaS/Cert/C01_QIRound.lean:20:6: 'exact (Rat.le_floor.mp le_rfl)' tactic does nothing

Note: This linter can be disabled with `set_option linter.unusedTactic false`
warning: ZetaS/Cert/C01_QIRound.lean:21:6: '(rw [← Rat.floor_intCast_div_natCast] at *; exact Int.floor_le _)' tactic does nothing

Note: This linter can be disabled with `set_option linter.unusedTactic false`
warning: ZetaS/Cert/C01_QIRound.lean:22:6: 'exact Int.floor_le (q * 2 ^ 64)' tactic does nothing

Note: This linter can be disabled with `set_option linter.unusedTactic false`
warning: ZetaS/Cert/C01_QIRound.lean:31:6: this tactic is never executed

Note: This linter can be disabled with `set_option linter.unreachableTactic false`
warning: ZetaS/Cert/C01_QIRound.lean:32:6: this tactic is never executed

Note: This linter can be disabled with `set_option linter.unreachableTactic false`
warning: ZetaS/Cert/C01_QIRound.lean:33:6: this tactic is never executed

Note: This linter can be disabled with `set_option linter.unreachableTactic false`
warning: ZetaS/Cert/C01_QIRound.lean:31:6: 'exact (Rat.le_ceil (x := q * 2 ^ 64))' tactic does nothing

Note: This linter can be disabled with `set_option linter.unusedTactic false`
warning: ZetaS/Cert/C01_QIRound.lean:32:6: 'exact (Rat.ceil_le.mp le_rfl)' tactic does nothing

Note: This linter can be disabled with `set_option linter.unusedTactic false`
warning: ZetaS/Cert/C01_QIRound.lean:33:6: 'exact Int.le_ceil (q * 2 ^ 64)' tactic does nothing

Note: This linter can be disabled with `set_option linter.unusedTactic false`
✔ [9154/9270] Built ZetaS.Skeleton.Z5_KWinDominated (8.5s)
✔ [9155/9270] Built ZetaS.Skeleton.Z8_VHatConj (7.3s)
✔ [9156/9270] Built ZetaS.Skeleton.Z2_KWinPosDef (7.1s)
⚠ [9157/9270] Built ZetaS.ZeroSide.ZetaSeams (14s)
warning: ZetaS/ZeroSide/ZetaSeams.lean:35:55: `Set.setOf_and` has been deprecated: Use `Set.ofPred_and` instead
warning: ZetaS/ZeroSide/ZetaSeams.lean:38:41: this tactic is never executed

Note: This linter can be disabled with `set_option linter.unreachableTactic false`
warning: ZetaS/ZeroSide/ZetaSeams.lean:38:60: this tactic is never executed

Note: This linter can be disabled with `set_option linter.unreachableTactic false`
warning: ZetaS/ZeroSide/ZetaSeams.lean:38:41: '(exfalso; tauto)' tactic does nothing

Note: This linter can be disabled with `set_option linter.unusedTactic false`
warning: ZetaS/ZeroSide/ZetaSeams.lean:38:60: 'linarith' tactic does nothing

Note: This linter can be disabled with `set_option linter.unusedTactic false`
✔ [9158/9270] Built ZetaS.Skeleton.Z3_OffGridPSD (6.7s)
✔ [9159/9270] Built ZetaS.Skeleton.Z1_GramPoisson (6.6s)
✔ [9160/9270] Built ZetaS.ZeroSide.Z6_Defect_fix (7.4s)
⚠ [9161/9270] Built ZetaS.ZeroSide.Z6_Defect (8.1s)
warning: ZetaS/ZeroSide/Z6_Defect.lean:99:4: `push_neg` has been deprecated. Prefer using `push Not` instead.
If you'd rather continue using `push_neg` in your project, you can implement it as follows:
```
open Lean.Parser.Tactic in
macro "push_neg" cfg:optConfig loc:(location)? : tactic =>
  `(tactic| push $cfg:optConfig Not $[$loc]?)
```
warning: ZetaS/ZeroSide/Z6_Defect.lean:81:20: Variable name `hlam` is not explicitly referenced.

Hint: The binding can be removed (if unused) or named `_` (if used implicitly). Alternatively, prefix the name with `_` to silence this warning:
  [apply] _hlam

Note: This linter can be disabled with `set_option linter.unusedVariables false`
⚠ [9162/9270] Built ZetaQ.Certificate (11s)
warning: ZetaQ/Certificate.lean:786:5: Variable name `hBtr` is not explicitly referenced.

Hint: The binding can be removed (if unused) or named `_` (if used implicitly). Alternatively, prefix the name with `_` to silence this warning:
  [apply] _hBtr

Note: This linter can be disabled with `set_option linter.unusedVariables false`
warning: ZetaQ/Certificate.lean:872:5: Variable name `hBtr` is not explicitly referenced.

Hint: The binding can be removed (if unused) or named `_` (if used implicitly). Alternatively, prefix the name with `_` to silence this warning:
  [apply] _hBtr

Note: This linter can be disabled with `set_option linter.unusedVariables false`
warning: ZetaQ/Certificate.lean:872:22: Variable name `hBF` is not explicitly referenced.

Hint: The binding can be removed (if unused) or named `_` (if used implicitly). Alternatively, prefix the name with `_` to silence this warning:
  [apply] _hBF

Note: This linter can be disabled with `set_option linter.unusedVariables false`
warning: ZetaQ/Certificate.lean:959:19: Variable name `hP` is not explicitly referenced.

Hint: The binding can be removed (if unused) or named `_` (if used implicitly). Alternatively, prefix the name with `_` to silence this warning:
  [apply] _hP

Note: This linter can be disabled with `set_option linter.unusedVariables false`
warning: ZetaQ/Certificate.lean:1014:14: `ZetaQ.pair_perturbation'` has been deprecated: Use `ZetaQ.pair_perturbation` instead
warning: ZetaQ/Certificate.lean:1000:19: Variable name `hP` is not explicitly referenced.

Hint: The binding can be removed (if unused) or named `_` (if used implicitly). Alternatively, prefix the name with `_` to silence this warning:
  [apply] _hP

Note: This linter can be disabled with `set_option linter.unusedVariables false`
✔ [9163/9270] Built ZetaS.ZeroSide.Z9b_TailTransfer (10s)
⚠ [9164/9270] Built ZetaS.ZeroSide.Z9a3_HatDecomp (9.7s)
warning: ZetaS/ZeroSide/Z9a3_HatDecomp.lean:102:33: This simp argument is unused:
  Finset.sum_apply

Hint: Omit it from the simp argument list.
  [apply] simp only [Matrix.sum_apply, Matrix.smul_apply, vecMulVec_apply, smul_eq_mul, hf]

Note: This linter can be disabled with `set_option linter.unusedSimpArgs false`
warning: ZetaS/ZeroSide/Z9a3_HatDecomp.lean:103:66: This simp argument is unused:
  Finset.sum_apply

Hint: Omit it from the simp argument list.
  [apply] simp only [toC, offBlock, Matrix.map_apply, Matrix.sum_apply, Matrix.smul_apply, Matrix.sub_apply,
    vecMulVec_apply, smul_eq_mul, Complex.ofReal_sum]

Note: This linter can be disabled with `set_option linter.unusedSimpArgs false`
✔ [9165/9270] Built ZetaS.Skeleton.C24_W5Fields (7.9s)
✔ [9166/9270] Built ZetaQ.Gallagher (15s)
⚠ [9167/9270] Built ZetaS.KSide.K2_Packing (19s)
warning: ZetaS/KSide/K2_Packing.lean:36:4: `push_neg` has been deprecated. Prefer using `push Not` instead.
If you'd rather continue using `push_neg` in your project, you can implement it as follows:
```
open Lean.Parser.Tactic in
macro "push_neg" cfg:optConfig loc:(location)? : tactic =>
  `(tactic| push $cfg:optConfig Not $[$loc]?)
```
warning: ZetaS/KSide/K2_Packing.lean:107:2: `push_neg` has been deprecated. Prefer using `push Not` instead.
If you'd rather continue using `push_neg` in your project, you can implement it as follows:
```
open Lean.Parser.Tactic in
macro "push_neg" cfg:optConfig loc:(location)? : tactic =>
  `(tactic| push $cfg:optConfig Not $[$loc]?)
```
warning: ZetaS/KSide/K2_Packing.lean:150:27: This simp argument is unused:
  hij

Hint: Omit it from the simp argument list.
  [apply] simp [hGa, kerMat, this, Matrix.one_apply_ne hij]

Note: This linter can be disabled with `set_option linter.unusedSimpArgs false`
warning: ZetaS/KSide/K2_Packing.lean:217:37: this tactic is never executed

Note: This linter can be disabled with `set_option linter.unreachableTactic false`
warning: ZetaS/KSide/K2_Packing.lean:217:37: 'ring' tactic does nothing

Note: This linter can be disabled with `set_option linter.unusedTactic false`
✔ [9168/9270] Built ZetaS.Skeleton.A6_TightChains (8.5s)
✔ [9169/9270] Built ZetaS.Skeleton.C23_KPsiCos (5.7s)
✔ [9170/9270] Built ZetaS.Cert.C25_ClassBridge (7.5s)
✔ [9171/9270] Built ZetaS.Cert.C08_KCosDerivs (6.7s)
✔ [9172/9270] Built ZetaS.Cert.C02_QIOps (7.3s)
✔ [9173/9270] Built ZetaS.Skeleton.Z6_Defect (5.5s)
⚠ [9174/9270] Built ZetaS.Top.OLLHeight5 (31s)
warning: ZetaS/Top/OLLHeight5.lean:311:21: Variable name `he0` is not explicitly referenced.

Hint: The binding can be removed (if unused) or named `_` (if used implicitly). Alternatively, prefix the name with `_` to silence this warning:
  [apply] _he0

Note: This linter can be disabled with `set_option linter.unusedVariables false`
warning: ZetaS/Top/OLLHeight5.lean:372:54: Variable name `i` is not explicitly referenced.

Hint: The binding can be removed (if unused) or named `_` (if used implicitly). Alternatively, prefix the name with `_` to silence this warning:
  [apply] _i

Note: This linter can be disabled with `set_option linter.unusedVariables false`
warning: ZetaS/Top/OLLHeight5.lean:372:56: Variable name `j` is not explicitly referenced.

Hint: The binding can be removed (if unused) or named `_` (if used implicitly). Alternatively, prefix the name with `_` to silence this warning:
  [apply] _j

Note: This linter can be disabled with `set_option linter.unusedVariables false`
warning: ZetaS/Top/OLLHeight5.lean:373:9: Variable name `i` is not explicitly referenced.

Hint: The binding can be removed (if unused) or named `_` (if used implicitly). Alternatively, prefix the name with `_` to silence this warning:
  [apply] _i

Note: This linter can be disabled with `set_option linter.unusedVariables false`
warning: ZetaS/Top/OLLHeight5.lean:373:66: Variable name `i` is not explicitly referenced.

Hint: The binding can be removed (if unused) or named `_` (if used implicitly). Alternatively, prefix the name with `_` to silence this warning:
  [apply] _i

Note: This linter can be disabled with `set_option linter.unusedVariables false`
warning: ZetaS/Top/OLLHeight5.lean:373:68: Variable name `j` is not explicitly referenced.

Hint: The binding can be removed (if unused) or named `_` (if used implicitly). Alternatively, prefix the name with `_` to silence this warning:
  [apply] _j

Note: This linter can be disabled with `set_option linter.unusedVariables false`
warning: ZetaS/Top/OLLHeight5.lean:374:9: Variable name `i` is not explicitly referenced.

Hint: The binding can be removed (if unused) or named `_` (if used implicitly). Alternatively, prefix the name with `_` to silence this warning:
  [apply] _i

Note: This linter can be disabled with `set_option linter.unusedVariables false`
warning: ZetaS/Top/OLLHeight5.lean:374:11: Variable name `j` is not explicitly referenced.

Hint: The binding can be removed (if unused) or named `_` (if used implicitly). Alternatively, prefix the name with `_` to silence this warning:
  [apply] _j

Note: This linter can be disabled with `set_option linter.unusedVariables false`
warning: ZetaS/Top/OLLHeight5.lean:374:64: Variable name `i` is not explicitly referenced.

Hint: The binding can be removed (if unused) or named `_` (if used implicitly). Alternatively, prefix the name with `_` to silence this warning:
  [apply] _i

Note: This linter can be disabled with `set_option linter.unusedVariables false`
warning: ZetaS/Top/OLLHeight5.lean:375:9: Variable name `i` is not explicitly referenced.

Hint: The binding can be removed (if unused) or named `_` (if used implicitly). Alternatively, prefix the name with `_` to silence this warning:
  [apply] _i

Note: This linter can be disabled with `set_option linter.unusedVariables false`
warning: ZetaS/Top/OLLHeight5.lean:375:11: Variable name `j` is not explicitly referenced.

Hint: The binding can be removed (if unused) or named `_` (if used implicitly). Alternatively, prefix the name with `_` to silence this warning:
  [apply] _j

Note: This linter can be disabled with `set_option linter.unusedVariables false`
⚠ [9175/9270] Built ZetaS.ZeroSide.Z9a4_Frame (7.8s)
warning: ZetaS/ZeroSide/Z9a4_Frame.lean:37:4: try 'simp' instead of 'simpa'

Note: This linter can be disabled with `set_option linter.unnecessarySimpa false`
warning: ZetaS/ZeroSide/Z9a4_Frame.lean:84:13: Variable name `hP` is not explicitly referenced.

Hint: The binding can be removed (if unused) or named `_` (if used implicitly). Alternatively, prefix the name with `_` to silence this warning:
  [apply] _hP

Note: This linter can be disabled with `set_option linter.unusedVariables false`
warning: ZetaS/ZeroSide/Z9a4_Frame.lean:84:28: Variable name `heven` is not explicitly referenced.

Hint: The binding can be removed (if unused) or named `_` (if used implicitly). Alternatively, prefix the name with `_` to silence this warning:
  [apply] _heven

Note: This linter can be disabled with `set_option linter.unusedVariables false`
✔ [9176/9270] Built ZetaQ.EFChi (15s)
✔ [9177/9270] Built ZetaQ.ReflectedSieve (11s)
✔ [9178/9270] Built ZetaS.KSide.K5_TransferMcirc (11s)
✔ [9179/9270] Built ZetaS.Skeleton.K2_Packing (5.6s)
⚠ [9180/9270] Built ZetaQ.Tail (27s)
warning: ZetaQ/Tail.lean:1296:35: Variable name `hw` is not explicitly referenced.

Hint: The binding can be removed (if unused) or named `_` (if used implicitly). Alternatively, prefix the name with `_` to silence this warning:
  [apply] _hw

Note: This linter can be disabled with `set_option linter.unusedVariables false`
warning: ZetaQ/Tail.lean:1296:50: Variable name `hA` is not explicitly referenced.

Hint: The binding can be removed (if unused) or named `_` (if used implicitly). Alternatively, prefix the name with `_` to silence this warning:
  [apply] _hA

Note: This linter can be disabled with `set_option linter.unusedVariables false`
warning: ZetaQ/Tail.lean:1296:63: Variable name `hD` is not explicitly referenced.

Hint: The binding can be removed (if unused) or named `_` (if used implicitly). Alternatively, prefix the name with `_` to silence this warning:
  [apply] _hD

Note: This linter can be disabled with `set_option linter.unusedVariables false`
warning: ZetaQ/Tail.lean:1332:35: Variable name `hw` is not explicitly referenced.

Hint: The binding can be removed (if unused) or named `_` (if used implicitly). Alternatively, prefix the name with `_` to silence this warning:
  [apply] _hw

Note: This linter can be disabled with `set_option linter.unusedVariables false`
warning: ZetaQ/Tail.lean:1332:50: Variable name `hA` is not explicitly referenced.

Hint: The binding can be removed (if unused) or named `_` (if used implicitly). Alternatively, prefix the name with `_` to silence this warning:
  [apply] _hA

Note: This linter can be disabled with `set_option linter.unusedVariables false`
warning: ZetaQ/Tail.lean:1332:63: Variable name `hD` is not explicitly referenced.

Hint: The binding can be removed (if unused) or named `_` (if used implicitly). Alternatively, prefix the name with `_` to silence this warning:
  [apply] _hD

Note: This linter can be disabled with `set_option linter.unusedVariables false`
warning: ZetaQ/Tail.lean:1509:49: Variable name `hCenv` is not explicitly referenced.

Hint: The binding can be removed (if unused) or named `_` (if used implicitly). Alternatively, prefix the name with `_` to silence this warning:
  [apply] _hCenv

Note: This linter can be disabled with `set_option linter.unusedVariables false`
warning: ZetaQ/Tail.lean:1615:5: Variable name `haL` is not explicitly referenced.

Hint: The binding can be removed (if unused) or named `_` (if used implicitly). Alternatively, prefix the name with `_` to silence this warning:
  [apply] _haL

Note: This linter can be disabled with `set_option linter.unusedVariables false`
warning: ZetaQ/Tail.lean:1645:5: Variable name `haL` is not explicitly referenced.

Hint: The binding can be removed (if unused) or named `_` (if used implicitly). Alternatively, prefix the name with `_` to silence this warning:
  [apply] _haL

Note: This linter can be disabled with `set_option linter.unusedVariables false`
warning: ZetaQ/Tail.lean:1769:26: This simp argument is unused:
  Pi.single_apply

Hint: Omit it from the simp argument list.
  [apply] simp [hj]

Note: This linter can be disabled with `set_option linter.unusedSimpArgs false`
warning: ZetaQ/Tail.lean:1778:35: This simp argument is unused:
  Pi.single_apply

Hint: Omit it from the simp argument list.
  [apply] simp [hj]

Note: This linter can be disabled with `set_option linter.unusedSimpArgs false`
warning: ZetaQ/Tail.lean:1852:62: Variable name `hBtr` is not explicitly referenced.

Hint: The binding can be removed (if unused) or named `_` (if used implicitly). Alternatively, prefix the name with `_` to silence this warning:
  [apply] _hBtr

Note: This linter can be disabled with `set_option linter.unusedVariables false`
✔ [9181/9270] Built ZetaS.Skeleton.C25_ClassBridge (7.3s)
✔ [9182/9270] Built ZetaS.Cert.C10_KCosD3 (11s)
✔ [9183/9270] Built ZetaS.Cert.C03_Horner (6.3s)
⚠ [9184/9270] Built ZetaS.ZeroSide.Z9a6_Counts (8.2s)
warning: ZetaS/ZeroSide/Z9a6_Counts.lean:85:86: `Set.setOf_and` has been deprecated: Use `Set.ofPred_and` instead
✔ [9185/9270] Built ZetaS.KSide.K6_ThmG (8.9s)
⚠ [9186/9270] Built ZetaS.SigmaDist.OLLHeight (29s)
warning: ZetaS/SigmaDist/OLLHeight.lean:305:21: Variable name `he0` is not explicitly referenced.

Hint: The binding can be removed (if unused) or named `_` (if used implicitly). Alternatively, prefix the name with `_` to silence this warning:
  [apply] _he0

Note: This linter can be disabled with `set_option linter.unusedVariables false`
warning: ZetaS/SigmaDist/OLLHeight.lean:366:54: Variable name `i` is not explicitly referenced.

Hint: The binding can be removed (if unused) or named `_` (if used implicitly). Alternatively, prefix the name with `_` to silence this warning:
  [apply] _i

Note: This linter can be disabled with `set_option linter.unusedVariables false`
warning: ZetaS/SigmaDist/OLLHeight.lean:366:56: Variable name `j` is not explicitly referenced.

Hint: The binding can be removed (if unused) or named `_` (if used implicitly). Alternatively, prefix the name with `_` to silence this warning:
  [apply] _j

Note: This linter can be disabled with `set_option linter.unusedVariables false`
warning: ZetaS/SigmaDist/OLLHeight.lean:367:9: Variable name `i` is not explicitly referenced.

Hint: The binding can be removed (if unused) or named `_` (if used implicitly). Alternatively, prefix the name with `_` to silence this warning:
  [apply] _i

Note: This linter can be disabled with `set_option linter.unusedVariables false`
warning: ZetaS/SigmaDist/OLLHeight.lean:367:66: Variable name `i` is not explicitly referenced.

Hint: The binding can be removed (if unused) or named `_` (if used implicitly). Alternatively, prefix the name with `_` to silence this warning:
  [apply] _i

Note: This linter can be disabled with `set_option linter.unusedVariables false`
warning: ZetaS/SigmaDist/OLLHeight.lean:367:68: Variable name `j` is not explicitly referenced.

Hint: The binding can be removed (if unused) or named `_` (if used implicitly). Alternatively, prefix the name with `_` to silence this warning:
  [apply] _j

Note: This linter can be disabled with `set_option linter.unusedVariables false`
warning: ZetaS/SigmaDist/OLLHeight.lean:368:9: Variable name `i` is not explicitly referenced.

Hint: The binding can be removed (if unused) or named `_` (if used implicitly). Alternatively, prefix the name with `_` to silence this warning:
  [apply] _i

Note: This linter can be disabled with `set_option linter.unusedVariables false`
warning: ZetaS/SigmaDist/OLLHeight.lean:368:11: Variable name `j` is not explicitly referenced.

Hint: The binding can be removed (if unused) or named `_` (if used implicitly). Alternatively, prefix the name with `_` to silence this warning:
  [apply] _j

Note: This linter can be disabled with `set_option linter.unusedVariables false`
warning: ZetaS/SigmaDist/OLLHeight.lean:368:64: Variable name `i` is not explicitly referenced.

Hint: The binding can be removed (if unused) or named `_` (if used implicitly). Alternatively, prefix the name with `_` to silence this warning:
  [apply] _i

Note: This linter can be disabled with `set_option linter.unusedVariables false`
warning: ZetaS/SigmaDist/OLLHeight.lean:369:9: Variable name `i` is not explicitly referenced.

Hint: The binding can be removed (if unused) or named `_` (if used implicitly). Alternatively, prefix the name with `_` to silence this warning:
  [apply] _i

Note: This linter can be disabled with `set_option linter.unusedVariables false`
warning: ZetaS/SigmaDist/OLLHeight.lean:369:11: Variable name `j` is not explicitly referenced.

Hint: The binding can be removed (if unused) or named `_` (if used implicitly). Alternatively, prefix the name with `_` to silence this warning:
  [apply] _j

Note: This linter can be disabled with `set_option linter.unusedVariables false`
✔ [9187/9270] Built ZetaS.Skeleton.K5_TransferMcirc (5.5s)
✔ [9188/9270] Built ZetaS.Skeleton.C10_KCosD3 (5.0s)
✔ [9189/9270] Built ZetaS.Cert.C05_SinCosTaylor (6.8s)
✔ [9190/9270] Built ZetaS.Cert.C07b_SincEncl (7.5s)
⚠ [9191/9270] Built ZetaS.ZeroSide.Z9a5_FrameSpec (7.3s)
warning: ZetaS/ZeroSide/Z9a5_FrameSpec.lean:22:44: This simp argument is unused:
  Complex.re_sum

Hint: Omit it from the simp argument list.
  [apply] simp [RHLinalg.rtrace, toC, Matrix.trace]

Note: This linter can be disabled with `set_option linter.unusedSimpArgs false`
✔ [9192/9270] Built ZetaS.Skeleton.K6_ThmG (4.8s)
✔ [9193/9270] Built ZetaS.SigmaDist.A7_OLL (6.6s)
✔ [9194/9270] Built ZetaS.Cert.C06_SinCosPi (7.6s)
✔ [9195/9270] Built ZetaS.ZeroSide.Z9a_FrameAt (5.7s)
✔ [9196/9270] Built ZetaS.Skeleton.A7_OLL (4.9s)
✔ [9197/9270] Built ZetaS.ZeroSide.Z9_FrameOfZeroConfig_fix (10s)
✔ [9198/9270] Built ZetaS.Cert.C09_KEncl (14s)
✔ [9199/9270] Built ZetaS.Window.W2L_ZetaFramePoly_fix (9.8s)
✔ [9200/9270] Built ZetaS.SigmaDist.A8_SigmaDistAbstract (12s)
⚠ [9201/9270] Built ZetaS.Majorant.MajSoundNPos (30s)
warning: ZetaS/Majorant/MajSoundNPos.lean:133:14: this tactic is never executed

Note: This linter can be disabled with `set_option linter.unreachableTactic false`
warning: ZetaS/Majorant/MajSoundNPos.lean:133:4: 'all_goals
  first
  | exact hπ.le
  | positivity' tactic does nothing

Note: This linter can be disabled with `set_option linter.unusedTactic false`
warning: ZetaS/Majorant/MajSoundNPos.lean:276:5: Variable name `he` is not explicitly referenced.

Hint: The binding can be removed (if unused) or named `_` (if used implicitly). Alternatively, prefix the name with `_` to silence this warning:
  [apply] _he

Note: This linter can be disabled with `set_option linter.unusedVariables false`
warning: ZetaS/Majorant/MajSoundNPos.lean:352:34: 'push_cast at hk' ⊢' tactic does nothing

Note: This linter can be disabled with `set_option linter.unusedTactic false`
warning: ZetaS/Majorant/MajSoundNPos.lean:361:34: 'push_cast at hk' ⊢' tactic does nothing

Note: This linter can be disabled with `set_option linter.unusedTactic false`
✔ [9202/9270] Built ZetaS.ZeroSide.Z9_FrameOfZeroConfig (5.7s)
✔ [9203/9270] Built ZetaS.Cert.C11_TaylorModel (11s)
✔ [9204/9270] Built ZetaS.Window.W2L_ZetaFramePoly (7.3s)
✔ [9205/9270] Built ZetaS.Cert.C16_TangentLine (8.6s)
✔ [9206/9270] Built ZetaS.Majorant.NPosProof (5.7s)
⚠ [9207/9270] Built ZetaS.KSide.K0_FrameToGram (7.6s)
warning: ZetaS/KSide/K0_FrameToGram.lean:173:9: Used `tac1 <;> tac2` where `(tac1; tac2)` would suffice

Note: This linter can be disabled with `set_option linter.unnecessarySeqFocus false`
warning: ZetaS/KSide/K0_FrameToGram.lean:180:14: Used `tac1 <;> tac2` where `(tac1; tac2)` would suffice

Note: This linter can be disabled with `set_option linter.unnecessarySeqFocus false`
✔ [9208/9270] Built ZetaS.Top.A8K (8.9s)
✔ [9209/9270] Built ZetaS.Window.W2L_ZetaFrameCos (6.6s)
✔ [9210/9270] Built ZetaS.Skeleton.Z9_FrameOfZeroConfig (5.9s)
⚠ [9211/9270] Built ZetaQ.Payoff (347s)
warning: ZetaQ/Payoff.lean:2527:27: Variable name `hCbar` is not explicitly referenced.

Hint: The binding can be removed (if unused) or named `_` (if used implicitly). Alternatively, prefix the name with `_` to silence this warning:
  [apply] _hCbar

Note: This linter can be disabled with `set_option linter.unusedVariables false`
warning: ZetaQ/Payoff.lean:2554:27: Variable name `hCbar` is not explicitly referenced.

Hint: The binding can be removed (if unused) or named `_` (if used implicitly). Alternatively, prefix the name with `_` to silence this warning:
  [apply] _hCbar

Note: This linter can be disabled with `set_option linter.unusedVariables false`
✔ [9212/9270] Built ZetaS.Skeleton.C11_TaylorModel (8.8s)
✔ [9213/9270] Built ZetaS.Cert.C12_CellSound (9.0s)
✔ [9214/9270] Built ZetaS.Skeleton.W2L_ZetaFramePoly (7.9s)
✔ [9215/9270] Built ZetaS.KSide.K0_FrameToGramHEq (7.1s)
✔ [9216/9270] Built ZetaS.Skeleton.K0_FrameToGram (6.7s)
✔ [9217/9270] Built ZetaS.Majorant.MajSoundNMaj (30s)
⚠ [9218/9270] Built ZetaS.KSide.K7aux (14s)
warning: ZetaS/KSide/K7aux.lean:24:4: `push_neg` has been deprecated. Prefer using `push Not` instead.
If you'd rather continue using `push_neg` in your project, you can implement it as follows:
```
open Lean.Parser.Tactic in
macro "push_neg" cfg:optConfig loc:(location)? : tactic =>
  `(tactic| push $cfg:optConfig Not $[$loc]?)
```
warning: ZetaS/KSide/K7aux.lean:30:4: `push_neg` has been deprecated. Prefer using `push Not` instead.
If you'd rather continue using `push_neg` in your project, you can implement it as follows:
```
open Lean.Parser.Tactic in
macro "push_neg" cfg:optConfig loc:(location)? : tactic =>
  `(tactic| push $cfg:optConfig Not $[$loc]?)
```
warning: ZetaS/KSide/K7aux.lean:37:4: `push_neg` has been deprecated. Prefer using `push Not` instead.
If you'd rather continue using `push_neg` in your project, you can implement it as follows:
```
open Lean.Parser.Tactic in
macro "push_neg" cfg:optConfig loc:(location)? : tactic =>
  `(tactic| push $cfg:optConfig Not $[$loc]?)
```
warning: ZetaS/KSide/K7aux.lean:61:4: `push_neg` has been deprecated. Prefer using `push Not` instead.
If you'd rather continue using `push_neg` in your project, you can implement it as follows:
```
open Lean.Parser.Tactic in
macro "push_neg" cfg:optConfig loc:(location)? : tactic =>
  `(tactic| push $cfg:optConfig Not $[$loc]?)
```
✔ [9219/9270] Built ZetaS.Top.A7K5 (7.1s)
✔ [9220/9270] Built ZetaS.Skeleton.W2L_ZetaFrameCos (4.4s)
✔ [9221/9270] Built ZetaS.Cert.C13_SpanBounds (10s)
✔ [9222/9270] Built ZetaS.Skeleton.C12_CellSound (9.2s)
✔ [9223/9270] Built ZetaS.Majorant.CertMajV2Proof (15s)
✔ [9224/9270] Built ZetaS.Window.W1L_ZetaGramPoly (15s)
✔ [9225/9270] Built ZetaS.Top.A7K7b (19s)
✔ [9226/9270] Built ZetaS.KSide.K7_SCAbstract (31s)
⚠ [9227/9270] Built ZetaQ.DesignProfile (63s)
warning: ZetaQ/DesignProfile.lean:1114:37: This simp argument is unused:
  coeff_C_mul_X_pow

Hint: Omit it from the simp argument list.
  [apply] simp [designProfileQle, coeff_add, coeff_C, Polynomial.coeff_one]

Note: This linter can be disabled with `set_option linter.unusedSimpArgs false`
warning: ZetaQ/DesignProfile.lean:1114:56: This simp argument is unused:
  coeff_C

Hint: Omit it from the simp argument list.
  [apply] simp [designProfileQle, coeff_add, coeff_C_mul_X_pow, Polynomial.coeff_one]

Note: This linter can be disabled with `set_option linter.unusedSimpArgs false`
warning: ZetaQ/DesignProfile.lean:1121:40: This simp argument is unused:
  coeff_C_mul_X_pow

Hint: Omit it from the simp argument list.
  [apply] simp [designProfileDyadic, coeff_add, coeff_C, Polynomial.coeff_one]

Note: This linter can be disabled with `set_option linter.unusedSimpArgs false`
warning: ZetaQ/DesignProfile.lean:1121:59: This simp argument is unused:
  coeff_C

Hint: Omit it from the simp argument list.
  [apply] simp [designProfileDyadic, coeff_add, coeff_C_mul_X_pow, Polynomial.coeff_one]

Note: This linter can be disabled with `set_option linter.unusedSimpArgs false`
warning: ZetaQ/DesignProfile.lean:1195:5: Variable name `hB0` is not explicitly referenced.

Hint: The binding can be removed (if unused) or named `_` (if used implicitly). Alternatively, prefix the name with `_` to silence this warning:
  [apply] _hB0

Note: This linter can be disabled with `set_option linter.unusedVariables false`
⚠ [9228/9270] Built ZetaS.Cert.C19b_CvxLeaf (21s)
warning: ZetaS/Cert/C19b_CvxLeaf.lean:69:92: Used `tac1 <;> tac2` where `(tac1; tac2)` would suffice

Note: This linter can be disabled with `set_option linter.unnecessarySeqFocus false`
warning: ZetaS/Cert/C19b_CvxLeaf.lean:201:53: Variable name `hg0` is not explicitly referenced.

Hint: The binding can be removed (if unused) or named `_` (if used implicitly). Alternatively, prefix the name with `_` to silence this warning:
  [apply] _hg0

Note: This linter can be disabled with `set_option linter.unusedVariables false`
✔ [9229/9270] Built ZetaS.Skeleton.C13_SpanBounds (12s)
ℹ [9230/9270] Built ZetaS.Majorant.CertMajProof (14s)
info: ZetaS/Majorant/CertMajProof.lean:50:0: 'ZetaS.MajSound.certMaj_proved' depends on axioms: [propext, Classical.choice, Quot.sound]
⚠ [9231/9270] Built ZetaS.Cert.C18_LPLeaf (25s)
warning: ZetaS/Cert/C18_LPLeaf.lean:297:20: this tactic is never executed

Note: This linter can be disabled with `set_option linter.unreachableTactic false`
warning: ZetaS/Cert/C18_LPLeaf.lean:298:16: Used `tac1 <;> tac2` where `(tac1; tac2)` would suffice

Note: This linter can be disabled with `set_option linter.unnecessarySeqFocus false`
warning: ZetaS/Cert/C18_LPLeaf.lean:299:16: Used `tac1 <;> tac2` where `(tac1; tac2)` would suffice

Note: This linter can be disabled with `set_option linter.unnecessarySeqFocus false`
warning: ZetaS/Cert/C18_LPLeaf.lean:297:20: 'omega' tactic does nothing

Note: This linter can be disabled with `set_option linter.unusedTactic false`
warning: ZetaS/Cert/C18_LPLeaf.lean:308:51: Variable name `hg0` is not explicitly referenced.

Hint: The binding can be removed (if unused) or named `_` (if used implicitly). Alternatively, prefix the name with `_` to silence this warning:
  [apply] _hg0

Note: This linter can be disabled with `set_option linter.unusedVariables false`
✔ [9232/9270] Built ZetaS.Skeleton.W1L_ZetaGramPoly (9.8s)
✔ [9233/9270] Built ZetaS.Skeleton.K7_SCAbstract (10s)
✔ [9234/9270] Built ZetaS.Top.TopSolution (12s)
✔ [9235/9270] Built ZetaS.Skeleton.C19b_CvxLeaf (10s)
✔ [9236/9270] Built ZetaS.Cert.C20_NodeSound (12s)
✔ [9237/9270] Built ZetaS.Top.TopSolutionGeneral (12s)
✔ [9238/9270] Built ZetaS.Top.TopFinal (11s)
✔ [9239/9270] Built ZetaS.Top.TopSSC (11s)
✔ [9241/9601] Built ZetaS.Cert.C21_CertSound (12s)
⚠ [9242/9601] Built ZetaShell.Challenge (11s)
warning: ZetaShell/Challenge.lean:240:8: declaration uses `sorry`
warning: ZetaShell/Challenge.lean:250:8: declaration uses `sorry`
warning: ZetaShell/Challenge.lean:292:8: declaration uses `sorry`
warning: ZetaShell/Challenge.lean:305:8: declaration uses `sorry`
✔ [9243/9601] Built ZetaShell.Defs.TF_Defs (7.2s)
✔ [9244/9601] Built ZetaShell.Farey.Z6b_Rectangles (17s)
✔ [9245/9601] Built ZetaShell.Lemma2.A2P_S2_ConvSum (6.6s)
✔ [9246/9601] Built ZetaQ.PayoffSmooth (86s)
✔ [9247/9601] Built ZetaShell.Lemma2.A2a_S2_CRT (6.9s)
⚠ [9248/9601] Built ZetaShell.Lemma2.L711_MuSqPhi (11s)
warning: ZetaShell/Lemma2/L711_MuSqPhi.lean:253:38: Variable name `hn` is not explicitly referenced.

Hint: The binding can be removed (if unused) or named `_` (if used implicitly). Alternatively, prefix the name with `_` to silence this warning:
  [apply] _hn

Note: This linter can be disabled with `set_option linter.unusedVariables false`
⚠ [9249/9601] Built ZetaQ.Normalisation (185s)
warning: ZetaQ/Normalisation.lean:876:17: this tactic is never executed

Note: This linter can be disabled with `set_option linter.unreachableTactic false`
warning: ZetaQ/Normalisation.lean:878:17: this tactic is never executed

Note: This linter can be disabled with `set_option linter.unreachableTactic false`
warning: ZetaQ/Normalisation.lean:876:17: 'linarith' tactic does nothing

Note: This linter can be disabled with `set_option linter.unusedTactic false`
warning: ZetaQ/Normalisation.lean:878:17: 'linarith' tactic does nothing

Note: This linter can be disabled with `set_option linter.unusedTactic false`
warning: ZetaQ/Normalisation.lean:2547:5: Variable name `hT` is not explicitly referenced.

Hint: The binding can be removed (if unused) or named `_` (if used implicitly). Alternatively, prefix the name with `_` to silence this warning:
  [apply] _hT

Note: This linter can be disabled with `set_option linter.unusedVariables false`
warning: ZetaQ/Normalisation.lean:2879:29: Variable name `hα1` is not explicitly referenced.

Hint: The binding can be removed (if unused) or named `_` (if used implicitly). Alternatively, prefix the name with `_` to silence this warning:
  [apply] _hα1

Note: This linter can be disabled with `set_option linter.unusedVariables false`
warning: ZetaQ/Normalisation.lean:3439:4: `push_neg` has been deprecated. Prefer using `push Not` instead.
If you'd rather continue using `push_neg` in your project, you can implement it as follows:
```
open Lean.Parser.Tactic in
macro "push_neg" cfg:optConfig loc:(location)? : tactic =>
  `(tactic| push $cfg:optConfig Not $[$loc]?)
```
⚠ [9250/9601] Built ZetaShell.Lemma2.A2a_S2_Mobius (5.9s)
warning: ZetaShell/Lemma2/A2a_S2_Mobius.lean:61:4: `push_neg` has been deprecated. Prefer using `push Not` instead.
If you'd rather continue using `push_neg` in your project, you can implement it as follows:
```
open Lean.Parser.Tactic in
macro "push_neg" cfg:optConfig loc:(location)? : tactic =>
  `(tactic| push $cfg:optConfig Not $[$loc]?)
```
⚠ [9251/9601] Built ZetaShell.Lemma2.A2a_S2s_AbsMu (5.7s)
warning: ZetaShell/Lemma2/A2a_S2s_AbsMu.lean:26:16: this tactic is never executed

Note: This linter can be disabled with `set_option linter.unreachableTactic false`
warning: ZetaShell/Lemma2/A2a_S2s_AbsMu.lean:26:16: 'simp [Multiset.toFinset, Multiset.coe_dedup]' tactic does nothing

Note: This linter can be disabled with `set_option linter.unusedTactic false`
✔ [9252/9601] Built ZetaShell.Lemma2.A2a_S0_Lines (8.2s)
✔ [9253/9601] Built ZetaShell.Lemma2.A2a_S2c_ProgSum (18s)
ℹ [9254/9601] Built ZetaShell.Cert.ShellCertQ (66s)
info: ZetaShell/Cert/ShellCertQ.lean:184:0: 'ZetaShell.CertQ.BS53_le' depends on axioms: [propext, Classical.choice, Quot.sound]
info: ZetaShell/Cert/ShellCertQ.lean:185:0: 'ZetaShell.CertQ.BD53_le' depends on axioms: [propext, Classical.choice, Quot.sound]
info: ZetaShell/Cert/ShellCertQ.lean:186:0: 'ZetaShell.CertQ.BS53_not_le_next' depends on axioms: [propext, Classical.choice, Quot.sound]
info: ZetaShell/Cert/ShellCertQ.lean:187:0: 'ZetaShell.CertQ.l75_S53' depends on axioms: [propext, Classical.choice, Quot.sound]
info: ZetaShell/Cert/ShellCertQ.lean:188:0: 'ZetaShell.CertQ.l75_D53' depends on axioms: [propext, Classical.choice, Quot.sound]
✔ [9255/9601] Built ZetaShell.Lemma2.A2a_S3d_JsumAux (7.4s)
✔ [9256/9601] Built ZetaShell.Lemma2.A2a_S2_Progression (6.2s)
⚠ [9257/9601] Built ZetaShell.LemmaK.LK9_K4b_Aux (6.2s)
warning: ZetaShell/LemmaK/LK9_K4b_Aux.lean:22:22: Variable name `p` is not explicitly referenced.

Hint: The binding can be removed (if unused) or named `_` (if used implicitly). Alternatively, prefix the name with `_` to silence this warning:
  [apply] _p

Note: This linter can be disabled with `set_option linter.unusedVariables false`
ℹ [9258/9601] Built ZetaShell.PNT.PNTMedium (4.6s)
info: ZetaShell/PNT/PNTMedium.lean:56:0: 'L7_2.pntErrorTermMedium' depends on axioms: [propext, Classical.choice, Quot.sound]
info: ZetaShell/PNT/PNTMedium.lean:57:0: 'L7_2.exp_rpow_tenth_isLittleO' depends on axioms: [propext, Classical.choice, Quot.sound]
info: ZetaShell/PNT/PNTMedium.lean:58:0: 'L7_2.psi_sub_id_isLittleO_log_rpow' depends on axioms: [propext, Classical.choice, Quot.sound]
✔ [9259/9601] Built ZetaShell.LemmaK.LK9_K5_Tail (8.6s)
✔ [9260/9601] Built ZetaShell.PropZ.DT_Facts (7.9s)
✔ [9261/9601] Built ZetaShell.PropZ.FourierLink (7.6s)
✔ [9262/9601] Built ZetaShell.ShellS.L12b_Window (8.5s)
⚠ [9263/9601] Built ZetaShell.ShellS.L12b_Pair (10s)
warning: ZetaShell/ShellS/L12b_Pair.lean:21:55: Variable name `hbR` is not explicitly referenced.

Hint: The binding can be removed (if unused) or named `_` (if used implicitly). Alternatively, prefix the name with `_` to silence this warning:
  [apply] _hbR

Note: This linter can be disabled with `set_option linter.unusedVariables false`
✔ [9264/9603] Built ZetaShell.ShellS.L12_Aux (6.4s)
✔ [9265/9603] Built ZetaShell.ShellS.L12b_RPhi (12s)
ℹ [9266/9603] Built ZetaShell.LemmaK.LK_KCq (23s)
info: ZetaShell/LemmaK/LK_KCq.lean:174:0: 'ZetaShell.LemmaK.CertQ.BKdesign_le' depends on axioms: [propext, Classical.choice, Quot.sound]
info: ZetaShell/LemmaK/LK_KCq.lean:175:0: 'ZetaShell.LemmaK.CertQ.BKlam8_le' depends on axioms: [propext, Classical.choice, Quot.sound]
info: ZetaShell/LemmaK/LK_KCq.lean:176:0: 'ZetaShell.LemmaK.CertQ.BKlam8_not_72375' depends on axioms: [propext, Classical.choice, Quot.sound]
info: ZetaShell/LemmaK/LK_KCq.lean:177:0: 'ZetaShell.LemmaK.CertQ.BKivPrime_le' depends on axioms: [propext, Classical.choice, Quot.sound]
info: ZetaShell/LemmaK/LK_KCq.lean:178:0: 'ZetaShell.LemmaK.CertQ.BKivPrime_not_le' depends on axioms: [propext, Classical.choice, Quot.sound]
info: ZetaShell/LemmaK/LK_KCq.lean:179:0: 'ZetaShell.LemmaK.CertQ.BKdesign_not_le' depends on axioms: [propext, Classical.choice, Quot.sound]
info: ZetaShell/LemmaK/LK_KCq.lean:180:0: 'ZetaShell.LemmaK.CertQ.side_design' depends on axioms: [propext, Classical.choice, Quot.sound]
info: ZetaShell/LemmaK/LK_KCq.lean:181:0: 'ZetaShell.LemmaK.CertQ.side_lam8' depends on axioms: [propext, Classical.choice, Quot.sound]
⚠ [9267/9603] Built Challenge (6.7s)
warning: comparator/Challenge.lean:40:8: declaration uses `sorry`
warning: comparator/Challenge.lean:45:8: declaration uses `sorry`
warning: comparator/Challenge.lean:51:8: declaration uses `sorry`
warning: comparator/Challenge.lean:56:8: declaration uses `sorry`
warning: comparator/Challenge.lean:61:8: declaration uses `sorry`
warning: comparator/Challenge.lean:66:8: declaration uses `sorry`
warning: comparator/Challenge.lean:72:8: declaration uses `sorry`
warning: comparator/Challenge.lean:78:8: declaration uses `sorry`
warning: comparator/Challenge.lean:83:8: declaration uses `sorry`
warning: comparator/Challenge.lean:90:8: declaration uses `sorry`
warning: comparator/Challenge.lean:97:8: declaration uses `sorry`
warning: comparator/Challenge.lean:104:8: declaration uses `sorry`
warning: comparator/Challenge.lean:111:8: declaration uses `sorry`
warning: comparator/Challenge.lean:117:8: declaration uses `sorry`
warning: comparator/Challenge.lean:123:8: declaration uses `sorry`
⚠ [9269/9603] Built ZetaShell.ShellK.LF_K3bArith (13s)
warning: ZetaShell/ShellK/LF_K3bArith.lean:26:5: Variable name `hCf` is not explicitly referenced.

Hint: The binding can be removed (if unused) or named `_` (if used implicitly). Alternatively, prefix the name with `_` to silence this warning:
  [apply] _hCf

Note: This linter can be disabled with `set_option linter.unusedVariables false`
ℹ [9270/9603] Built ZetaS.Cert.ChainV3 (5.8s)
info: ZetaS/Cert/ChainV3.lean:34:0: 118 V3 constants (98 without auxiliary matchers/recursors): [ZetaS.CertV2.Acc, ZetaS.CertV2.Acc.kap, ZetaS.CertV2.Acc.mk, ZetaS.CertV2.Acc.ok, ZetaS.CertV2.Acc.rho, ZetaS.CertV2.Box, ZetaS.CertV2.Box.center, ZetaS.CertV2.Box.half, ZetaS.CertV2.Box.splitAt, ZetaS.CertV2.CAcc, ZetaS.CertV2.CAcc.Flo, ZetaS.CertV2.CAcc.P, ZetaS.CertV2.CAcc.grad, ZetaS.CertV2.CAcc.mk, ZetaS.CertV2.CAcc.ok, ZetaS.CertV2.Cell, ZetaS.CertV2.Cell.mk, ZetaS.CertV2.Cell.n, ZetaS.CertV2.Cell.phi, ZetaS.CertV2.Cell.plo, ZetaS.CertV2.Cell.wlo, ZetaS.CertV2.KPt, ZetaS.CertV2.KPt.k0, ZetaS.CertV2.KPt.k1, ZetaS.CertV2.KPt.k2, ZetaS.CertV2.KPt.mk, ZetaS.CertV2.KPt.x, ZetaS.CertV2.LIQ, ZetaS.CertV2.LIQ.claim, ZetaS.CertV2.LIQ.d, ZetaS.CertV2.LIQ.mk, ZetaS.CertV2.LIQ.mu, ZetaS.CertV2.LIQ.spans, ZetaS.CertV2.Leaf, ZetaS.CertV2.Leaf.cap, ZetaS.CertV2.Leaf.check, ZetaS.CertV2.Leaf.convex, ZetaS.CertV2.Leaf.lp, ZetaS.CertV2.M3, ZetaS.CertV2.Node, ZetaS.CertV2.Node.check, ZetaS.CertV2.Node.leaf, ZetaS.CertV2.Node.split, ZetaS.CertV2.QI, ZetaS.CertV2.QI.absMax, ZetaS.CertV2.QI.add, ZetaS.CertV2.QI.grid, ZetaS.CertV2.QI.hi, ZetaS.CertV2.QI.inv, ZetaS.CertV2.QI.lo, ZetaS.CertV2.QI.mk, ZetaS.CertV2.QI.mul, ZetaS.CertV2.QI.neg, ZetaS.CertV2.QI.pt, ZetaS.CertV2.QI.rdn, ZetaS.CertV2.QI.rup, ZetaS.CertV2.QI.smul, ZetaS.CertV2.QI.sq, ZetaS.CertV2.QI.sub, ZetaS.CertV2.QI.superset, ZetaS.CertV2.QI.widen, ZetaS.CertV2.SpanD, ZetaS.CertV2.SpanD.a, ZetaS.CertV2.SpanD.b, ZetaS.CertV2.SpanD.c, ZetaS.CertV2.SpanD.cells, ZetaS.CertV2.SpanD.h, ZetaS.CertV2.SpanD.mk, ZetaS.CertV2.addOn, ZetaS.CertV2.boxMinLin, ZetaS.CertV2.cellOk, ZetaS.CertV2.checkCap, ZetaS.CertV2.checkConvex, ZetaS.CertV2.checkLP, ZetaS.CertV2.chunks5, ZetaS.CertV2.consecCells, ZetaS.CertV2.cosA, ZetaS.CertV2.cosQI, ZetaS.CertV2.cvxSpan, ZetaS.CertV2.cw, ZetaS.CertV2.fact, ZetaS.CertV2.horner, ZetaS.CertV2.inv2sincA, ZetaS.CertV2.kEnclQ, ZetaS.CertV2.kptOk, ZetaS.CertV2.lpSpan, ZetaS.CertV2.lsum, ZetaS.CertV2.minLin, ZetaS.CertV2.piQ, ZetaS.CertV2.psdLDL, ZetaS.CertV2.qabs, ZetaS.CertV2.sinA, ZetaS.CertV2.sinCosPiQ, ZetaS.CertV2.sinQI, ZetaS.CertV2.sincDerivsQI, ZetaS.CertV2.spanBounds, ZetaS.CertV2.tangentLine, ZetaS.CertV2.taylorModel]
✔ [9271/9603] Built ZetaShell.PropZ.ZDefs (7.4s)
✔ [9272/9603] Built ZetaShell.Farey.A1_SignedFarey (11s)
✔ [9273/9603] Built ZetaShell.Lemma2.A2_FareyBasics (9.4s)
✔ [9274/9603] Built ZetaShell.Farey.Astar_Gauss (10s)
✔ [9275/9603] Built ZetaShell.Farey.A1p_ReplaceCost (6.7s)
✔ [9276/9603] Built ZetaShell.Farey.A1p_SmallPrimeNorm (8.5s)
✔ [9277/9603] Built ZetaShell.Farey.AF1_HoleEdgeMass (17s)
✔ [9278/9603] Built ZetaShell.Lemma2.A2a_S2_OneClass (13s)
✔ [9279/9603] Built ZetaQ.RampLink (19s)
✔ [9280/9603] Built ZetaQ.EvenFam (29s)
⚠ [9281/9603] Built ZetaShell.Lemma2.A2a_S2c_ProgGeneral (25s)
warning: ZetaShell/Lemma2/A2a_S2c_ProgGeneral.lean:45:6: `push_neg` has been deprecated. Prefer using `push Not` instead.
If you'd rather continue using `push_neg` in your project, you can implement it as follows:
```
open Lean.Parser.Tactic in
macro "push_neg" cfg:optConfig loc:(location)? : tactic =>
  `(tactic| push $cfg:optConfig Not $[$loc]?)
```
warning: ZetaShell/Lemma2/A2a_S2c_ProgGeneral.lean:78:6: `push_neg` has been deprecated. Prefer using `push Not` instead.
If you'd rather continue using `push_neg` in your project, you can implement it as follows:
```
open Lean.Parser.Tactic in
macro "push_neg" cfg:optConfig loc:(location)? : tactic =>
  `(tactic| push $cfg:optConfig Not $[$loc]?)
```
warning: ZetaShell/Lemma2/A2a_S2c_ProgGeneral.lean:26:69: Variable name `hab` is not explicitly referenced.

Hint: The binding can be removed (if unused) or named `_` (if used implicitly). Alternatively, prefix the name with `_` to silence this warning:
  [apply] _hab

Note: This linter can be disabled with `set_option linter.unusedVariables false`
✔ [9282/9603] Built ZetaShell.Cert.TR_Poly (18s)
✔ [9283/9603] Built ZetaShell.Cert.TR_Q (4.9s)
✔ [9284/9603] Built ZetaShell.Lemma2.A2P_LineSumCore (92s)
✔ [9285/9605] Built ZetaShell.PropZ.DT_Facts2 (12s)
✔ [9286/9605] Built Solution (12s)
✔ [9288/9605] Built ZetaS (10s)
⚠ [9290/9605] Built ZetaShell.PropZ.Z5a_Plancherel (17s)
warning: ZetaShell/PropZ/Z5a_Plancherel.lean:178:23: 'ring' tactic does nothing

Note: This linter can be disabled with `set_option linter.unusedTactic false`
⚠ [9291/9605] Built ZetaShell.PropZ.Z5c_FamilyErrors (34s)
warning: ZetaShell/PropZ/Z5c_FamilyErrors.lean:22:17: `push_neg` has been deprecated. Prefer using `push Not` instead.
If you'd rather continue using `push_neg` in your project, you can implement it as follows:
```
open Lean.Parser.Tactic in
macro "push_neg" cfg:optConfig loc:(location)? : tactic =>
  `(tactic| push $cfg:optConfig Not $[$loc]?)
```
✔ [9292/9605] Built ZetaShell.PropZ.Z5b_Weil (11s)
⚠ [9293/9605] Built ZetaShell.Skeleton.Z5_PropZ (11s)
warning: ZetaShell/Skeleton/Z5_PropZ.lean:22:8: declaration uses `sorry`
✔ [9294/9605] Built ZetaShell.PropZ.ZDefsW (10s)
⚠ [9295/9605] Built ZetaQ.Ends (163s)
warning: ZetaQ/Ends.lean:3008:5: Variable name `hQn` is not explicitly referenced.

Hint: The binding can be removed (if unused) or named `_` (if used implicitly). Alternatively, prefix the name with `_` to silence this warning:
  [apply] _hQn

Note: This linter can be disabled with `set_option linter.unusedVariables false`
✔ [9296/9605] Built ZetaShell.Lemma2.A2c_Holes (14s)
⚠ [9297/9605] Built ZetaShell.PropZ.ZZ2h_NspCore (35s)
warning: ZetaShell/PropZ/ZZ2h_NspCore.lean:50:20: Variable name `hκ` is not explicitly referenced.

Hint: The binding can be removed (if unused) or named `_` (if used implicitly). Alternatively, prefix the name with `_` to silence this warning:
  [apply] _hκ

Note: This linter can be disabled with `set_option linter.unusedVariables false`
warning: ZetaShell/PropZ/ZZ2h_NspCore.lean:134:7: Variable name `f` is not explicitly referenced.

Hint: The binding can be removed (if unused) or named `_` (if used implicitly). Alternatively, prefix the name with `_` to silence this warning:
  [apply] _f

Note: This linter can be disabled with `set_option linter.unusedVariables false`
✔ [9298/9605] Built ZetaShell.Lemma2.A2b_DensityBound (8.1s)
✔ [9299/9605] Built ZetaShell.Farey.A1p_FarNorm (9.2s)
✔ [9300/9605] Built ZetaShell.Skeleton.Astar_Corr (14s)
✔ [9301/9605] Built ZetaShell.Lemma2.A2a_S2_CRTExist (9.3s)
✔ [9302/9605] Built ZetaShell.Cert.TR_L75 (8.1s)
✔ [9304/9608] Built ZetaShell.Cert.TR_Biv (7.9s)
✔ [9305/9608] Built ChallengeDeps.FollowUpZeta (7.6s)
✔ [9306/9608] Built ZetaShell.PropZ.Z5a_PlancherelMajorant (8.2s)
⚠ [9307/9608] Built ZetaShell.Skeleton.A2P_LineProfile (17s)
warning: ZetaShell/Skeleton/A2P_LineProfile.lean:208:30: Variable name `hp` is not explicitly referenced.

Hint: The binding can be removed (if unused) or named `_` (if used implicitly). Alternatively, prefix the name with `_` to silence this warning:
  [apply] _hp

Note: This linter can be disabled with `set_option linter.unusedVariables false`
warning: ZetaShell/Skeleton/A2P_LineProfile.lean:571:8: `push_neg` has been deprecated. Prefer using `push Not` instead.
If you'd rather continue using `push_neg` in your project, you can implement it as follows:
```
open Lean.Parser.Tactic in
macro "push_neg" cfg:optConfig loc:(location)? : tactic =>
  `(tactic| push $cfg:optConfig Not $[$loc]?)
```
✔ [9308/9608] Built ZetaShell.PropZ.Z5b_WeilOne (6.2s)
✔ [9309/9608] Built ZetaShell.PropZ.MellinDecay (6.6s)
⚠ [9310/9608] Built ZetaShell.Skeleton.Z5_Steps (5.9s)
warning: ZetaShell/Skeleton/Z5_Steps.lean:38:8: declaration uses `sorry`
warning: ZetaShell/Skeleton/Z5_Steps.lean:46:8: declaration uses `sorry`
✔ [9311/9608] Built ZetaShell.ShellS.L10_Defs (6.8s)
✔ [9312/9608] Built ZetaShell.PropZ.ZZ4_Count (16s)
✔ [9313/9608] Built ZetaShell.PropZ.ZR_Digamma (14s)
✔ [9314/9608] Built ZetaShell.PropZ.ZB_As (7.3s)
⚠ [9315/9608] Built ZetaShell.PropZ.Z5c_FamilyErrorsW (22s)
warning: ZetaShell/PropZ/Z5c_FamilyErrorsW.lean:20:17: `push_neg` has been deprecated. Prefer using `push Not` instead.
If you'd rather continue using `push_neg` in your project, you can implement it as follows:
```
open Lean.Parser.Tactic in
macro "push_neg" cfg:optConfig loc:(location)? : tactic =>
  `(tactic| push $cfg:optConfig Not $[$loc]?)
```
✔ [9316/9608] Built ZetaShell.PropZ.ZZ0_Defs (4.8s)
✔ [9317/9608] Built ZetaShell.Cert.R5_D53 (9.4s)
✔ [9318/9608] Built ZetaShell.Cert.R5_S53 (9.8s)
✔ [9319/9608] Built ZetaShell.Cert.TR_Psi (9.7s)
✔ [9320/9608] Built ChallengeDeps.FollowUpFamily (9.7s)
✔ [9321/9608] Built Solution.FollowUpZeta (9.3s)
⚠ [9322/9608] Built ZetaShell.Skeleton.Z5b_SmoothEF (13s)
warning: ZetaShell/Skeleton/Z5b_SmoothEF.lean:21:8: declaration uses `sorry`
warning: ZetaShell/Skeleton/Z5b_SmoothEF.lean:34:8: declaration uses `sorry`
⚠ [9323/9608] Built ZetaShell.Lemma2.L711_QphiSum (31s)
warning: ZetaShell/Lemma2/L711_QphiSum.lean:131:11: Used `tac1 <;> tac2` where `(tac1; tac2)` would suffice

Note: This linter can be disabled with `set_option linter.unnecessarySeqFocus false`
warning: ZetaShell/Lemma2/L711_QphiSum.lean:197:13: Used `tac1 <;> tac2` where `(tac1; tac2)` would suffice

Note: This linter can be disabled with `set_option linter.unnecessarySeqFocus false`
warning: ZetaShell/Lemma2/L711_QphiSum.lean:200:13: Used `tac1 <;> tac2` where `(tac1; tac2)` would suffice

Note: This linter can be disabled with `set_option linter.unnecessarySeqFocus false`
warning: ZetaShell/Lemma2/L711_QphiSum.lean:487:2: `push_neg` has been deprecated. Prefer using `push Not` instead.
If you'd rather continue using `push_neg` in your project, you can implement it as follows:
```
open Lean.Parser.Tactic in
macro "push_neg" cfg:optConfig loc:(location)? : tactic =>
  `(tactic| push $cfg:optConfig Not $[$loc]?)
```
✔ [9324/9608] Built ZetaShell.PropZ.ZP_IBP (12s)
⚠ [9325/9608] Built ZetaShell.Skeleton.L10_Z6d (9.0s)
warning: ZetaShell/Skeleton/L10_Z6d.lean:23:8: declaration uses `sorry`
⚠ [9326/9608] Built ZetaShell.Skeleton.L10_AS (10s)
warning: ZetaShell/Skeleton/L10_AS.lean:28:8: declaration uses `sorry`
✔ [9327/9608] Built ZetaShell.ShellS.L10_S4 (26s)
✔ [9328/9608] Built ZetaShell.ShellS.L12c_Zsize (32s)
✔ [9329/9608] Built ZetaShell.ShellS.L12b_LocalCount (12s)
⚠ [9330/9608] Built ZetaShell.ShellS.L10_Z6c (25s)
warning: ZetaShell/ShellS/L10_Z6c.lean:29:40: Variable name `hT` is not explicitly referenced.

Hint: The binding can be removed (if unused) or named `_` (if used implicitly). Alternatively, prefix the name with `_` to silence this warning:
  [apply] _hT

Note: This linter can be disabled with `set_option linter.unusedVariables false`
warning: ZetaShell/ShellS/L10_Z6c.lean:30:37: Variable name `hε1` is not explicitly referenced.

Hint: The binding can be removed (if unused) or named `_` (if used implicitly). Alternatively, prefix the name with `_` to silence this warning:
  [apply] _hε1

Note: This linter can be disabled with `set_option linter.unusedVariables false`
⚠ [9331/9608] Built ZetaShell.PropZ.ZR_PhiPw0 (10s)
warning: ZetaShell/PropZ/ZR_PhiPw0.lean:42:15: `Set.mem_setOf_eq` has been deprecated: Use `Set.mem_ofPred_eq` instead
✔ [9332/9608] Built ZetaShell.PropZ.ZZ1a_Scaling (13s)
✔ [9333/9608] Built ZetaShell.ShellS.L12_S3 (32s)
✔ [9334/9608] Built ZetaShell.PropZ.ZZ2d_Young (16s)
✔ [9335/9608] Built ZetaShell.Cert.TR_Bshell (13s)
✔ [9336/9608] Built ZetaShell.PropZ.ZZ2c_HL2 (25s)
⚠ [9337/9608] Built Challenge.FollowUpFamily (10s)
warning: comparator/Challenge/FollowUpFamily.lean:29:8: declaration uses `sorry`
warning: comparator/Challenge/FollowUpFamily.lean:41:8: declaration uses `sorry`
⚠ [9338/9608] Built ZetaShell.ShellS.L12b_Char (22s)
warning: ZetaShell/ShellS/L12b_Char.lean:171:58: Variable name `hT` is not explicitly referenced.

Hint: The binding can be removed (if unused) or named `_` (if used implicitly). Alternatively, prefix the name with `_` to silence this warning:
  [apply] _hT

Note: This linter can be disabled with `set_option linter.unusedVariables false`
⚠ [9339/9608] Built ZetaShell.PropZ.ZZ3b_Irho (12s)
warning: ZetaShell/PropZ/ZZ3b_Irho.lean:66:22: `push_neg` has been deprecated. Prefer using `push Not` instead.
If you'd rather continue using `push_neg` in your project, you can implement it as follows:
```
open Lean.Parser.Tactic in
macro "push_neg" cfg:optConfig loc:(location)? : tactic =>
  `(tactic| push $cfg:optConfig Not $[$loc]?)
```
warning: ZetaShell/PropZ/ZZ3b_Irho.lean:74:85: Variable name `hf` is not explicitly referenced.

Hint: The binding can be removed (if unused) or named `_` (if used implicitly). Alternatively, prefix the name with `_` to silence this warning:
  [apply] _hf

Note: This linter can be disabled with `set_option linter.unusedVariables false`
✔ [9340/9608] Built ZetaShell.PropZ.ZZ2b_Trivial (7.0s)
✔ [9341/9608] Built ZetaShell.PropZ.ZR_Phi2 (47s)
✔ [9342/9608] Built ZetaShell.ShellS.L12c_Shell (6.8s)
✔ [9343/9608] Built ZetaShell.PropZ.ZZ3c_Q (8.0s)
✔ [9344/9608] Built ZetaShell.PropZ.ZZ2e_Fourier (6.8s)
✔ [9345/9608] Built ZetaShell.ShellS.L12b_Z6a (19s)
⚠ [9346/9608] Built ZetaShell.ShellS.L12c_Family (7.2s)
warning: ZetaShell/ShellS/L12c_Family.lean:126:46: Variable name `ha0` is not explicitly referenced.

Hint: The binding can be removed (if unused) or named `_` (if used implicitly). Alternatively, prefix the name with `_` to silence this warning:
  [apply] _ha0

Note: This linter can be disabled with `set_option linter.unusedVariables false`
⚠ [9347/9608] Built ZetaQ.Zones (254s)
info: ZetaQ/Zones.lean:1560:0: 'ZetaQ.Zones.exists_designFamily_regime' depends on axioms: [propext, Classical.choice, Quot.sound]
warning: ZetaQ/Zones.lean:1822:21: `Set.mem_setOf_eq` has been deprecated: Use `Set.mem_ofPred_eq` instead
info: ZetaQ/Zones.lean:2087:6: Try this:
  [apply] ring_nf
  
  The `ring` tactic failed to close the goal. Use `ring_nf` to obtain a normal form.
    
  Note that `ring` works primarily in *commutative* rings. If you have a noncommutative ring, abelian group or module, consider using `noncomm_ring`, `abel` or `module` instead.
warning: ZetaQ/Zones.lean:2003:5: Variable name `hu₁sq` is not explicitly referenced.

Hint: The binding can be removed (if unused) or named `_` (if used implicitly). Alternatively, prefix the name with `_` to silence this warning:
  [apply] _hu₁sq

Note: This linter can be disabled with `set_option linter.unusedVariables false`
warning: ZetaQ/Zones.lean:2004:5: Variable name `hu₂sq` is not explicitly referenced.

Hint: The binding can be removed (if unused) or named `_` (if used implicitly). Alternatively, prefix the name with `_` to silence this warning:
  [apply] _hu₂sq

Note: This linter can be disabled with `set_option linter.unusedVariables false`
info: ZetaQ/Zones.lean:2968:6: Try this:
  [apply] ring_nf
  
  The `ring` tactic failed to close the goal. Use `ring_nf` to obtain a normal form.
    
  Note that `ring` works primarily in *commutative* rings. If you have a noncommutative ring, abelian group or module, consider using `noncomm_ring`, `abel` or `module` instead.
warning: ZetaQ/Zones.lean:2998:4: `MeasureTheory.integral_finset_sum` has been deprecated: Use `MeasureTheory.integral_finsetSum` instead
warning: ZetaQ/Zones.lean:2889:34: Variable name `hχ` is not explicitly referenced.

Hint: The binding can be removed (if unused) or named `_` (if used implicitly). Alternatively, prefix the name with `_` to silence this warning:
  [apply] _hχ

Note: This linter can be disabled with `set_option linter.unusedVariables false`
warning: ZetaQ/Zones.lean:3409:41: Variable name `hP` is not explicitly referenced.

Hint: The binding can be removed (if unused) or named `_` (if used implicitly). Alternatively, prefix the name with `_` to silence this warning:
  [apply] _hP

Note: This linter can be disabled with `set_option linter.unusedVariables false`
warning: ZetaQ/Zones.lean:3409:56: Variable name `hreg` is not explicitly referenced.

Hint: The binding can be removed (if unused) or named `_` (if used implicitly). Alternatively, prefix the name with `_` to silence this warning:
  [apply] _hreg

Note: This linter can be disabled with `set_option linter.unusedVariables false`
warning: ZetaQ/Zones.lean:3859:25: this tactic is never executed

Note: This linter can be disabled with `set_option linter.unreachableTactic false`
warning: ZetaQ/Zones.lean:3905:73: this tactic is never executed

Note: This linter can be disabled with `set_option linter.unreachableTactic false`
warning: ZetaQ/Zones.lean:3907:81: Used `tac1 <;> tac2` where `(tac1; tac2)` would suffice

Note: This linter can be disabled with `set_option linter.unnecessarySeqFocus false`
warning: ZetaQ/Zones.lean:3914:28: Used `tac1 <;> tac2` where `(tac1; tac2)` would suffice

Note: This linter can be disabled with `set_option linter.unnecessarySeqFocus false`
warning: ZetaQ/Zones.lean:3859:25: 'ring' tactic does nothing

Note: This linter can be disabled with `set_option linter.unusedTactic false`
warning: ZetaQ/Zones.lean:3905:73: 'ring' tactic does nothing

Note: This linter can be disabled with `set_option linter.unusedTactic false`
warning: ZetaQ/Zones.lean:6053:31: `continuous_finset_sum` has been deprecated: Use `continuous_finsetSum` instead
warning: ZetaQ/Zones.lean:6066:31: `continuous_finset_sum` has been deprecated: Use `continuous_finsetSum` instead
warning: ZetaQ/Zones.lean:6304:21: this tactic is never executed

Note: This linter can be disabled with `set_option linter.unreachableTactic false`
warning: ZetaQ/Zones.lean:6319:21: this tactic is never executed

Note: This linter can be disabled with `set_option linter.unreachableTactic false`
warning: ZetaQ/Zones.lean:6336:70: this tactic is never executed

Note: This linter can be disabled with `set_option linter.unreachableTactic false`
warning: ZetaQ/Zones.lean:6304:21: 'ring' tactic does nothing

Note: This linter can be disabled with `set_option linter.unusedTactic false`
warning: ZetaQ/Zones.lean:6319:21: 'ring' tactic does nothing

Note: This linter can be disabled with `set_option linter.unusedTactic false`
warning: ZetaQ/Zones.lean:6336:70: 'ring' tactic does nothing

Note: This linter can be disabled with `set_option linter.unusedTactic false`
warning: ZetaQ/Zones.lean:7829:22: `Set.mem_setOf_eq` has been deprecated: Use `Set.mem_ofPred_eq` instead
warning: ZetaQ/Zones.lean:7970:22: `Set.mem_setOf_eq` has been deprecated: Use `Set.mem_ofPred_eq` instead
warning: ZetaQ/Zones.lean:8413:29: `Set.mem_setOf_eq` has been deprecated: Use `Set.mem_ofPred_eq` instead
warning: ZetaQ/Zones.lean:8419:29: `Set.mem_setOf_eq` has been deprecated: Use `Set.mem_ofPred_eq` instead
warning: ZetaQ/Zones.lean:8671:26: `Set.mem_setOf_eq` has been deprecated: Use `Set.mem_ofPred_eq` instead
warning: ZetaQ/Zones.lean:12154:5: Variable name `hpos` is not explicitly referenced.

Hint: The binding can be removed (if unused) or named `_` (if used implicitly). Alternatively, prefix the name with `_` to silence this warning:
  [apply] _hpos

Note: This linter can be disabled with `set_option linter.unusedVariables false`
⚠ [9348/9608] Built ZetaShell.PropZ.ZR_Phi (12s)
warning: ZetaShell/PropZ/ZR_Phi.lean:130:15: `EMetric.diam` has been deprecated: Use `Metric.ediam` instead

Note: The updated constant is in a different namespace. Dot notation may need to be changed (e.g., from `x.diam` to `Metric.ediam x`).
warning: ZetaShell/PropZ/ZR_Phi.lean:131:11: `EMetric.diam_le` has been deprecated: Use `Metric.ediam_le` instead

Note: The updated constant is in a different namespace. Dot notation may need to be changed (e.g., from `x.diam_le` to `Metric.ediam_le x`).
warning: ZetaShell/PropZ/ZR_Phi.lean:97:51: Variable name `hs₀` is not explicitly referenced.

Hint: The binding can be removed (if unused) or named `_` (if used implicitly). Alternatively, prefix the name with `_` to silence this warning:
  [apply] _hs₀

Note: This linter can be disabled with `set_option linter.unusedVariables false`
warning: ZetaShell/PropZ/ZR_Phi.lean:97:66: Variable name `hs` is not explicitly referenced.

Hint: The binding can be removed (if unused) or named `_` (if used implicitly). Alternatively, prefix the name with `_` to silence this warning:
  [apply] _hs

Note: This linter can be disabled with `set_option linter.unusedVariables false`
⚠ [9349/9608] Built ZetaShell.PropZ.ZZ2g_Nsp (10s)
warning: ZetaShell/PropZ/ZZ2g_Nsp.lean:187:92: Variable name `hk` is not explicitly referenced.

Hint: The binding can be removed (if unused) or named `_` (if used implicitly). Alternatively, prefix the name with `_` to silence this warning:
  [apply] _hk

Note: This linter can be disabled with `set_option linter.unusedVariables false`
⚠ [9350/9608] Built ZetaShell.ShellS.L12c_Counts (9.9s)
warning: ZetaShell/ShellS/L12c_Counts.lean:155:36: Variable name `χ` is not explicitly referenced.

Hint: The binding can be removed (if unused) or named `_` (if used implicitly). Alternatively, prefix the name with `_` to silence this warning:
  [apply] _χ

Note: This linter can be disabled with `set_option linter.unusedVariables false`
✔ [9351/9608] Built ZetaShell.PropZ.ZR_Leaves (12s)
✔ [9352/9608] Built ZetaShell.Lemma2.A2a_OutsideShells (42s)
✔ [9353/9608] Built ZetaShell.ShellS.L12c_Zones (36s)
✔ [9354/9608] Built ZetaShell.PropZ.ZZ2f_Ibp (60s)
✔ [9355/9608] Built ZetaShell.PropZ.ZR_Mellin (12s)
✔ [9356/9608] Built ZetaShell.ShellS.L10c_Tao (16s)
✔ [9357/9608] Built ZetaShell.Lemma2.A2a_S1_Expansion (12s)
✔ [9358/9608] Built ZetaShell.Lemma2.A2a_StepDefs (12s)
⚠ [9359/9608] Built ZetaShell.ShellS.L12c_Layer (12s)
warning: ZetaShell/ShellS/L12c_Layer.lean:195:76: Variable name `hs` is not explicitly referenced.

Hint: The binding can be removed (if unused) or named `_` (if used implicitly). Alternatively, prefix the name with `_` to silence this warning:
  [apply] _hs

Note: This linter can be disabled with `set_option linter.unusedVariables false`
✔ [9360/9608] Built ZetaShell.PropZ.ZZ2a_OneZeroSplit (16s)
✔ [9361/9608] Built ZetaShell.PropZ.ZB_Bounded (20s)
⚠ [9362/9608] Built ZetaShell.Lemma2.L711_S4a_ChangeVar (10s)
warning: ZetaShell/Lemma2/L711_S4a_ChangeVar.lean:37:21: `Set.mem_setOf_eq` has been deprecated: Use `Set.mem_ofPred_eq` instead
✔ [9363/9608] Built ZetaShell.Lemma2.A2a_S2s_Defs (6.6s)
⚠ [9364/9608] Built ZetaShell.ShellS.L12c_Bounds (13s)
warning: ZetaShell/ShellS/L12c_Bounds.lean:170:14: Variable name `hX₀` is not explicitly referenced.

Hint: The binding can be removed (if unused) or named `_` (if used implicitly). Alternatively, prefix the name with `_` to silence this warning:
  [apply] _hX₀

Note: This linter can be disabled with `set_option linter.unusedVariables false`
warning: ZetaShell/ShellS/L12c_Bounds.lean:242:5: Variable name `hεM0` is not explicitly referenced.

Hint: The binding can be removed (if unused) or named `_` (if used implicitly). Alternatively, prefix the name with `_` to silence this warning:
  [apply] _hεM0

Note: This linter can be disabled with `set_option linter.unusedVariables false`
warning: ZetaShell/ShellS/L12c_Bounds.lean:338:78: Variable name `hCL` is not explicitly referenced.

Hint: The binding can be removed (if unused) or named `_` (if used implicitly). Alternatively, prefix the name with `_` to silence this warning:
  [apply] _hCL

Note: This linter can be disabled with `set_option linter.unusedVariables false`
⚠ [9365/9608] Built ZetaShell.PropZ.ZZ3d_Deriv (23s)
warning: ZetaShell/PropZ/ZZ3d_Deriv.lean:67:46: Variable name `hκ1` is not explicitly referenced.

Hint: The binding can be removed (if unused) or named `_` (if used implicitly). Alternatively, prefix the name with `_` to silence this warning:
  [apply] _hκ1

Note: This linter can be disabled with `set_option linter.unusedVariables false`
warning: ZetaShell/PropZ/ZZ3d_Deriv.lean:68:56: Variable name `hk` is not explicitly referenced.

Hint: The binding can be removed (if unused) or named `_` (if used implicitly). Alternatively, prefix the name with `_` to silence this warning:
  [apply] _hk

Note: This linter can be disabled with `set_option linter.unusedVariables false`
warning: ZetaShell/PropZ/ZZ3d_Deriv.lean:117:33: This simp argument is unused:
  Pi.mul_apply

Hint: Omit it from the simp argument list.
  [apply] simp only [hp, Pi.pow_apply]

Note: This linter can be disabled with `set_option linter.unusedSimpArgs false`
⚠ [9366/9608] Built ZetaShell.Lemma2.A2a_S5_Window (49s)
warning: ZetaShell/Lemma2/A2a_S5_Window.lean:95:4: `push_neg` has been deprecated. Prefer using `push Not` instead.
If you'd rather continue using `push_neg` in your project, you can implement it as follows:
```
open Lean.Parser.Tactic in
macro "push_neg" cfg:optConfig loc:(location)? : tactic =>
  `(tactic| push $cfg:optConfig Not $[$loc]?)
```
warning: ZetaShell/Lemma2/A2a_S5_Window.lean:270:4: `push_neg` has been deprecated. Prefer using `push Not` instead.
If you'd rather continue using `push_neg` in your project, you can implement it as follows:
```
open Lean.Parser.Tactic in
macro "push_neg" cfg:optConfig loc:(location)? : tactic =>
  `(tactic| push $cfg:optConfig Not $[$loc]?)
```
✔ [9367/9608] Built ZetaShell.PropZ.ZZ2_OneZero (5.5s)
⚠ [9368/9608] Built ZetaShell.Lemma2.A2a_S2s_MainAux (7.3s)
warning: ZetaShell/Lemma2/A2a_S2s_MainAux.lean:65:44: try 'simp' instead of 'simpa'

Note: This linter can be disabled with `set_option linter.unnecessarySimpa false`
warning: ZetaShell/Lemma2/A2a_S2s_MainAux.lean:114:4: `push_neg` has been deprecated. Prefer using `push Not` instead.
If you'd rather continue using `push_neg` in your project, you can implement it as follows:
```
open Lean.Parser.Tactic in
macro "push_neg" cfg:optConfig loc:(location)? : tactic =>
  `(tactic| push $cfg:optConfig Not $[$loc]?)
```
warning: ZetaShell/Lemma2/A2a_S2s_MainAux.lean:134:2: `push_neg` has been deprecated. Prefer using `push Not` instead.
If you'd rather continue using `push_neg` in your project, you can implement it as follows:
```
open Lean.Parser.Tactic in
macro "push_neg" cfg:optConfig loc:(location)? : tactic =>
  `(tactic| push $cfg:optConfig Not $[$loc]?)
```
✔ [9369/9608] Built ZetaShell.PropZ.ZB_Meas (13s)
✔ [9370/9608] Built ZetaShell.Lemma2.A2a_S2c_Reparam (6.8s)
⚠ [9371/9608] Built ZetaQ.Budget (202s)
warning: ZetaQ/Budget.lean:1700:8: declaration uses `sorry`
warning: ZetaQ/Budget.lean:1751:8: declaration uses `sorry`
warning: ZetaQ/Budget.lean:2257:2: Try this: 
  haveI̵

The goal is a proposition, so `have` is preferred over `haveI`.
The difference between `have` and `haveI` is that `haveI` inlines the value.
But this is not relevant for proofs because of proof irrelevance.

Note: This linter can be disabled with `set_option linter.style.haveILetI false`
warning: ZetaQ/Budget.lean:2323:2: Try this: 
  haveI̵

The goal is a proposition, so `have` is preferred over `haveI`.
The difference between `have` and `haveI` is that `haveI` inlines the value.
But this is not relevant for proofs because of proof irrelevance.

Note: This linter can be disabled with `set_option linter.style.haveILetI false`
warning: ZetaQ/Budget.lean:3117:5: Variable name `hloc` is not explicitly referenced.

Hint: The binding can be removed (if unused) or named `_` (if used implicitly). Alternatively, prefix the name with `_` to silence this warning:
  [apply] _hloc

Note: This linter can be disabled with `set_option linter.unusedVariables false`
warning: ZetaQ/Budget.lean:3791:5: Variable name `hdes` is not explicitly referenced.

Hint: The binding can be removed (if unused) or named `_` (if used implicitly). Alternatively, prefix the name with `_` to silence this warning:
  [apply] _hdes

Note: This linter can be disabled with `set_option linter.unusedVariables false`
warning: ZetaQ/Budget.lean:3791:46: Variable name `hθ` is not explicitly referenced.

Hint: The binding can be removed (if unused) or named `_` (if used implicitly). Alternatively, prefix the name with `_` to silence this warning:
  [apply] _hθ

Note: This linter can be disabled with `set_option linter.unusedVariables false`
warning: ZetaQ/Budget.lean:6360:8: declaration uses `sorry`
⚠ [9372/9608] Built ZetaShell.Lemma2.A2a_S2c_FamData (7.3s)
warning: ZetaShell/Lemma2/A2a_S2c_FamData.lean:24:22: `push_neg` has been deprecated. Prefer using `push Not` instead.
If you'd rather continue using `push_neg` in your project, you can implement it as follows:
```
open Lean.Parser.Tactic in
macro "push_neg" cfg:optConfig loc:(location)? : tactic =>
  `(tactic| push $cfg:optConfig Not $[$loc]?)
```
✔ [9373/9608] Built ZetaShell.Lemma2.A2a_S2s_Expand (5.5s)
✔ [9374/9608] Built ZetaQ.Cor3Smooth (712s)
✔ [9375/9608] Built ZetaShell.PropZ.ZZ3a_PairSplit (8.8s)
⚠ [9376/9608] Built ZetaShell.Lemma2.A2a_S2s_Main (8.3s)
warning: ZetaShell/Lemma2/A2a_S2s_Main.lean:18:61: Variable name `hf` is not explicitly referenced.

Hint: The binding can be removed (if unused) or named `_` (if used implicitly). Alternatively, prefix the name with `_` to silence this warning:
  [apply] _hf

Note: This linter can be disabled with `set_option linter.unusedVariables false`
⚠ [9377/9608] Built ZetaShell.PropZ.ZP_Bridge (8.0s)
warning: ZetaShell/PropZ/ZP_Bridge.lean:19:43: Variable name `hκ1` is not explicitly referenced.

Hint: The binding can be removed (if unused) or named `_` (if used implicitly). Alternatively, prefix the name with `_` to silence this warning:
  [apply] _hκ1

Note: This linter can be disabled with `set_option linter.unusedVariables false`
warning: ZetaShell/PropZ/ZP_Bridge.lean:20:17: Variable name `hf` is not explicitly referenced.

Hint: The binding can be removed (if unused) or named `_` (if used implicitly). Alternatively, prefix the name with `_` to silence this warning:
  [apply] _hf

Note: This linter can be disabled with `set_option linter.unusedVariables false`
⚠ [9378/9608] Built ZetaShell.Lemma2.A2a_S4_Profile (25s)
warning: ZetaShell/Lemma2/A2a_S4_Profile.lean:175:17: `Set.mem_setOf_eq` has been deprecated: Use `Set.mem_ofPred_eq` instead
warning: ZetaShell/Lemma2/A2a_S4_Profile.lean:382:8: `push_neg` has been deprecated. Prefer using `push Not` instead.
If you'd rather continue using `push_neg` in your project, you can implement it as follows:
```
open Lean.Parser.Tactic in
macro "push_neg" cfg:optConfig loc:(location)? : tactic =>
  `(tactic| push $cfg:optConfig Not $[$loc]?)
```
warning: ZetaShell/Lemma2/A2a_S4_Profile.lean:626:6: `push_neg` has been deprecated. Prefer using `push Not` instead.
If you'd rather continue using `push_neg` in your project, you can implement it as follows:
```
open Lean.Parser.Tactic in
macro "push_neg" cfg:optConfig loc:(location)? : tactic =>
  `(tactic| push $cfg:optConfig Not $[$loc]?)
```
⚠ [9379/9608] Built ZetaShell.Interfaces (9.9s)
warning: ZetaShell/Interfaces.lean:101:8: declaration uses `sorry`
warning: ZetaShell/Interfaces.lean:111:8: declaration uses `sorry`
✔ [9380/9608] Built ZetaQ.RampLinkSharp (25s)
⚠ [9381/9608] Built ZetaQ.FrobRow8 (32s)
warning: ZetaQ/FrobRow8.lean:103:33: this tactic is never executed

Note: This linter can be disabled with `set_option linter.unreachableTactic false`
warning: ZetaQ/FrobRow8.lean:103:33: 'field_simp' tactic does nothing

Note: This linter can be disabled with `set_option linter.unusedTactic false`
warning: ZetaQ/FrobRow8.lean:187:23: 'ring' tactic does nothing

Note: This linter can be disabled with `set_option linter.unusedTactic false`
warning: ZetaQ/FrobRow8.lean:588:29: 'ring' tactic does nothing

Note: This linter can be disabled with `set_option linter.unusedTactic false`
warning: ZetaQ/FrobRow8.lean:603:23: 'ring' tactic does nothing

Note: This linter can be disabled with `set_option linter.unusedTactic false`
✔ [9382/9608] Built ZetaShell.ShellS.L12c_Z6d (81s)
⚠ [9383/9608] Built ZetaShell.Lemma2.A2a_S2s_Class (7.6s)
warning: ZetaShell/Lemma2/A2a_S2s_Class.lean:24:31: Variable name `hj` is not explicitly referenced.

Hint: The binding can be removed (if unused) or named `_` (if used implicitly). Alternatively, prefix the name with `_` to silence this warning:
  [apply] _hj

Note: This linter can be disabled with `set_option linter.unusedVariables false`
warning: ZetaShell/Lemma2/A2a_S2s_Class.lean:25:5: Variable name `hgsq` is not explicitly referenced.

Hint: The binding can be removed (if unused) or named `_` (if used implicitly). Alternatively, prefix the name with `_` to silence this warning:
  [apply] _hgsq

Note: This linter can be disabled with `set_option linter.unusedVariables false`
⚠ [9384/9608] Built ZetaQ.HPre (57s)
warning: ZetaQ/HPre.lean:69:32: Variable name `hs0` is not explicitly referenced.

Hint: The binding can be removed (if unused) or named `_` (if used implicitly). Alternatively, prefix the name with `_` to silence this warning:
  [apply] _hs0

Note: This linter can be disabled with `set_option linter.unusedVariables false`
✔ [9385/9608] Built ZetaShell.PropZ.ZZ3_Pair (6.0s)
⚠ [9386/9608] Built ZetaQ.FrobRow9 (56s)
warning: ZetaQ/FrobRow9.lean:95:2: Try this: 
  letI̵

The goal is a proposition, so `let` is preferred over `letI`.
The difference between `let` and `letI` is that `letI` inlines the value.
But this is not relevant for proofs because of proof irrelevance.

Note: This linter can be disabled with `set_option linter.style.haveILetI false`
warning: ZetaQ/FrobRow9.lean:628:10: Variable name `F` is not explicitly referenced.

Hint: The binding can be removed (if unused) or named `_` (if used implicitly). Alternatively, prefix the name with `_` to silence this warning:
  [apply] _F

Note: This linter can be disabled with `set_option linter.unusedVariables false`
⚠ [9387/9608] Built ZetaShell.Skeleton.F1_ShellFrameQle (8.0s)
warning: ZetaShell/Skeleton/F1_ShellFrameQle.lean:13:8: declaration uses `sorry`
warning: ZetaShell/Skeleton/F1_ShellFrameQle.lean:18:8: declaration uses `sorry`
⚠ [9388/9608] Built ZetaShell.PropZ.ZP_Pointwise (10s)
warning: ZetaShell/PropZ/ZP_Pointwise.lean:21:55: Variable name `hc` is not explicitly referenced.

Hint: The binding can be removed (if unused) or named `_` (if used implicitly). Alternatively, prefix the name with `_` to silence this warning:
  [apply] _hc

Note: This linter can be disabled with `set_option linter.unusedVariables false`
✔ [9389/9608] Built ZetaShell.Frame.B1_CountBridge (6.5s)
✔ [9390/9608] Built ZetaShell.Frame.F2_ShellAssembly (8.7s)
⚠ [9391/9608] Built ZetaShell.PropZ.ZZ1b_Expand (18s)
warning: ZetaShell/PropZ/ZZ1b_Expand.lean:186:2: Try this: 
  haveI̵

The goal is a proposition, so `have` is preferred over `haveI`.
The difference between `have` and `haveI` is that `haveI` inlines the value.
But this is not relevant for proofs because of proof irrelevance.

Note: This linter can be disabled with `set_option linter.style.haveILetI false`
warning: ZetaShell/PropZ/ZZ1b_Expand.lean:175:33: Variable name `hT` is not explicitly referenced.

Hint: The binding can be removed (if unused) or named `_` (if used implicitly). Alternatively, prefix the name with `_` to silence this warning:
  [apply] _hT

Note: This linter can be disabled with `set_option linter.unusedVariables false`
warning: ZetaShell/PropZ/ZZ1b_Expand.lean:175:59: Variable name `hΔ1` is not explicitly referenced.

Hint: The binding can be removed (if unused) or named `_` (if used implicitly). Alternatively, prefix the name with `_` to silence this warning:
  [apply] _hΔ1

Note: This linter can be disabled with `set_option linter.unusedVariables false`
warning: ZetaShell/PropZ/ZZ1b_Expand.lean:316:2: Try this: 
  haveI̵

The goal is a proposition, so `have` is preferred over `haveI`.
The difference between `have` and `haveI` is that `haveI` inlines the value.
But this is not relevant for proofs because of proof irrelevance.

Note: This linter can be disabled with `set_option linter.style.haveILetI false`
warning: ZetaShell/PropZ/ZZ1b_Expand.lean:308:43: Variable name `hk` is not explicitly referenced.

Hint: The binding can be removed (if unused) or named `_` (if used implicitly). Alternatively, prefix the name with `_` to silence this warning:
  [apply] _hk

Note: This linter can be disabled with `set_option linter.unusedVariables false`
warning: ZetaShell/PropZ/ZZ1b_Expand.lean:308:56: Variable name `hone` is not explicitly referenced.

Hint: The binding can be removed (if unused) or named `_` (if used implicitly). Alternatively, prefix the name with `_` to silence this warning:
  [apply] _hone

Note: This linter can be disabled with `set_option linter.unusedVariables false`
⚠ [9392/9608] Built ZetaShell.PropZ.ZR_Remainder (25s)
warning: ZetaShell/PropZ/ZR_Remainder.lean:16:37: Variable name `hA` is not explicitly referenced.

Hint: The binding can be removed (if unused) or named `_` (if used implicitly). Alternatively, prefix the name with `_` to silence this warning:
  [apply] _hA

Note: This linter can be disabled with `set_option linter.unusedVariables false`
warning: ZetaShell/PropZ/ZR_Remainder.lean:41:5: Variable name `hC` is not explicitly referenced.

Hint: The binding can be removed (if unused) or named `_` (if used implicitly). Alternatively, prefix the name with `_` to silence this warning:
  [apply] _hC

Note: This linter can be disabled with `set_option linter.unusedVariables false`
warning: ZetaShell/PropZ/ZR_Remainder.lean:41:18: Variable name `hk` is not explicitly referenced.

Hint: The binding can be removed (if unused) or named `_` (if used implicitly). Alternatively, prefix the name with `_` to silence this warning:
  [apply] _hk

Note: This linter can be disabled with `set_option linter.unusedVariables false`
warning: ZetaShell/PropZ/ZR_Remainder.lean:41:73: Variable name `hT` is not explicitly referenced.

Hint: The binding can be removed (if unused) or named `_` (if used implicitly). Alternatively, prefix the name with `_` to silence this warning:
  [apply] _hT

Note: This linter can be disabled with `set_option linter.unusedVariables false`
✔ [9393/9608] Built ZetaShell.Density.Z3_ThetaS53 (5.5s)
✔ [9394/9608] Built ZetaShell.Density.Z2_Alpha0D1prime (5.6s)
✔ [9395/9608] Built ZetaShell.Density.Z1_ZDIToBulkLogFree (6.6s)
✔ [9396/9608] Built ZetaShell.Cert.R6_AdmissibleOfL75 (4.8s)
✔ [9397/9608] Built ZetaShell.Cert.R5_ProfileL75 (5.2s)
⚠ [9398/9608] Built ZetaShell.Cert.R3_ShellPayoffFormula (5.1s)
warning: ZetaShell/Cert/R3_ShellPayoffFormula.lean:24:90: Variable name `h3` is not explicitly referenced.

Hint: The binding can be removed (if unused) or named `_` (if used implicitly). Alternatively, prefix the name with `_` to silence this warning:
  [apply] _h3

Note: This linter can be disabled with `set_option linter.unusedVariables false`
✔ [9399/9608] Built ZetaShell.Cert.R2_BshellMono (5.3s)
✔ [9400/9608] Built ZetaShell.Cert.R1_CplusBounds (5.4s)
✔ [9401/9608] Built ZetaShell.Lemma2.A2a_S2_LineCount (5.7s)
✔ [9402/9608] Built ZetaQ.JoinCert (12s)
ℹ [9403/9608] Built ZetaShell.Top.T1_Headline (8.7s)
info: ZetaShell/Top/T1_Headline.lean:59:0: 'ZetaShell.shell_S53_qle_tree'' depends on axioms: [propext, sorryAx, Classical.choice, Quot.sound]
info: ZetaShell/Top/T1_Headline.lean:60:0: 'ZetaShell.shellRate_tendsto' depends on axioms: [propext, Classical.choice, Quot.sound]
✔ [9404/9608] Built ZetaShell.PropZ.ZZ1_Expand (9.6s)
✔ [9405/9608] Built ZetaShell.PropZ.Z5R_W (9.7s)
✔ [9406/9608] Built ZetaShell.Cert.R4_CertS53 (9.0s)
✔ [9407/9608] Built ZetaShell.Lemma2.A2a_S3_Defs (16s)
✔ [9408/9608] Built ZetaShell.PropZ.Z5Zero_W (18s)
✔ [9409/9608] Built ZetaShell.ShellS.L12c_S2 (76s)
⚠ [9410/9608] Built ZetaShell.Lemma2.A2a_S3d_InnerAux (17s)
warning: ZetaShell/Lemma2/A2a_S3d_InnerAux.lean:65:29: this tactic is never executed

Note: This linter can be disabled with `set_option linter.unreachableTactic false`
warning: ZetaShell/Lemma2/A2a_S3d_InnerAux.lean:65:29: '(
  have : 0 < 1 / (p : ℝ) := by positivity
  have : 1 / (p : ℝ) ≤ 1 / 2 := by rw [div_le_div_iff₀ (by positivity) (by norm_num)]; linarith
  linarith)' tactic does nothing

Note: This linter can be disabled with `set_option linter.unusedTactic false`
⚠ [9411/9608] Built ZetaShell.Skeleton.A2a_S3d_ArithSplit (11s)
warning: ZetaShell/Skeleton/A2a_S3d_ArithSplit.lean:23:8: declaration uses `sorry`
warning: ZetaShell/Skeleton/A2a_S3d_ArithSplit.lean:30:8: declaration uses `sorry`
⚠ [9412/9608] Built ZetaShell.Lemma2.A2a_S3b_LineInt (18s)
warning: ZetaShell/Lemma2/A2a_S3b_LineInt.lean:23:13: `Set.mem_setOf_eq` has been deprecated: Use `Set.mem_ofPred_eq` instead
warning: ZetaShell/Lemma2/A2a_S3b_LineInt.lean:52:8: `push_neg` has been deprecated. Prefer using `push Not` instead.
If you'd rather continue using `push_neg` in your project, you can implement it as follows:
```
open Lean.Parser.Tactic in
macro "push_neg" cfg:optConfig loc:(location)? : tactic =>
  `(tactic| push $cfg:optConfig Not $[$loc]?)
```
warning: ZetaShell/Lemma2/A2a_S3b_LineInt.lean:65:13: `Set.mem_setOf_eq` has been deprecated: Use `Set.mem_ofPred_eq` instead
warning: ZetaShell/Lemma2/A2a_S3b_LineInt.lean:81:13: `Set.mem_setOf_eq` has been deprecated: Use `Set.mem_ofPred_eq` instead
warning: ZetaShell/Lemma2/A2a_S3b_LineInt.lean:113:8: `push_neg` has been deprecated. Prefer using `push Not` instead.
If you'd rather continue using `push_neg` in your project, you can implement it as follows:
```
open Lean.Parser.Tactic in
macro "push_neg" cfg:optConfig loc:(location)? : tactic =>
  `(tactic| push $cfg:optConfig Not $[$loc]?)
```
warning: ZetaShell/Lemma2/A2a_S3b_LineInt.lean:122:13: `Set.mem_setOf_eq` has been deprecated: Use `Set.mem_ofPred_eq` instead
warning: ZetaShell/Lemma2/A2a_S3b_LineInt.lean:128:2: `push_neg` has been deprecated. Prefer using `push Not` instead.
If you'd rather continue using `push_neg` in your project, you can implement it as follows:
```
open Lean.Parser.Tactic in
macro "push_neg" cfg:optConfig loc:(location)? : tactic =>
  `(tactic| push $cfg:optConfig Not $[$loc]?)
```
warning: ZetaShell/Lemma2/A2a_S3b_LineInt.lean:138:92: Variable name `hδ` is not explicitly referenced.

Hint: The binding can be removed (if unused) or named `_` (if used implicitly). Alternatively, prefix the name with `_` to silence this warning:
  [apply] _hδ

Note: This linter can be disabled with `set_option linter.unusedVariables false`
⚠ [9413/9608] Built ZetaShell.Lemma2.A2a_S3c_Irrelevant (14s)
warning: ZetaShell/Lemma2/A2a_S3c_Irrelevant.lean:23:63: Variable name `hδ` is not explicitly referenced.

Hint: The binding can be removed (if unused) or named `_` (if used implicitly). Alternatively, prefix the name with `_` to silence this warning:
  [apply] _hδ

Note: This linter can be disabled with `set_option linter.unusedVariables false`
warning: ZetaShell/Lemma2/A2a_S3c_Irrelevant.lean:44:5: Variable name `hj` is not explicitly referenced.

Hint: The binding can be removed (if unused) or named `_` (if used implicitly). Alternatively, prefix the name with `_` to silence this warning:
  [apply] _hj

Note: This linter can be disabled with `set_option linter.unusedVariables false`
✔ [9414/9608] Built ZetaQ.Dyadic (73s)
✔ [9415/9608] Built ZetaShell.PropZ.Z5_PropZW (17s)
⚠ [9416/9608] Built ZetaShell.Lemma2.A2a_S3e_TailPlain (15s)
warning: ZetaShell/Lemma2/A2a_S3e_TailPlain.lean:286:46: This simp argument is unused:
  true_and

Hint: Omit it from the simp argument list.
  [apply] simp only [he, hr, hJ, if_true, if_false, and_true, true_or, or_true, not_true_eq_false, not_false_eq_true,
    and_false, false_and, or_false, false_or]

Note: This linter can be disabled with `set_option linter.unusedSimpArgs false`
warning: ZetaShell/Lemma2/A2a_S3e_TailPlain.lean:286:66: This simp argument is unused:
  true_or

Hint: Omit it from the simp argument list.
  [apply] simp only [he, hr, hJ, if_true, if_false, true_and, and_true, or_true, not_true_eq_false, not_false_eq_true,
    and_false, false_and, or_false, false_or]

Note: This linter can be disabled with `set_option linter.unusedSimpArgs false`
warning: ZetaShell/Lemma2/A2a_S3e_TailPlain.lean:287:36: This simp argument is unused:
  false_and

Hint: Omit it from the simp argument list.
  [apply] simp only [he, hr, hJ, if_true, if_false, true_and, and_true, true_or, or_true, not_true_eq_false,
    not_false_eq_true, and_false, or_false, false_or]

Note: This linter can be disabled with `set_option linter.unusedSimpArgs false`
warning: ZetaShell/Lemma2/A2a_S3e_TailPlain.lean:287:57: This simp argument is unused:
  false_or

Hint: Omit it from the simp argument list.
  [apply] simp only [he, hr, hJ, if_true, if_false, true_and, and_true, true_or, or_true, not_true_eq_false,
    not_false_eq_true, and_false, false_and, or_false]

Note: This linter can be disabled with `set_option linter.unusedSimpArgs false`
warning: ZetaShell/Lemma2/A2a_S3e_TailPlain.lean:345:46: This simp argument is unused:
  true_and

Hint: Omit it from the simp argument list.
  [apply] simp only [he, hr, hJ, if_true, if_false, and_true, not_true_eq_false, not_false_eq_true, and_false,
    false_and]

Note: This linter can be disabled with `set_option linter.unusedSimpArgs false`
warning: ZetaShell/Lemma2/A2a_S3e_TailPlain.lean:346:36: This simp argument is unused:
  false_and

Hint: Omit it from the simp argument list.
  [apply] simp only [he, hr, hJ, if_true, if_false, true_and, and_true, not_true_eq_false, not_false_eq_true, and_false]

Note: This linter can be disabled with `set_option linter.unusedSimpArgs false`
warning: ZetaShell/Lemma2/A2a_S3e_TailPlain.lean:356:17: this tactic is never executed

Note: This linter can be disabled with `set_option linter.unreachableTactic false`
warning: ZetaShell/Lemma2/A2a_S3e_TailPlain.lean:347:13: Used `tac1 <;> tac2` where `(tac1; tac2)` would suffice

Note: This linter can be disabled with `set_option linter.unnecessarySeqFocus false`
warning: ZetaShell/Lemma2/A2a_S3e_TailPlain.lean:348:13: Used `tac1 <;> tac2` where `(tac1; tac2)` would suffice

Note: This linter can be disabled with `set_option linter.unnecessarySeqFocus false`
warning: ZetaShell/Lemma2/A2a_S3e_TailPlain.lean:356:17: 'linarith' tactic does nothing

Note: This linter can be disabled with `set_option linter.unusedTactic false`
⚠ [9417/9608] Built ZetaShell.Skeleton.A2a_S3d_CeTau (14s)
warning: ZetaShell/Skeleton/A2a_S3d_CeTau.lean:62:8: declaration uses `sorry`
⚠ [9418/9608] Built ZetaShell.Lemma2.A2a_S3d_JsumProof (12s)
warning: ZetaShell/Lemma2/A2a_S3d_JsumProof.lean:49:23: Variable name `hX` is not explicitly referenced.

Hint: The binding can be removed (if unused) or named `_` (if used implicitly). Alternatively, prefix the name with `_` to silence this warning:
  [apply] _hX

Note: This linter can be disabled with `set_option linter.unusedVariables false`
⚠ [9419/9608] Built ZetaShell.Lemma2.A2a_S3a_WindowAux (10s)
warning: ZetaShell/Lemma2/A2a_S3a_WindowAux.lean:42:15: `Set.mem_setOf_eq` has been deprecated: Use `Set.mem_ofPred_eq` instead
⚠ [9420/9608] Built ZetaShell.Lemma2.A2a_S3a_Collapse (9.4s)
warning: ZetaShell/Lemma2/A2a_S3a_Collapse.lean:40:44: try 'simp' instead of 'simpa'

Note: This linter can be disabled with `set_option linter.unnecessarySimpa false`
warning: ZetaShell/Lemma2/A2a_S3a_Collapse.lean:63:19: `push_neg` has been deprecated. Prefer using `push Not` instead.
If you'd rather continue using `push_neg` in your project, you can implement it as follows:
```
open Lean.Parser.Tactic in
macro "push_neg" cfg:optConfig loc:(location)? : tactic =>
  `(tactic| push $cfg:optConfig Not $[$loc]?)
```
✔ [9421/9608] Built ZetaShell.PropZ.Z5_PropZWdom (13s)
✔ [9422/9608] Built ZetaShell.Lemma2.A2a_S3d_InnerProof (12s)
✔ [9423/9608] Built ZetaShell.Lemma2.A2a_S3e_TailGeom (23s)
⚠ [9424/9608] Built ZetaShell.Lemma2.A2a_S3d_Qphi4 (10s)
warning: ZetaShell/Lemma2/A2a_S3d_Qphi4.lean:19:42: Variable name `he` is not explicitly referenced.

Hint: The binding can be removed (if unused) or named `_` (if used implicitly). Alternatively, prefix the name with `_` to silence this warning:
  [apply] _he

Note: This linter can be disabled with `set_option linter.unusedVariables false`
warning: ZetaShell/Lemma2/A2a_S3d_Qphi4.lean:41:32: Variable name `he` is not explicitly referenced.

Hint: The binding can be removed (if unused) or named `_` (if used implicitly). Alternatively, prefix the name with `_` to silence this warning:
  [apply] _he

Note: This linter can be disabled with `set_option linter.unusedVariables false`
⚠ [9425/9608] Built ZetaShell.Skeleton.A2a_S3a_Window (8.8s)
warning: ZetaShell/Skeleton/A2a_S3a_Window.lean:62:8: declaration uses `sorry`
✔ [9426/9608] Built ZetaShell.ShellS.S1_Defs (6.3s)
⚠ [9427/9608] Built ZetaShell.Skeleton.A2a_S3e_TailParts (7.5s)
warning: ZetaShell/Skeleton/A2a_S3e_TailParts.lean:67:46: try 'simp' instead of 'simpa'

Note: This linter can be disabled with `set_option linter.unnecessarySimpa false`
warning: ZetaShell/Skeleton/A2a_S3e_TailParts.lean:28:64: Variable name `hj` is not explicitly referenced.

Hint: The binding can be removed (if unused) or named `_` (if used implicitly). Alternatively, prefix the name with `_` to silence this warning:
  [apply] _hj

Note: This linter can be disabled with `set_option linter.unusedVariables false`
warning: ZetaShell/Skeleton/A2a_S3e_TailParts.lean:131:31: Variable name `hF` is not explicitly referenced.

Hint: The binding can be removed (if unused) or named `_` (if used implicitly). Alternatively, prefix the name with `_` to silence this warning:
  [apply] _hF

Note: This linter can be disabled with `set_option linter.unusedVariables false`
⚠ [9428/9608] Built ZetaShell.Lemma2.A2a_S3d_Route4 (10s)
warning: ZetaShell/Lemma2/A2a_S3d_Route4.lean:37:24: Variable name `hX` is not explicitly referenced.

Hint: The binding can be removed (if unused) or named `_` (if used implicitly). Alternatively, prefix the name with `_` to silence this warning:
  [apply] _hX

Note: This linter can be disabled with `set_option linter.unusedVariables false`
✔ [9429/9608] Built ZetaShell.ShellS.S1_AstarLink (6.8s)
✔ [9430/9608] Built ZetaShell.ShellS.S1L_PP (6.4s)
✔ [9431/9608] Built ZetaShell.Lemma2.A2a_S3a_WindowProof (18s)
✔ [9432/9608] Built ZetaShell.ShellS.S1L_MuSq (8.1s)
✔ [9433/9608] Built ZetaShell.ShellS.S1L_Eventually (6.7s)
✔ [9434/9608] Built ZetaShell.ShellS.S1L_Model (15s)
✔ [9435/9608] Built ZetaShell.ShellS.S1L_Twist (7.3s)
✔ [9436/9608] Built ZetaShell.ShellS.S1L_TestFn (14s)
✔ [9437/9608] Built ZetaShell.Lemma2.A2a_S3e_Tail (5.7s)
✔ [9438/9608] Built ZetaShell.Lemma2.A2a_S3d_Arith (5.5s)
✔ [9439/9608] Built ZetaShell.Lemma2.A2a_S3a_Reindex (5.4s)
⚠ [9440/9608] Built ZetaShell.ShellS.S1L_Meas (5.7s)
warning: ZetaShell/ShellS/S1L_Meas.lean:96:6: `continuous_finset_sum` has been deprecated: Use `continuous_finsetSum` instead
✔ [9441/9608] Built ZetaShell.ShellS.S1_Leaves (6.2s)
✔ [9442/9608] Built ZetaShell.Lemma2.A2a_S3_Count (19s)
⚠ [9443/9608] Built ZetaShell.ShellS.S1_FromZ (31s)
warning: ZetaShell/ShellS/S1_FromZ.lean:188:4: Try this: 
  haveI̵

The goal is a proposition, so `have` is preferred over `haveI`.
The difference between `have` and `haveI` is that `haveI` inlines the value.
But this is not relevant for proofs because of proof irrelevance.

Note: This linter can be disabled with `set_option linter.style.haveILetI false`
warning: ZetaShell/ShellS/S1_FromZ.lean:299:6: Try this: 
  haveI̵

The goal is a proposition, so `have` is preferred over `haveI`.
The difference between `have` and `haveI` is that `haveI` inlines the value.
But this is not relevant for proofs because of proof irrelevance.

Note: This linter can be disabled with `set_option linter.style.haveILetI false`
warning: ZetaShell/ShellS/S1_FromZ.lean:397:4: Try this: 
  haveI̵

The goal is a proposition, so `have` is preferred over `haveI`.
The difference between `have` and `haveI` is that `haveI` inlines the value.
But this is not relevant for proofs because of proof irrelevance.

Note: This linter can be disabled with `set_option linter.style.haveILetI false`
warning: ZetaShell/ShellS/S1_FromZ.lean:413:6: Try this: 
  haveI̵

The goal is a proposition, so `have` is preferred over `haveI`.
The difference between `have` and `haveI` is that `haveI` inlines the value.
But this is not relevant for proofs because of proof irrelevance.

Note: This linter can be disabled with `set_option linter.style.haveILetI false`
✔ [9444/9608] Built ZetaShell.Skeleton.L10_S1 (5.1s)
⚠ [9445/9608] Built ZetaShell.Lemma2.A2a_Main (28s)
warning: ZetaShell/Lemma2/A2a_Main.lean:69:27: 'push_cast' tactic does nothing

Note: This linter can be disabled with `set_option linter.unusedTactic false`
⚠ [9446/9608] Built ZetaQ.FrobAssembly (238s)
warning: ZetaQ/FrobAssembly.lean:214:37: `Set.mem_setOf_eq` has been deprecated: Use `Set.mem_ofPred_eq` instead
warning: ZetaQ/FrobAssembly.lean:241:15: `Set.mem_setOf_eq` has been deprecated: Use `Set.mem_ofPred_eq` instead
warning: ZetaQ/FrobAssembly.lean:253:15: `Set.mem_setOf_eq` has been deprecated: Use `Set.mem_ofPred_eq` instead
warning: ZetaQ/FrobAssembly.lean:260:5: Variable name `ha0` is not explicitly referenced.

Hint: The binding can be removed (if unused) or named `_` (if used implicitly). Alternatively, prefix the name with `_` to silence this warning:
  [apply] _ha0

Note: This linter can be disabled with `set_option linter.unusedVariables false`
warning: ZetaQ/FrobAssembly.lean:301:15: `Set.mem_setOf_eq` has been deprecated: Use `Set.mem_ofPred_eq` instead
warning: ZetaQ/FrobAssembly.lean:590:43: Variable name `hq` is not explicitly referenced.

Hint: The binding can be removed (if unused) or named `_` (if used implicitly). Alternatively, prefix the name with `_` to silence this warning:
  [apply] _hq

Note: This linter can be disabled with `set_option linter.unusedVariables false`
warning: ZetaQ/FrobAssembly.lean:791:30: Variable name `q` is not explicitly referenced.

Hint: The binding can be removed (if unused) or named `_` (if used implicitly). Alternatively, prefix the name with `_` to silence this warning:
  [apply] _q

Note: This linter can be disabled with `set_option linter.unusedVariables false`
warning: ZetaQ/FrobAssembly.lean:872:6: `push_neg` has been deprecated. Prefer using `push Not` instead.
If you'd rather continue using `push_neg` in your project, you can implement it as follows:
```
open Lean.Parser.Tactic in
macro "push_neg" cfg:optConfig loc:(location)? : tactic =>
  `(tactic| push $cfg:optConfig Not $[$loc]?)
```
warning: ZetaQ/FrobAssembly.lean:1058:25: 'ring' tactic does nothing

Note: This linter can be disabled with `set_option linter.unusedTactic false`
warning: ZetaQ/FrobAssembly.lean:1317:78: Variable name `hQ` is not explicitly referenced.

Hint: The binding can be removed (if unused) or named `_` (if used implicitly). Alternatively, prefix the name with `_` to silence this warning:
  [apply] _hQ

Note: This linter can be disabled with `set_option linter.unusedVariables false`
warning: ZetaQ/FrobAssembly.lean:1364:31: 'ring' tactic does nothing

Note: This linter can be disabled with `set_option linter.unusedTactic false`
warning: ZetaQ/FrobAssembly.lean:1458:31: 'ring' tactic does nothing

Note: This linter can be disabled with `set_option linter.unusedTactic false`
warning: ZetaQ/FrobAssembly.lean:1530:31: 'ring' tactic does nothing

Note: This linter can be disabled with `set_option linter.unusedTactic false`
warning: ZetaQ/FrobAssembly.lean:1642:31: 'ring' tactic does nothing

Note: This linter can be disabled with `set_option linter.unusedTactic false`
warning: ZetaQ/FrobAssembly.lean:2427:41: this tactic is never executed

Note: This linter can be disabled with `set_option linter.unreachableTactic false`
warning: ZetaQ/FrobAssembly.lean:2427:41: 'field_simp' tactic does nothing

Note: This linter can be disabled with `set_option linter.unusedTactic false`
warning: ZetaQ/FrobAssembly.lean:2537:39: this tactic is never executed

Note: This linter can be disabled with `set_option linter.unreachableTactic false`
warning: ZetaQ/FrobAssembly.lean:2522:25: 'ring' tactic does nothing

Note: This linter can be disabled with `set_option linter.unusedTactic false`
warning: ZetaQ/FrobAssembly.lean:2534:73: 'ring' tactic does nothing

Note: This linter can be disabled with `set_option linter.unusedTactic false`
warning: ZetaQ/FrobAssembly.lean:2537:39: 'field_simp' tactic does nothing

Note: This linter can be disabled with `set_option linter.unusedTactic false`
warning: ZetaQ/FrobAssembly.lean:2555:62: 'ring' tactic does nothing

Note: This linter can be disabled with `set_option linter.unusedTactic false`
warning: ZetaQ/FrobAssembly.lean:2654:81: this tactic is never executed

Note: This linter can be disabled with `set_option linter.unreachableTactic false`
warning: ZetaQ/FrobAssembly.lean:2657:39: this tactic is never executed

Note: This linter can be disabled with `set_option linter.unreachableTactic false`
warning: ZetaQ/FrobAssembly.lean:2654:81: 'field_simp' tactic does nothing

Note: This linter can be disabled with `set_option linter.unusedTactic false`
warning: ZetaQ/FrobAssembly.lean:2657:39: 'field_simp' tactic does nothing

Note: This linter can be disabled with `set_option linter.unusedTactic false`
warning: ZetaQ/FrobAssembly.lean:2698:31: 'ring' tactic does nothing

Note: This linter can be disabled with `set_option linter.unusedTactic false`
warning: ZetaQ/FrobAssembly.lean:2707:39: Variable name `ha` is not explicitly referenced.

Hint: The binding can be removed (if unused) or named `_` (if used implicitly). Alternatively, prefix the name with `_` to silence this warning:
  [apply] _ha

Note: This linter can be disabled with `set_option linter.unusedVariables false`
warning: ZetaQ/FrobAssembly.lean:2877:41: this tactic is never executed

Note: This linter can be disabled with `set_option linter.unreachableTactic false`
warning: ZetaQ/FrobAssembly.lean:2819:25: 'ring' tactic does nothing

Note: This linter can be disabled with `set_option linter.unusedTactic false`
warning: ZetaQ/FrobAssembly.lean:2877:41: 'field_simp' tactic does nothing

Note: This linter can be disabled with `set_option linter.unusedTactic false`
warning: ZetaQ/FrobAssembly.lean:2985:33: Variable name `hc` is not explicitly referenced.

Hint: The binding can be removed (if unused) or named `_` (if used implicitly). Alternatively, prefix the name with `_` to silence this warning:
  [apply] _hc

Note: This linter can be disabled with `set_option linter.unusedVariables false`
✔ [9447/9608] Built ZetaShell.ShellS.L10_S (5.7s)
✔ [9448/9608] Built ZetaQ.Cor3Reflected (15s)
✔ [9449/9608] Built ZetaQ.ZoneData (47s)
✔ [9450/9608] Built ZetaQ.InZone (74s)
⚠ [9451/9608] Built ZetaQ.HFrob (27s)
warning: ZetaQ/HFrob.lean:95:53: Used `tac1 <;> tac2` where `(tac1; tac2)` would suffice

Note: This linter can be disabled with `set_option linter.unnecessarySeqFocus false`
warning: ZetaQ/HFrob.lean:95:76: Used `tac1 <;> tac2` where `(tac1; tac2)` would suffice

Note: This linter can be disabled with `set_option linter.unnecessarySeqFocus false`
warning: ZetaQ/HFrob.lean:128:15: `Set.mem_setOf_eq` has been deprecated: Use `Set.mem_ofPred_eq` instead
warning: ZetaQ/HFrob.lean:547:53: Used `tac1 <;> tac2` where `(tac1; tac2)` would suffice

Note: This linter can be disabled with `set_option linter.unnecessarySeqFocus false`
warning: ZetaQ/HFrob.lean:547:76: Used `tac1 <;> tac2` where `(tac1; tac2)` would suffice

Note: This linter can be disabled with `set_option linter.unnecessarySeqFocus false`
warning: ZetaQ/HFrob.lean:581:15: `Set.mem_setOf_eq` has been deprecated: Use `Set.mem_ofPred_eq` instead
warning: ZetaQ/HFrob.lean:801:53: Used `tac1 <;> tac2` where `(tac1; tac2)` would suffice

Note: This linter can be disabled with `set_option linter.unnecessarySeqFocus false`
warning: ZetaQ/HFrob.lean:801:77: Used `tac1 <;> tac2` where `(tac1; tac2)` would suffice

Note: This linter can be disabled with `set_option linter.unnecessarySeqFocus false`
warning: ZetaQ/HFrob.lean:838:15: `Set.mem_setOf_eq` has been deprecated: Use `Set.mem_ofPred_eq` instead
warning: ZetaQ/HFrob.lean:1073:53: Used `tac1 <;> tac2` where `(tac1; tac2)` would suffice

Note: This linter can be disabled with `set_option linter.unnecessarySeqFocus false`
warning: ZetaQ/HFrob.lean:1073:77: Used `tac1 <;> tac2` where `(tac1; tac2)` would suffice

Note: This linter can be disabled with `set_option linter.unnecessarySeqFocus false`
warning: ZetaQ/HFrob.lean:1109:15: `Set.mem_setOf_eq` has been deprecated: Use `Set.mem_ofPred_eq` instead
✔ [9452/9608] Built ZetaQ.Cor3ZoneSplit (36s)
✔ [9453/9608] Built ZetaQ.JoinProved (15s)
✔ [9454/9608] Built ZetaQ.Cor3Frob (18s)
✔ [9455/9608] Built ZetaQ.Margin (25s)
✔ [9456/9608] Built ZetaShell.Defs.LK_Defs (6.6s)
✔ [9457/9608] Built ZetaQ.Cor3Full (7.6s)
⚠ [9458/9608] Built ZetaShell.Skeleton.LK_KC_Cert (5.5s)
warning: ZetaShell/Skeleton/LK_KC_Cert.lean:24:8: declaration uses `sorry`
warning: ZetaShell/Skeleton/LK_KC_Cert.lean:28:8: declaration uses `sorry`
✔ [9459/9608] Built ZetaShell.Defs.Unify (5.6s)
✔ [9460/9608] Built ZetaShell.LemmaK.LK_KA_Assembly (5.8s)
✔ [9461/9608] Built ZetaShell.Design.SD_KBridge (7.6s)
✔ [9462/9608] Built ZetaShell.LemmaK.LK_K8d_Bridge (4.8s)
✔ [9463/9608] Built ZetaShell.LemmaK.LK_K8a_Defs (5.2s)
✔ [9464/9608] Built ZetaShell.LemmaK.LK_K7c_Plain (5.1s)
✔ [9465/9608] Built ZetaShell.LemmaK.LK_K7_Defs (4.5s)
✔ [9466/9608] Built ZetaShell.LemmaK.LK_K4b_MuSqTotient (4.0s)
✔ [9467/9608] Built ZetaShell.LemmaK.LK_K1s_FareySum (5.6s)
✔ [9468/9608] Built ZetaShell.LemmaK.LK_K1_GaussSumIneq (6.0s)
✔ [9469/9608] Built ZetaShell.LemmaK.LK_K3_HoleCores (8.9s)
✔ [9470/9608] Built ZetaShell.LemmaK.LK_K01_BKmonoC (5.6s)
✔ [9471/9608] Built ZetaShell.LemmaK.LK_K00_BKleB (4.0s)
✔ [9472/9608] Built ZetaShell.LemmaK.LK9_DT_Facts (4.0s)
✔ [9473/9608] Built ZetaShell.LemmaK.LK9_K6a_DiffD (8.1s)
✔ [9474/9608] Built ZetaShell.LemmaK.LK9_K6_Defs (5.7s)
✔ [9475/9608] Built ZetaShell.LemmaK.LK9_K6a_OuterGen (8.3s)
✔ [9476/9608] Built ZetaQ (6.3s)
✔ [9478/9608] Built ZetaShell.LemmaK.LK9_K4_Aux (8.2s)
✔ [9479/9608] Built ZetaShell.LemmaK.LK9_K5_Main (13s)
⚠ [9480/9608] Built ZetaShell.LemmaK.LK9_K2_Aux (13s)
warning: ZetaShell/LemmaK/LK9_K2_Aux.lean:60:19: `Set.mem_setOf_eq` has been deprecated: Use `Set.mem_ofPred_eq` instead
warning: ZetaShell/LemmaK/LK9_K2_Aux.lean:75:21: `Set.mem_setOf_eq` has been deprecated: Use `Set.mem_ofPred_eq` instead
warning: ZetaShell/LemmaK/LK9_K2_Aux.lean:162:8: `MeasureTheory.integral_finset_sum` has been deprecated: Use `MeasureTheory.integral_finsetSum` instead
warning: ZetaShell/LemmaK/LK9_K2_Aux.lean:223:4: `MeasureTheory.integrable_finset_sum` has been deprecated: Use `MeasureTheory.integrable_finsetSum` instead
warning: ZetaShell/LemmaK/LK9_K2_Aux.lean:235:10: `Set.diff_eq` has been deprecated: Use `Set.sdiff_eq` instead
✔ [9481/9608] Built ZetaShell.LemmaK.LK_K7_HoleLe (9.6s)
✔ [9482/9608] Built ZetaShell.LemmaK.LK_KCa_CertCore (9.9s)
✔ [9483/9608] Built ZetaShell.LemmaK.LK_K8c_ZoneSplitRamp (5.8s)
⚠ [9484/9608] Built ZetaShell.Skeleton.LK9_K6b_GallagherL2 (6.5s)
warning: ZetaShell/Skeleton/LK9_K6b_GallagherL2.lean:15:8: declaration uses `sorry`
⚠ [9485/9608] Built ZetaShell.LemmaK.LK_K8a2_Saving (42s)
warning: ZetaShell/LemmaK/LK_K8a2_Saving.lean:247:6: `push_neg` has been deprecated. Prefer using `push Not` instead.
If you'd rather continue using `push_neg` in your project, you can implement it as follows:
```
open Lean.Parser.Tactic in
macro "push_neg" cfg:optConfig loc:(location)? : tactic =>
  `(tactic| push $cfg:optConfig Not $[$loc]?)
```
warning: ZetaShell/LemmaK/LK_K8a2_Saving.lean:262:8: `push_neg` has been deprecated. Prefer using `push Not` instead.
If you'd rather continue using `push_neg` in your project, you can implement it as follows:
```
open Lean.Parser.Tactic in
macro "push_neg" cfg:optConfig loc:(location)? : tactic =>
  `(tactic| push $cfg:optConfig Not $[$loc]?)
```
warning: ZetaShell/LemmaK/LK_K8a2_Saving.lean:382:4: `push_neg` has been deprecated. Prefer using `push Not` instead.
If you'd rather continue using `push_neg` in your project, you can implement it as follows:
```
open Lean.Parser.Tactic in
macro "push_neg" cfg:optConfig loc:(location)? : tactic =>
  `(tactic| push $cfg:optConfig Not $[$loc]?)
```
✔ [9486/9608] Built ZetaShell.LemmaK.LK9_K6c_Helpers (6.4s)
⚠ [9487/9608] Built ZetaShell.LemmaK.LK_K8a3_Errors (45s)
warning: ZetaShell/LemmaK/LK_K8a3_Errors.lean:184:8: `push_neg` has been deprecated. Prefer using `push Not` instead.
If you'd rather continue using `push_neg` in your project, you can implement it as follows:
```
open Lean.Parser.Tactic in
macro "push_neg" cfg:optConfig loc:(location)? : tactic =>
  `(tactic| push $cfg:optConfig Not $[$loc]?)
```
⚠ [9488/9608] Built ZetaShell.LemmaK.LK_K8a4_Chain (47s)
warning: ZetaShell/LemmaK/LK_K8a4_Chain.lean:33:33: Variable name `hBX` is not explicitly referenced.

Hint: The binding can be removed (if unused) or named `_` (if used implicitly). Alternatively, prefix the name with `_` to silence this warning:
  [apply] _hBX

Note: This linter can be disabled with `set_option linter.unusedVariables false`
✔ [9489/9608] Built ZetaShell.LemmaK.LK9_K6b_SBP (5.8s)
✔ [9490/9608] Built ZetaShell.Design.ShellDesignDefs (6.7s)
✔ [9491/9608] Built ZetaShell.LemmaK.LK9_K6c2_Aux (9.6s)
✔ [9492/9608] Built ZetaShell.LemmaK.LK9_K6a_L2Lower (10s)
✔ [9493/9608] Built ZetaShell.Basic (6.8s)
✔ [9494/9608] Built ZetaShell.LemmaK.LK_K4_PrincipalGaussHole (5.0s)
✔ [9495/9608] Built ZetaShell.LemmaK.LK_K2_GallagherZeroSet (7.4s)
✔ [9496/9608] Built ZetaShell.LemmaK.LK9_K6d_Aux (9.9s)
✔ [9497/9608] Built ZetaShell.LemmaK.LK9_K6c4_Assembly (6.2s)
✔ [9498/9608] Built ZetaShell.LemmaK.LK9_K6c3_Aux (6.8s)
⚠ [9499/9608] Built ZetaShell.Farey.A3_SignedGallagher (13s)
warning: ZetaShell/Farey/A3_SignedGallagher.lean:151:67: Variable name `hL` is not explicitly referenced.

Hint: The binding can be removed (if unused) or named `_` (if used implicitly). Alternatively, prefix the name with `_` to silence this warning:
  [apply] _hL

Note: This linter can be disabled with `set_option linter.unusedVariables false`
warning: ZetaShell/Farey/A3_SignedGallagher.lean:187:6: `push_neg` has been deprecated. Prefer using `push Not` instead.
If you'd rather continue using `push_neg` in your project, you can implement it as follows:
```
open Lean.Parser.Tactic in
macro "push_neg" cfg:optConfig loc:(location)? : tactic =>
  `(tactic| push $cfg:optConfig Not $[$loc]?)
```
✔ [9500/9608] Built ZetaShell.ShellK.L10_KDefs (5.2s)
⚠ [9501/9608] Built ZetaShell.Skeleton.SD_C2_ZoneSlope (4.0s)
warning: ZetaShell/Skeleton/SD_C2_ZoneSlope.lean:27:8: declaration uses `sorry`
⚠ [9502/9608] Built ZetaShell.Skeleton.SD_F1c_FrobRow (5.1s)
warning: ZetaShell/Skeleton/SD_F1c_FrobRow.lean:14:8: declaration uses `sorry`
✔ [9503/9608] Built ZetaShell.Design.SD_D1_Display (4.9s)
✔ [9504/9608] Built ZetaShell.LemmaK.LK9_K5_Asym (25s)
✔ [9505/9608] Built ZetaShell.Design.SD_B5_NIIUpper (4.0s)
⚠ [9506/9608] Built ZetaShell.Design.SD_C3_EndsC1 (6.2s)
warning: ZetaShell/Design/SD_C3_EndsC1.lean:12:40: Variable name `hx0` is not explicitly referenced.

Hint: The binding can be removed (if unused) or named `_` (if used implicitly). Alternatively, prefix the name with `_` to silence this warning:
  [apply] _hx0

Note: This linter can be disabled with `set_option linter.unusedVariables false`
✔ [9507/9608] Built ZetaShell.Design.SD_C1_CWin (5.0s)
✔ [9508/9608] Built ZetaShell.Design.SD_B4_RvMLower (9.1s)
✔ [9509/9608] Built ZetaShell.Design.SD_A8_Scales (6.7s)
✔ [9510/9608] Built ZetaShell.Design.SD_A1_PolyEval (5.9s)
✔ [9511/9608] Built ZetaShell.Design.SD_B1_Row2Lam (14s)
✔ [9512/9608] Built ZetaShell.Design.SD_A0_DesignAtM (6.1s)
✔ [9513/9608] Built ZetaShell.Design.SD_A7_Regime (16s)
✔ [9514/9608] Built ZetaShell.Design.SD_B2_Row9Lam (24s)
✔ [9515/9608] Built ZetaShell.LemmaK.LK9_K6a_Step2 (7.8s)
✔ [9516/9608] Built ZetaShell.LemmaK.LK9_K6c2_Var (12s)
⚠ [9517/9608] Built ZetaShell.LemmaK.LK_K7_HoleGeneric (12s)
warning: ZetaShell/LemmaK/LK_K7_HoleGeneric.lean:87:10: `intervalIntegral.integral_finset_sum` has been deprecated: Use `intervalIntegral.integral_finsetSum` instead
warning: ZetaShell/LemmaK/LK_K7_HoleGeneric.lean:91:8: `continuous_finset_sum` has been deprecated: Use `continuous_finsetSum` instead
warning: ZetaShell/LemmaK/LK_K7_HoleGeneric.lean:165:6: `push_neg` has been deprecated. Prefer using `push Not` instead.
If you'd rather continue using `push_neg` in your project, you can implement it as follows:
```
open Lean.Parser.Tactic in
macro "push_neg" cfg:optConfig loc:(location)? : tactic =>
  `(tactic| push $cfg:optConfig Not $[$loc]?)
```
✔ [9518/9608] Built ZetaShell.ShellS.L10c_ASF (6.4s)
✔ [9519/9608] Built ZetaShell.Lemma2.A2_InterfaceCheck (5.8s)
✔ [9520/9608] Built ZetaShell.LemmaK.LK9_K6d_Tails (21s)
✔ [9521/9608] Built ZetaShell.LemmaK.LK9_K6c3_PNT (19s)
✔ [9522/9608] Built ZetaShell.ShellK.LF_Defs (4.4s)
⚠ [9523/9608] Built ZetaShell.ShellK.L10_KInt (6.9s)
warning: ZetaShell/ShellK/L10_KInt.lean:72:12: `continuous_finset_sum` has been deprecated: Use `continuous_finsetSum` instead
warning: ZetaShell/ShellK/L10_KInt.lean:72:47: `continuous_finset_sum` has been deprecated: Use `continuous_finsetSum` instead
warning: ZetaShell/ShellK/L10_KInt.lean:22:68: Variable name `hr` is not explicitly referenced.

Hint: The binding can be removed (if unused) or named `_` (if used implicitly). Alternatively, prefix the name with `_` to silence this warning:
  [apply] _hr

Note: This linter can be disabled with `set_option linter.unusedVariables false`
warning: ZetaShell/ShellK/L10_KInt.lean:22:81: Variable name `hε` is not explicitly referenced.

Hint: The binding can be removed (if unused) or named `_` (if used implicitly). Alternatively, prefix the name with `_` to silence this warning:
  [apply] _hε

Note: This linter can be disabled with `set_option linter.unusedVariables false`
✔ [9524/9608] Built ZetaShell.ShellK.L10c_Window (6.9s)
✔ [9525/9608] Built ZetaShell.LemmaK.LK_K5_SmallPrimes (6.3s)
✔ [9526/9608] Built ZetaShell.Design.SD_A2_ProfileQ (6.2s)
✔ [9527/9608] Built ZetaShell.Design.SD_B6_Tail (6.0s)
✔ [9528/9608] Built ZetaShell.Design.SD_B3_TraceRow (8.9s)
✔ [9529/9608] Built ZetaShell.LemmaK.LK9_K6a_L2Final (58s)
✔ [9530/9608] Built ZetaShell.ShellK.L10_K1_Strip (14s)
⚠ [9531/9608] Built ZetaShell.ShellS.L10c_ASD (10s)
warning: ZetaShell/ShellS/L10c_ASD.lean:124:5: Variable name `hHp` is not explicitly referenced.

Hint: The binding can be removed (if unused) or named `_` (if used implicitly). Alternatively, prefix the name with `_` to silence this warning:
  [apply] _hHp

Note: This linter can be disabled with `set_option linter.unusedVariables false`
✔ [9532/9608] Built ZetaShell.Design.SD_B7_D0Bound (20s)
✔ [9533/9608] Built ZetaShell.LemmaK.LK9_K6a_DwSum (19s)
⚠ [9534/9608] Built ZetaShell.ShellK.LF_1_Master (8.5s)
warning: ZetaShell/ShellK/LF_1_Master.lean:96:17: `MeasureTheory.integral_finset_sum` has been deprecated: Use `MeasureTheory.integral_finsetSum` instead
warning: ZetaShell/ShellK/LF_1_Master.lean:101:6: `MeasureTheory.integral_finset_sum` has been deprecated: Use `MeasureTheory.integral_finsetSum` instead
warning: ZetaShell/ShellK/LF_1_Master.lean:102:9: `MeasureTheory.integrable_finset_sum` has been deprecated: Use `MeasureTheory.integrable_finsetSum` instead
warning: ZetaShell/ShellK/LF_1_Master.lean:39:32: Variable name `hr` is not explicitly referenced.

Hint: The binding can be removed (if unused) or named `_` (if used implicitly). Alternatively, prefix the name with `_` to silence this warning:
  [apply] _hr

Note: This linter can be disabled with `set_option linter.unusedVariables false`
warning: ZetaShell/ShellK/LF_1_Master.lean:39:45: Variable name `hε` is not explicitly referenced.

Hint: The binding can be removed (if unused) or named `_` (if used implicitly). Alternatively, prefix the name with `_` to silence this warning:
  [apply] _hε

Note: This linter can be disabled with `set_option linter.unusedVariables false`
⚠ [9535/9608] Built ZetaShell.ShellK.LF_Kernel (8.4s)
warning: ZetaShell/ShellK/LF_Kernel.lean:64:13: `MeasureTheory.integral_inter_add_diff` has been deprecated: Use `MeasureTheory.integral_inter_add_sdiff` instead
warning: ZetaShell/ShellK/LF_Kernel.lean:68:15: `Set.mem_diff` has been deprecated: Use `Set.mem_sdiff` instead
warning: ZetaShell/ShellK/LF_Kernel.lean:68:25: `Set.mem_setOf_eq` has been deprecated: Use `Set.mem_ofPred_eq` instead
⚠ [9536/9608] Built ZetaShell.ShellK.LF_InArith (10s)
warning: ZetaShell/ShellK/LF_InArith.lean:15:28: Variable name `hρ0` is not explicitly referenced.

Hint: The binding can be removed (if unused) or named `_` (if used implicitly). Alternatively, prefix the name with `_` to silence this warning:
  [apply] _hρ0

Note: This linter can be disabled with `set_option linter.unusedVariables false`
✔ [9537/9608] Built ZetaShell.ShellK.L10c_Scales (6.8s)
⚠ [9538/9608] Built ZetaShell.Skeleton.LF_AsmBase (16s)
warning: ZetaShell/Skeleton/LF_AsmBase.lean:49:8: declaration uses `sorry`
warning: ZetaShell/Skeleton/LF_AsmBase.lean:138:31: 'ring' tactic does nothing

Note: This linter can be disabled with `set_option linter.unusedTactic false`
warning: ZetaShell/Skeleton/LF_AsmBase.lean:227:90: this tactic is never executed

Note: This linter can be disabled with `set_option linter.unreachableTactic false`
warning: ZetaShell/Skeleton/LF_AsmBase.lean:230:39: this tactic is never executed

Note: This linter can be disabled with `set_option linter.unreachableTactic false`
warning: ZetaShell/Skeleton/LF_AsmBase.lean:227:90: 'field_simp' tactic does nothing

Note: This linter can be disabled with `set_option linter.unusedTactic false`
warning: ZetaShell/Skeleton/LF_AsmBase.lean:230:39: 'field_simp' tactic does nothing

Note: This linter can be disabled with `set_option linter.unusedTactic false`
✔ [9539/9608] Built ZetaShell.LemmaK.LK9_K6c_PNTStep (34s)
✔ [9540/9608] Built ZetaShell.Design.SD_A3_Moments (9.4s)
⚠ [9541/9608] Built ZetaShell.LemmaK.LK_K7b_HoleLower (12s)
warning: ZetaShell/LemmaK/LK_K7b_HoleLower.lean:180:6: try 'simp' instead of 'simpa'

Note: This linter can be disabled with `set_option linter.unnecessarySimpa false`
✔ [9542/9608] Built ZetaShell.ShellS.L10c_ASD2 (15s)
✔ [9543/9608] Built ZetaShell.Design.SD_B8_Rates (25s)
✔ [9544/9608] Built ZetaShell.ShellK.LF_K3bP (42s)
✔ [9545/9608] Built ZetaShell.ShellK.LF_EndsS (77s)
✔ [9546/9608] Built ZetaShell.LemmaK.LK9_K6a_Outer (28s)
✔ [9547/9608] Built ZetaShell.ShellK.L10c_KT (12s)
✔ [9548/9608] Built ZetaShell.ShellK.LF_Small (22s)
✔ [9549/9608] Built ZetaShell.Design.SD_A4_GevreyGate (21s)
⚠ [9550/9608] Built ZetaShell.LemmaK.LK_K7a_FareyHole (26s)
warning: ZetaShell/LemmaK/LK_K7a_FareyHole.lean:168:23: `push_neg` has been deprecated. Prefer using `push Not` instead.
If you'd rather continue using `push_neg` in your project, you can implement it as follows:
```
open Lean.Parser.Tactic in
macro "push_neg" cfg:optConfig loc:(location)? : tactic =>
  `(tactic| push $cfg:optConfig Not $[$loc]?)
```
warning: ZetaShell/LemmaK/LK_K7a_FareyHole.lean:352:24: `Set.mem_setOf_eq` has been deprecated: Use `Set.mem_ofPred_eq` instead
warning: ZetaShell/LemmaK/LK_K7a_FareyHole.lean:356:24: `Set.mem_setOf_eq` has been deprecated: Use `Set.mem_ofPred_eq` instead
warning: ZetaShell/LemmaK/LK_K7a_FareyHole.lean:374:20: `Set.mem_setOf_eq` has been deprecated: Use `Set.mem_ofPred_eq` instead
✔ [9551/9608] Built ZetaShell.ShellK.LF_HsepS (7.7s)
✔ [9552/9608] Built ZetaShell.ShellS.L10c_ASCore (19s)
✔ [9553/9608] Built ZetaShell.Design.SD_A5_ExistsAt (48s)
⚠ [9554/9608] Built ZetaShell.ShellK.LF_Rows8 (56s)
warning: ZetaShell/ShellK/LF_Rows8.lean:123:41: this tactic is never executed

Note: This linter can be disabled with `set_option linter.unreachableTactic false`
warning: ZetaShell/ShellK/LF_Rows8.lean:123:41: 'field_simp' tactic does nothing

Note: This linter can be disabled with `set_option linter.unusedTactic false`
warning: ZetaShell/ShellK/LF_Rows8.lean:233:39: this tactic is never executed

Note: This linter can be disabled with `set_option linter.unreachableTactic false`
warning: ZetaShell/ShellK/LF_Rows8.lean:218:25: 'ring' tactic does nothing

Note: This linter can be disabled with `set_option linter.unusedTactic false`
warning: ZetaShell/ShellK/LF_Rows8.lean:230:82: 'ring' tactic does nothing

Note: This linter can be disabled with `set_option linter.unusedTactic false`
warning: ZetaShell/ShellK/LF_Rows8.lean:233:39: 'field_simp' tactic does nothing

Note: This linter can be disabled with `set_option linter.unusedTactic false`
warning: ZetaShell/ShellK/LF_Rows8.lean:251:71: 'ring' tactic does nothing

Note: This linter can be disabled with `set_option linter.unusedTactic false`
⚠ [9555/9608] Built ZetaShell.ShellK.L10_KT (12s)
warning: ZetaShell/ShellK/L10_KT.lean:29:26: Variable name `hA` is not explicitly referenced.

Hint: The binding can be removed (if unused) or named `_` (if used implicitly). Alternatively, prefix the name with `_` to silence this warning:
  [apply] _hA

Note: This linter can be disabled with `set_option linter.unusedVariables false`
✔ [9556/9608] Built ZetaShell.LemmaK.LK9_K6a_Split (15s)
✔ [9557/9608] Built ZetaShell.ShellS.L10c_ASC (11s)
✔ [9558/9608] Built ZetaShell.Design.SD_A6_Exists (7.6s)
✔ [9559/9608] Built ZetaShell.ShellK.LF_Assembly (9.0s)
✔ [9560/9608] Built ZetaShell.LemmaK.LK9_K6a_ModelMass (6.2s)
✔ [9561/9608] Built ZetaShell.ShellK.LF_Transfer (7.5s)
✔ [9562/9608] Built ZetaShell.Design.SD_F1_FromNodes (9.7s)
⚠ [9563/9608] Built ZetaShell.ShellK.L10c_K2Point (31s)
warning: ZetaShell/ShellK/L10c_K2Point.lean:37:33: Variable name `hL2` is not explicitly referenced.

Hint: The binding can be removed (if unused) or named `_` (if used implicitly). Alternatively, prefix the name with `_` to silence this warning:
  [apply] _hL2

Note: This linter can be disabled with `set_option linter.unusedVariables false`
warning: ZetaShell/ShellK/L10c_K2Point.lean:40:5: Variable name `hlam0` is not explicitly referenced.

Hint: The binding can be removed (if unused) or named `_` (if used implicitly). Alternatively, prefix the name with `_` to silence this warning:
  [apply] _hlam0

Note: This linter can be disabled with `set_option linter.unusedVariables false`
warning: ZetaShell/ShellK/L10c_K2Point.lean:161:20: Variable name `hab` is not explicitly referenced.

Hint: The binding can be removed (if unused) or named `_` (if used implicitly). Alternatively, prefix the name with `_` to silence this warning:
  [apply] _hab

Note: This linter can be disabled with `set_option linter.unusedVariables false`
warning: ZetaShell/ShellK/L10c_K2Point.lean:161:34: Variable name `hB` is not explicitly referenced.

Hint: The binding can be removed (if unused) or named `_` (if used implicitly). Alternatively, prefix the name with `_` to silence this warning:
  [apply] _hB

Note: This linter can be disabled with `set_option linter.unusedVariables false`
warning: ZetaShell/ShellK/L10c_K2Point.lean:224:5: Variable name `hk3` is not explicitly referenced.

Hint: The binding can be removed (if unused) or named `_` (if used implicitly). Alternatively, prefix the name with `_` to silence this warning:
  [apply] _hk3

Note: This linter can be disabled with `set_option linter.unusedVariables false`
✔ [9564/9608] Built ZetaShell.LemmaK.LK9_K6_Derive (11s)
✔ [9565/9608] Built ZetaShell.ShellS.L10c_ASP (29s)
✔ [9566/9608] Built ZetaShell.LemmaK.LK_K6_ArcMass (8.0s)
✔ [9567/9608] Built ZetaShell.ShellK.L10c_K2Aux (13s)
✔ [9568/9608] Built ZetaShell.ShellS.L10c_ASH (6.7s)
✔ [9569/9608] Built ZetaShell.LemmaK.LK_K7_Pointwise (7.0s)
✔ [9570/9608] Built ZetaShell.ShellS.L10c_ASArith (8.4s)
⚠ [9571/9608] Built ZetaShell.LemmaK.LK_K8a1_KilledMaster (9.6s)
warning: ZetaShell/LemmaK/LK_K8a1_KilledMaster.lean:156:17: `MeasureTheory.integral_finset_sum` has been deprecated: Use `MeasureTheory.integral_finsetSum` instead
warning: ZetaShell/LemmaK/LK_K8a1_KilledMaster.lean:161:6: `MeasureTheory.integral_finset_sum` has been deprecated: Use `MeasureTheory.integral_finsetSum` instead
warning: ZetaShell/LemmaK/LK_K8a1_KilledMaster.lean:162:9: `MeasureTheory.integrable_finset_sum` has been deprecated: Use `MeasureTheory.integrable_finsetSum` instead
warning: ZetaShell/LemmaK/LK_K8a1_KilledMaster.lean:182:10: `MeasureTheory.integrable_finset_sum` has been deprecated: Use `MeasureTheory.integrable_finsetSum` instead
warning: ZetaShell/LemmaK/LK_K8a1_KilledMaster.lean:182:46: `MeasureTheory.integrable_finset_sum` has been deprecated: Use `MeasureTheory.integrable_finsetSum` instead
✔ [9572/9608] Built ZetaShell.ShellK.LF_InZone (35s)
✔ [9573/9608] Built ZetaShell.ShellS.L10c_ASSupp (5.8s)
✔ [9574/9608] Built ZetaShell.ShellK.LF_K3a (5.5s)
⚠ [9575/9608] Built ZetaShell.ShellK.LF_OutDiag (6.4s)
warning: ZetaShell/ShellK/LF_OutDiag.lean:100:4: `MeasureTheory.integral_finset_sum` has been deprecated: Use `MeasureTheory.integral_finsetSum` instead
✔ [9576/9608] Built ZetaShell.LemmaK.LK_K8_FrobKilled (8.7s)
✔ [9577/9608] Built ZetaShell.ShellK.LF_MajConstr (12s)
⚠ [9578/9608] Built ZetaShell.ShellK.LF_KernelWin (15s)
warning: ZetaShell/ShellK/LF_KernelWin.lean:26:15: `Set.mem_setOf_eq` has been deprecated: Use `Set.mem_ofPred_eq` instead
⚠ [9579/9608] Built ZetaShell.ShellS.L10c_ASBounds (25s)
warning: ZetaShell/ShellS/L10c_ASBounds.lean:339:81: Variable name `hT` is not explicitly referenced.

Hint: The binding can be removed (if unused) or named `_` (if used implicitly). Alternatively, prefix the name with `_` to silence this warning:
  [apply] _hT

Note: This linter can be disabled with `set_option linter.unusedVariables false`
✔ [9580/9608] Built ZetaShell.ShellK.LF_MajConstr2 (10s)
✔ [9581/9608] Built ZetaShell.LemmaK.LK_K8b_HfrobKilled (25s)
✔ [9582/9608] Built ZetaShell.ShellK.LF_MajConstr3 (10s)
⚠ [9583/9608] Built ZetaShell.Skeleton.LK_K9_Frame (8.1s)
warning: ZetaShell/Skeleton/LK_K9_Frame.lean:137:8: declaration uses `sorry`
✔ [9584/9608] Built ZetaShell.LemmaK.LK_KT_Headline (7.0s)
✔ [9585/9608] Built ZetaShell.ShellK.LF_MajConstr4 (11s)
✔ [9586/9608] Built ZetaShell.ShellK.LF_MajConstr5 (32s)
✔ [9587/9608] Built ZetaShell.ShellK.LF_Majorant (8.2s)
✔ [9588/9608] Built ZetaShell.ShellK.LF_Mertens (8.2s)
⚠ [9589/9608] Built ZetaShell.ShellS.L10c_ASPoint (77s)
warning: ZetaShell/ShellS/L10c_ASPoint.lean:28:73: Variable name `hL2` is not explicitly referenced.

Hint: The binding can be removed (if unused) or named `_` (if used implicitly). Alternatively, prefix the name with `_` to silence this warning:
  [apply] _hL2

Note: This linter can be disabled with `set_option linter.unusedVariables false`
warning: ZetaShell/ShellS/L10c_ASPoint.lean:241:28: Variable name `hl0` is not explicitly referenced.

Hint: The binding can be removed (if unused) or named `_` (if used implicitly). Alternatively, prefix the name with `_` to silence this warning:
  [apply] _hl0

Note: This linter can be disabled with `set_option linter.unusedVariables false`
✔ [9590/9608] Built ZetaShell.ShellK.LF_K3bU (9.9s)
⚠ [9591/9608] Built ZetaShell.ShellK.LF_K3bA (15s)
warning: ZetaShell/ShellK/LF_K3bA.lean:33:51: `Set.mem_setOf_eq` has been deprecated: Use `Set.mem_ofPred_eq` instead
✔ [9592/9608] Built ZetaShell.ShellS.L10c_ASMain (22s)
✔ [9593/9608] Built ZetaShell.ShellK.LF_K3bI (7.8s)
✔ [9594/9608] Built ZetaShell.ShellK.L10_K2_ShellZone (24s)
⚠ [9595/9608] Built ZetaShell.ShellK.LF_K3bM (42s)
warning: ZetaShell/ShellK/LF_K3bM.lean:58:37: Variable name `hCf` is not explicitly referenced.

Hint: The binding can be removed (if unused) or named `_` (if used implicitly). Alternatively, prefix the name with `_` to silence this warning:
  [apply] _hCf

Note: This linter can be disabled with `set_option linter.unusedVariables false`
✔ [9596/9608] Built ZetaShell.ShellK.LF_OutFinal (80s)
✔ [9597/9608] Built ZetaShell.ShellK.LF_K3Split (6.6s)
✔ [9598/9608] Built ZetaShell.ShellK.L10_K3_Killed (6.4s)
⚠ [9599/9608] Built ZetaShell.ShellK.L10_F1cChain (12s)
warning: ZetaShell/ShellK/L10_F1cChain.lean:37:70: Variable name `hθ'` is not explicitly referenced.

Hint: The binding can be removed (if unused) or named `_` (if used implicitly). Alternatively, prefix the name with `_` to silence this warning:
  [apply] _hθ'

Note: This linter can be disabled with `set_option linter.unusedVariables false`
✔ [9600/9608] Built ZetaShell.ShellK.L10_K (9.9s)
⚠ [9601/9608] Built ZetaShell.ShellK.L10_F1c (6.0s)
warning: ZetaShell/ShellK/L10_F1c.lean:37:49: Variable name `hP` is not explicitly referenced.

Hint: The binding can be removed (if unused) or named `_` (if used implicitly). Alternatively, prefix the name with `_` to silence this warning:
  [apply] _hP

Note: This linter can be disabled with `set_option linter.unusedVariables false`
warning: ZetaShell/ShellK/L10_F1c.lean:37:69: Variable name `hcert` is not explicitly referenced.

Hint: The binding can be removed (if unused) or named `_` (if used implicitly). Alternatively, prefix the name with `_` to silence this warning:
  [apply] _hcert

Note: This linter can be disabled with `set_option linter.unusedVariables false`
✔ [9602/9608] Built ZetaShell.ShellK.LF_Frame (11s)
✔ [9603/9608] Built ZetaShell.ShellK.LF_FrameNoP (11s)
✔ [9604/9608] Built ZetaShell.Top.T1_HeadlineNoP (6.9s)
⚠ [9605/9608] Built ZetaShell.Top.HeadlineReduced (6.1s)
warning: ZetaShell/Top/HeadlineReduced.lean:51:8: declaration uses `sorry`
warning: ZetaShell/Top/HeadlineReduced.lean:61:8: declaration uses `sorry`
warning: ZetaShell/Top/HeadlineReduced.lean:75:8: declaration uses `sorry`
✔ [9606/9608] Built ZetaShell (5.6s)
✔ [9608/9608] Built Solution.FollowUpFamily (6.4s)
Build completed successfully (9608 jobs).

real	70m21.184s
user	202m13.176s
sys	32m38.605s
# exit=0
