lake build ZetaSReplay (jobs=4) started 2026-10-02 01:08:46 at c98c2e2
✔ [8970/10236] Built R11112_Cells (12s)
✔ [8971/10236] Built R11121_Cells (13s)
✔ [8972/10236] Built R11111_Assembly (21s)
✔ [8973/10236] Built R21212_Pts8 (93s)
✔ [8974/10236] Built R21212_Pts9 (93s)
✔ [8975/10236] Built R21212_Pts10 (93s)
✔ [8976/10236] Built R21222_Data (691ms)
✔ [8977/10236] Built R21212_Pts11 (93s)
✔ [8978/10236] Built R21212_Pts12 (72s)
✔ [8979/10236] Built R21222_Pts1 (93s)
✔ [8980/10236] Built R21222_Pts0 (95s)
✔ [8981/10236] Built R21222_Pts2 (92s)
✔ [8982/10236] Built R21222_Pts3 (93s)
✔ [8983/10236] Built R21222_Pts4 (94s)
✔ [8984/10236] Built R21222_Pts5 (94s)
✔ [8985/10236] Built R21222_Pts6 (94s)
✔ [8986/10236] Built R21222_Pts7 (94s)
✔ [8987/10236] Built R21222_Pts8 (94s)
✔ [8988/10236] Built R21222_Pts9 (94s)
✔ [8989/10236] Built R22122_Data (689ms)
✔ [8990/10236] Built R21222_Pts10 (94s)
✔ [8991/10236] Built R21222_Pts11 (94s)
✔ [8992/10236] Built R21222_Pts12 (77s)
✔ [8993/10236] Built R22122_Pts0 (95s)
✔ [8994/10236] Built R22122_Pts1 (93s)
✔ [8995/10236] Built R22122_Pts2 (92s)
✔ [8996/10236] Built R22122_Pts3 (93s)
✔ [8997/10236] Built R22122_Pts4 (92s)
✔ [8998/10236] Built R22122_Pts5 (93s)
✔ [8999/10236] Built R22122_Pts6 (94s)
✔ [9000/10236] Built R22122_Pts7 (94s)
✔ [9001/10236] Built R22122_Pts8 (94s)
✔ [9002/10236] Built R22122_Pts9 (94s)
✔ [9003/10236] Built R22222_Data (691ms)
✔ [9004/10236] Built R22122_Pts12 (28s)
✔ [9005/10236] Built R22122_Pts10 (94s)
✔ [9006/10236] Built R22122_Pts11 (94s)
✔ [9007/10236] Built R22222_Pts0 (96s)
✔ [9008/10236] Built R22222_Pts1 (94s)
✔ [9009/10236] Built R22222_Pts2 (93s)
✔ [9010/10236] Built R22222_Pts3 (93s)
✔ [9011/10236] Built R22222_Pts4 (93s)
✔ [9012/10236] Built R22222_Pts5 (93s)
✔ [9014/10236] Built R11122_Cells (12s)
✔ [9015/10236] Built R22222_Pts8 (42s)
✔ [9016/10236] Built R11211_Cells (12s)
✔ [9017/10236] Built R22222_Pts6 (93s)
✔ [9018/10236] Built R11212_Cells (13s)
✔ [9019/10236] Built R11221_Cells (12s)
✔ [9020/10236] Built R11222_Cells (12s)
✔ [9021/10236] Built R12112_Cells (12s)
✔ [9022/10236] Built R22222_Pts7 (93s)
✔ [9023/10236] Built R12121_Cells (12s)
✔ [9024/10236] Built R12122_Cells (12s)
✔ [9025/10236] Built R12212_Cells (12s)
✔ [9026/10236] Built R12221_Cells (12s)
✔ [9027/10236] Built R11112_Leaves60 (3.0s)
✔ [9028/10236] Built R12222_Cells (14s)
✔ [9029/10236] Built R21112_Cells (12s)
✔ [9030/10236] Built R21122_Cells (12s)
✔ [9031/10236] Built R11112_Leaves57 (11s)
✔ [9032/10236] Built R11112_Leaves59 (16s)
✔ [9033/10236] Built R11112_Leaves58 (25s)
✔ [9034/10236] Built R11112_Leaves55 (16s)
✔ [9035/10236] Built R11112_Leaves56 (24s)
✔ [9036/10236] Built R11112_Leaves54 (20s)
✔ [9037/10236] Built R11112_Leaves51 (18s)
✔ [9038/10236] Built R11112_Leaves52 (26s)
✔ [9039/10236] Built R11112_Leaves53 (30s)
✔ [9040/10236] Built R11112_Leaves50 (23s)
✔ [9041/10236] Built R11112_Leaves48 (22s)
✔ [9042/10236] Built R11112_Leaves49 (29s)
✔ [9043/10236] Built R11112_Leaves47 (24s)
✔ [9044/10236] Built R11112_Leaves46 (30s)
✔ [9045/10236] Built R11112_Leaves45 (32s)
✔ [9046/10236] Built R11112_Leaves44 (32s)
✔ [9047/10236] Built R11112_Leaves43 (33s)
✔ [9048/10236] Built R11112_Leaves42 (36s)
✔ [9049/10236] Built R11112_Leaves41 (36s)
✔ [9050/10236] Built R11112_Leaves40 (35s)
✔ [9051/10236] Built R11112_Leaves39 (34s)
✔ [9052/10236] Built R11112_Leaves38 (24s)
✔ [9053/10236] Built R11112_Leaves37 (29s)
✔ [9054/10236] Built R11112_Leaves36 (33s)
✔ [9055/10236] Built R11112_Leaves35 (35s)
✔ [9056/10236] Built R11112_Leaves34 (35s)
✔ [9057/10236] Built R11112_Leaves32 (25s)
✔ [9058/10236] Built R11112_Leaves33 (33s)
✔ [9059/10236] Built R11112_Leaves31 (31s)
✔ [9060/10236] Built R11112_Leaves30 (31s)
✔ [9061/10236] Built R11112_Leaves29 (33s)
✔ [9062/10236] Built R11112_Leaves28 (34s)
✔ [9063/10236] Built R11112_Leaves26 (35s)
✔ [9064/10236] Built R11112_Leaves27 (37s)
✔ [9065/10236] Built R11112_Leaves25 (35s)
✔ [9066/10236] Built R11112_Leaves24 (34s)
✔ [9067/10236] Built R11112_Leaves22 (33s)
✔ [9068/10236] Built R11112_Leaves23 (35s)
✔ [9069/10236] Built R11112_Leaves21 (33s)
✔ [9070/10236] Built R11112_Leaves20 (32s)
✔ [9071/10236] Built R11112_Leaves18 (34s)
✔ [9072/10236] Built R11112_Leaves19 (37s)
✔ [9073/10236] Built R11112_Leaves17 (34s)
✔ [9074/10236] Built R11112_Leaves16 (34s)
✔ [9075/10236] Built R11112_Leaves15 (34s)
✔ [9076/10236] Built R11112_Leaves14 (35s)
✔ [9077/10236] Built R11112_Leaves13 (32s)
✔ [9078/10236] Built R11112_Leaves12 (31s)
✔ [9079/10236] Built R11112_Leaves11 (34s)
✔ [9080/10236] Built R11112_Leaves10 (35s)
✔ [9081/10236] Built R11112_Leaves9 (35s)
✔ [9082/10236] Built R11112_Leaves8 (36s)
✔ [9083/10236] Built R11112_Leaves7 (36s)
✔ [9084/10236] Built R11112_Leaves6 (34s)
✔ [9085/10236] Built R11112_Leaves5 (35s)
✔ [9086/10236] Built R11112_Leaves4 (34s)
✔ [9087/10236] Built R11112_Leaves3 (32s)
✔ [9088/10236] Built R11112_Leaves2 (34s)
✔ [9089/10236] Built R11121_Leaves52 (5.0s)
✔ [9090/10236] Built R11112_Leaves0 (30s)
✔ [9091/10236] Built R11121_Leaves51 (16s)
✔ [9092/10236] Built R11112_Leaves1 (34s)
✔ [9093/10236] Built R11121_Leaves50 (24s)
✔ [9094/10236] Built R11121_Leaves49 (12s)
✔ [9095/10236] Built R11121_Leaves47 (16s)
✔ [9096/10236] Built R11121_Leaves48 (23s)
✔ [9097/10236] Built R11121_Leaves46 (19s)
✔ [9098/10236] Built R11121_Leaves43 (15s)
✔ [9099/10236] Built R11121_Leaves45 (27s)
✔ [9100/10236] Built R11121_Leaves44 (29s)
✔ [9101/10236] Built R11121_Leaves42 (21s)
✔ [9102/10236] Built R11121_Leaves40 (20s)
✔ [9103/10236] Built R11121_Leaves41 (33s)
✔ [9104/10236] Built R11121_Leaves39 (24s)
✔ [9105/10236] Built R11121_Leaves38 (28s)
✔ [9106/10236] Built R11121_Leaves37 (31s)
✔ [9107/10236] Built R11121_Leaves36 (30s)
✔ [9108/10236] Built R11121_Leaves35 (31s)
✔ [9109/10236] Built R11121_Leaves34 (34s)
✔ [9110/10236] Built R11121_Leaves33 (35s)
✔ [9111/10236] Built R11121_Leaves31 (24s)
✔ [9112/10236] Built R11121_Leaves32 (33s)
✔ [9113/10236] Built R11121_Leaves0 (31s)
✔ [9114/10236] Built R11121_Leaves1 (33s)
✔ [9115/10236] Built R11121_Leaves2 (33s)
✔ [9116/10236] Built R11121_Leaves3 (34s)
✔ [9117/10236] Built R11121_Leaves4 (34s)
✔ [9118/10236] Built R11121_Leaves5 (35s)
✔ [9119/10236] Built R11121_Leaves6 (35s)
✔ [9120/10236] Built R11121_Leaves7 (34s)
✔ [9121/10236] Built R11121_Leaves8 (31s)
✔ [9122/10236] Built R11121_Leaves9 (33s)
✔ [9123/10236] Built R11121_Leaves10 (36s)
✔ [9124/10236] Built R11121_Leaves11 (33s)
✔ [9125/10236] Built R11121_Leaves12 (35s)
✔ [9126/10236] Built R11121_Leaves13 (36s)
✔ [9127/10236] Built R11121_Leaves14 (35s)
✔ [9128/10236] Built R11121_Leaves15 (34s)
✔ [9129/10236] Built R11121_Leaves16 (33s)
✔ [9130/10236] Built R11121_Leaves17 (35s)
✔ [9131/10236] Built R11121_Leaves18 (35s)
✔ [9132/10236] Built R11121_Leaves19 (34s)
✔ [9133/10236] Built R11121_Leaves20 (35s)
✔ [9134/10236] Built R11121_Leaves30 (32s)
✔ [9135/10236] Built R11121_Leaves21 (37s)
✔ [9136/10236] Built R11121_Leaves22 (33s)
✔ [9137/10236] Built R11121_Leaves23 (32s)
✔ [9138/10236] Built R11121_Leaves24 (33s)
✔ [9139/10236] Built R11121_Leaves25 (25s)
✔ [9140/10236] Built R11121_Leaves26 (33s)
✔ [9141/10236] Built R11121_Leaves27 (36s)
✔ [9142/10236] Built R21212_Cells (12s)
✔ [9143/10236] Built R11121_Leaves29 (30s)
✔ [9144/10236] Built R11121_Leaves28 (33s)
✔ [9145/10236] Built R21222_Cells (14s)
✔ [9146/10236] Built R22122_Cells (13s)
✔ [9147/10236] Built R11122_Leaves0 (30s)
✔ [9148/10236] Built R11122_Leaves2 (34s)
✔ [9149/10236] Built R11122_Leaves1 (34s)
✔ [9150/10236] Built R11122_Leaves3 (32s)
✔ [9151/10236] Built R11122_Leaves4 (35s)
✔ [9152/10236] Built R11122_Leaves6 (33s)
✔ [9153/10236] Built R11122_Leaves7 (34s)
✔ [9154/10236] Built R11122_Leaves5 (35s)
✔ [9155/10236] Built R11122_Leaves8 (35s)
✔ [9156/10236] Built R11122_Leaves11 (33s)
✔ [9157/10236] Built R11122_Leaves9 (36s)
✔ [9158/10236] Built R11122_Leaves10 (34s)
✔ [9159/10236] Built R11122_Leaves12 (33s)
✔ [9160/10236] Built R11122_Leaves14 (29s)
✔ [9161/10236] Built R11122_Leaves13 (34s)
✔ [9162/10236] Built R11122_Leaves15 (34s)
✔ [9163/10236] Built R11122_Leaves16 (33s)
✔ [9164/10236] Built R11122_Leaves17 (34s)
✔ [9165/10236] Built R11122_Leaves18 (34s)
✔ [9166/10236] Built R11122_Leaves19 (34s)
✔ [9167/10236] Built R11122_Leaves20 (33s)
✔ [9168/10236] Built R11122_Leaves21 (31s)
✔ [9169/10236] Built R11122_Leaves23 (32s)
✔ [9170/10236] Built R11122_Leaves22 (35s)
✔ [9171/10236] Built R11122_Leaves24 (35s)
✔ [9172/10236] Built R11122_Leaves25 (35s)
✔ [9173/10236] Built R11122_Leaves27 (33s)
✔ [9174/10236] Built R11122_Leaves26 (36s)
✔ [9175/10236] Built R11122_Leaves28 (32s)
✔ [9176/10236] Built R11122_Leaves29 (36s)
✔ [9177/10236] Built R11122_Leaves30 (33s)
✔ [9178/10236] Built R11122_Leaves31 (35s)
✔ [9179/10236] Built R11122_Leaves32 (34s)
✔ [9180/10236] Built R11122_Leaves33 (34s)
✔ [9181/10236] Built R11122_Leaves34 (35s)
✔ [9182/10236] Built R11122_Leaves35 (34s)
✔ [9183/10236] Built R11122_Leaves36 (32s)
✔ [9184/10236] Built R11122_Leaves37 (30s)
✔ [9185/10236] Built R11122_Leaves38 (30s)
✔ [9186/10236] Built R11122_Leaves39 (29s)
✔ [9187/10236] Built R11122_Leaves40 (34s)
✔ [9188/10236] Built R11122_Leaves41 (35s)
✔ [9189/10236] Built R11122_Leaves42 (34s)
✔ [9190/10236] Built R11122_Leaves43 (34s)
✔ [9191/10236] Built R11122_Leaves44 (33s)
✔ [9192/10236] Built R11122_Leaves46 (30s)
✔ [9193/10236] Built R11122_Leaves45 (32s)
✔ [9194/10236] Built R11122_Leaves47 (30s)
✔ [9195/10236] Built R11122_Leaves48 (24s)
✔ [9196/10236] Built R11122_Leaves49 (21s)
✔ [9197/10236] Built R11122_Leaves50 (25s)
✔ [9198/10236] Built R11122_Leaves51 (27s)
✔ [9199/10236] Built R11122_Leaves52 (18s)
✔ [9200/10236] Built R11122_Leaves53 (19s)
✔ [9201/10236] Built R11122_Leaves55 (20s)
✔ [9202/10236] Built R11122_Leaves56 (16s)
✔ [9203/10236] Built R11122_Leaves54 (32s)
✔ [9204/10236] Built R11122_Leaves57 (19s)
✔ [9208/10236] Built R11122_Leaves58 (19s)
✔ [9210/10236] Built R11122_Leaves61 (9.5s)
✔ [9211/10236] Built R11122_Leaves59 (18s)
✔ [9212/10236] Built R11122_Leaves60 (19s)
✔ [9213/10236] Built R11211_Leaves0 (30s)
✔ [9214/10236] Built R11211_Leaves1 (35s)
✔ [9215/10236] Built R11211_Leaves2 (33s)
✔ [9216/10236] Built R11211_Leaves3 (34s)
✔ [9217/10236] Built R11211_Leaves4 (34s)
✔ [9218/10236] Built R11211_Leaves5 (33s)
✔ [9219/10236] Built R11211_Leaves6 (35s)
✔ [9220/10236] Built R11211_Leaves7 (36s)
✔ [9221/10236] Built R11211_Leaves8 (36s)
✔ [9222/10236] Built R11211_Leaves9 (35s)
✔ [9223/10236] Built R11211_Leaves10 (33s)
✔ [9224/10236] Built R11211_Leaves11 (34s)
✔ [9225/10236] Built R11211_Leaves12 (36s)
✔ [9226/10236] Built R11211_Leaves13 (34s)
✔ [9227/10236] Built R11211_Leaves14 (37s)
✔ [9228/10236] Built R11211_Leaves15 (35s)
✔ [9229/10236] Built R11211_Leaves16 (34s)
✔ [9230/10236] Built R11211_Leaves17 (33s)
✔ [9231/10236] Built R11211_Leaves18 (34s)
✔ [9232/10236] Built R11211_Leaves19 (37s)
✔ [9233/10236] Built R11211_Leaves20 (33s)
✔ [9234/10236] Built R11211_Leaves21 (36s)
✔ [9235/10236] Built R11211_Leaves22 (34s)
✔ [9236/10236] Built R11211_Leaves23 (34s)
✔ [9237/10236] Built R11211_Leaves24 (34s)
✔ [9238/10236] Built R11211_Leaves26 (29s)
✔ [9239/10236] Built R11211_Leaves25 (34s)
✔ [9240/10236] Built R11211_Leaves27 (28s)
✔ [9241/10236] Built R11211_Leaves28 (35s)
✔ [9242/10236] Built R11211_Leaves30 (31s)
✔ [9243/10236] Built R11211_Leaves31 (27s)
✔ [9244/10236] Built R11211_Leaves29 (34s)
✔ [9245/10236] Built R11211_Leaves33 (23s)
✔ [9246/10236] Built R11211_Leaves32 (30s)
✔ [9247/10236] Built R11211_Leaves34 (34s)
✔ [9248/10236] Built R11211_Leaves35 (34s)
✔ [9249/10236] Built R11211_Leaves36 (34s)
✔ [9250/10236] Built R11211_Leaves37 (31s)
✔ [9251/10236] Built R11211_Leaves38 (27s)
✔ [9252/10236] Built R11211_Leaves39 (29s)
✔ [9253/10236] Built R11211_Leaves40 (22s)
✔ [9254/10236] Built R11211_Leaves41 (21s)
✔ [9255/10236] Built R11211_Leaves42 (23s)
✔ [9256/10236] Built R11211_Leaves43 (25s)
✔ [9257/10236] Built R11211_Leaves44 (18s)
✔ [9258/10236] Built R11211_Leaves45 (20s)
✔ [9259/10236] Built R11211_Leaves47 (20s)
✔ [9260/10236] Built R11211_Leaves48 (14s)
✔ [9261/10236] Built R11211_Leaves46 (32s)
✔ [9262/10236] Built R11211_Leaves49 (17s)
✔ [9263/10236] Built R11211_Leaves51 (15s)
✔ [9264/10236] Built R11211_Leaves54 (723ms)
✔ [9265/10236] Built R11211_Leaves50 (17s)
✔ [9266/10236] Built R11211_Leaves53 (13s)
✔ [9267/10236] Built R11211_Leaves52 (19s)
✔ [9268/10236] Built R11212_Leaves0 (30s)
✔ [9269/10236] Built R11212_Leaves1 (33s)
✔ [9270/10236] Built R11212_Leaves2 (34s)
✔ [9271/10236] Built R11212_Leaves3 (33s)
✔ [9272/10236] Built R11212_Leaves4 (32s)
✔ [9273/10236] Built R11212_Leaves6 (33s)
✔ [9274/10236] Built R11212_Leaves5 (37s)
✔ [9275/10236] Built R11212_Leaves7 (34s)
✔ [9276/10236] Built R11212_Leaves8 (36s)
✔ [9277/10236] Built R11212_Leaves10 (35s)
✔ [9278/10236] Built R11212_Leaves9 (36s)
✔ [9279/10236] Built R11212_Leaves11 (33s)
✔ [9280/10236] Built R11212_Leaves12 (34s)
✔ [9281/10236] Built R11212_Leaves13 (34s)
✔ [9282/10236] Built R11212_Leaves14 (34s)
✔ [9283/10236] Built R11212_Leaves15 (33s)
✔ [9284/10236] Built R11212_Leaves16 (35s)
✔ [9285/10236] Built R11212_Leaves19 (33s)
✔ [9286/10236] Built R11212_Leaves18 (34s)
✔ [9287/10236] Built R11212_Leaves17 (34s)
✔ [9288/10236] Built R11212_Leaves20 (36s)
✔ [9289/10236] Built R11212_Leaves21 (33s)
✔ [9290/10236] Built R11212_Leaves23 (33s)
✔ [9291/10236] Built R11212_Leaves22 (34s)
✔ [9292/10236] Built R11212_Leaves25 (31s)
✔ [9293/10236] Built R11212_Leaves24 (34s)
✔ [9294/10236] Built R11212_Leaves26 (34s)
✔ [9295/10236] Built R11212_Leaves27 (35s)
✔ [9296/10236] Built R11212_Leaves28 (34s)
✔ [9297/10236] Built R11212_Leaves29 (34s)
✔ [9298/10236] Built R11212_Leaves30 (32s)
✔ [9299/10236] Built R11212_Leaves31 (33s)
✔ [9300/10236] Built R11212_Leaves33 (33s)
✔ [9301/10236] Built R11212_Leaves32 (34s)
✔ [9302/10236] Built R11212_Leaves34 (34s)
✔ [9303/10236] Built R11212_Leaves35 (35s)
✔ [9304/10236] Built R11212_Leaves36 (33s)
✔ [9305/10236] Built R11212_Leaves37 (33s)
✔ [9306/10236] Built R11212_Leaves38 (33s)
✔ [9307/10236] Built R11212_Leaves39 (35s)
✔ [9308/10236] Built R11212_Leaves40 (32s)
✔ [9309/10236] Built R11212_Leaves42 (30s)
✔ [9310/10236] Built R11212_Leaves41 (33s)
✔ [9311/10236] Built R11212_Leaves43 (29s)
✔ [9312/10236] Built R11212_Leaves44 (30s)
✔ [9313/10236] Built R11212_Leaves45 (34s)
✔ [9314/10236] Built R11212_Leaves46 (36s)
✔ [9315/10236] Built R11212_Leaves47 (35s)
✔ [9316/10236] Built R11212_Leaves48 (35s)
✔ [9317/10236] Built R11212_Leaves49 (35s)
✔ [9318/10236] Built R11212_Leaves50 (35s)
✔ [9319/10236] Built R11212_Leaves51 (34s)
✔ [9320/10236] Built R11212_Leaves52 (32s)
✔ [9321/10236] Built R11212_Leaves53 (32s)
✔ [9322/10236] Built R11212_Leaves54 (31s)
✔ [9323/10236] Built R11212_Leaves55 (28s)
✔ [9324/10236] Built R11212_Leaves57 (17s)
✔ [9325/10236] Built R11212_Leaves56 (23s)
✔ [9326/10236] Built R11212_Leaves59 (21s)
✔ [9327/10236] Built R11212_Leaves58 (30s)
✔ [9328/10236] Built R11212_Leaves60 (15s)
✔ [9329/10236] Built R11212_Leaves61 (29s)
✔ [9330/10236] Built R11212_Leaves62 (25s)
✔ [9331/10236] Built R11212_Leaves64 (17s)
✔ [9332/10236] Built R11212_Leaves63 (18s)
✔ [9333/10236] Built R11212_Leaves68 (12s)
✔ [9334/10236] Built R11212_Leaves69 (705ms)
✔ [9335/10236] Built R11212_Leaves65 (19s)
✔ [9336/10236] Built R11212_Leaves66 (17s)
✔ [9337/10236] Built R11212_Leaves67 (20s)
✔ [9338/10236] Built R11221_Leaves0 (31s)
✔ [9339/10236] Built R11221_Leaves2 (33s)
✔ [9340/10236] Built R11221_Leaves1 (34s)
✔ [9341/10236] Built R11221_Leaves3 (34s)
✔ [9342/10236] Built R11221_Leaves4 (35s)
✔ [9343/10236] Built R11221_Leaves5 (33s)
✔ [9344/10236] Built R11221_Leaves6 (34s)
✔ [9345/10236] Built R11221_Leaves7 (35s)
✔ [9346/10236] Built R11221_Leaves8 (35s)
✔ [9347/10236] Built R11221_Leaves9 (33s)
✔ [9348/10236] Built R11221_Leaves10 (33s)
✔ [9349/10236] Built R11221_Leaves11 (34s)
✔ [9350/10236] Built R11221_Leaves12 (31s)
✔ [9351/10236] Built R11221_Leaves13 (34s)
✔ [9352/10236] Built R11221_Leaves14 (33s)
✔ [9353/10236] Built R11221_Leaves15 (31s)
✔ [9354/10236] Built R11221_Leaves16 (33s)
✔ [9355/10236] Built R11221_Leaves18 (32s)
✔ [9356/10236] Built R11221_Leaves17 (32s)
✔ [9357/10236] Built R11221_Leaves19 (33s)
✔ [9358/10236] Built R11221_Leaves20 (33s)
✔ [9359/10236] Built R11221_Leaves22 (33s)
✔ [9360/10236] Built R11221_Leaves21 (35s)
✔ [9361/10236] Built R11221_Leaves23 (35s)
✔ [9362/10236] Built R11221_Leaves24 (32s)
✔ [9363/10236] Built R11221_Leaves25 (33s)
✔ [9364/10236] Built R11221_Leaves26 (34s)
✔ [9365/10236] Built R11221_Leaves27 (33s)
✔ [9366/10236] Built R11221_Leaves28 (34s)
✔ [9367/10236] Built R11221_Leaves29 (35s)
✔ [9368/10236] Built R11221_Leaves30 (34s)
✔ [9369/10236] Built R11221_Leaves31 (34s)
✔ [9370/10236] Built R11221_Leaves32 (35s)
✔ [9371/10236] Built R11221_Leaves33 (32s)
✔ [9372/10236] Built R11221_Leaves34 (34s)
✔ [9373/10236] Built R11221_Leaves35 (30s)
✔ [9374/10236] Built R11221_Leaves36 (29s)
✔ [9375/10236] Built R11221_Leaves37 (29s)
✔ [9376/10236] Built R11221_Leaves38 (35s)
✔ [9377/10236] Built R11221_Leaves39 (36s)
✔ [9378/10236] Built R11221_Leaves40 (35s)
✔ [9379/10236] Built R11221_Leaves41 (35s)
✔ [9380/10236] Built R11221_Leaves42 (34s)
✔ [9381/10236] Built R11221_Leaves43 (34s)
✔ [9382/10236] Built R11221_Leaves45 (29s)
✔ [9383/10236] Built R11221_Leaves44 (33s)
✔ [9384/10236] Built R11221_Leaves47 (28s)
✔ [9385/10236] Built R11221_Leaves46 (34s)
✔ [9386/10236] Built R11221_Leaves49 (18s)
✔ [9387/10236] Built R11221_Leaves48 (22s)
✔ [9388/10236] Built R11221_Leaves52 (13s)
✔ [9389/10236] Built R11221_Leaves51 (20s)
✔ [9390/10236] Built R11221_Leaves50 (29s)
✔ [9391/10236] Built R11221_Leaves55 (17s)
✔ [9392/10236] Built R11221_Leaves53 (30s)
✔ [9393/10236] Built R11221_Leaves54 (22s)
✔ [9394/10236] Built R11221_Leaves56 (19s)
✔ [9395/10236] Built R11221_Leaves58 (17s)
✔ [9396/10236] Built R11221_Leaves57 (19s)
✔ [9397/10236] Built R11221_Leaves60 (11s)
✔ [9398/10236] Built R11221_Leaves59 (20s)
✔ [9399/10236] Built R11222_Leaves0 (31s)
✔ [9400/10236] Built R11222_Leaves1 (33s)
✔ [9401/10236] Built R11222_Leaves2 (35s)
✔ [9402/10236] Built R11222_Leaves3 (34s)
✔ [9403/10236] Built R11222_Leaves4 (33s)
✔ [9404/10236] Built R11222_Leaves5 (36s)
✔ [9405/10236] Built R11222_Leaves6 (33s)
✔ [9406/10236] Built R11222_Leaves7 (35s)
✔ [9407/10236] Built R11222_Leaves8 (33s)
✔ [9408/10236] Built R11222_Leaves10 (32s)
✔ [9409/10236] Built R11222_Leaves9 (34s)
✔ [9410/10236] Built R11222_Leaves11 (35s)
✔ [9411/10236] Built R11222_Leaves12 (33s)
✔ [9412/10236] Built R11222_Leaves14 (33s)
✔ [9413/10236] Built R11222_Leaves13 (35s)
✔ [9414/10236] Built R11222_Leaves15 (30s)
✔ [9415/10236] Built R11222_Leaves16 (35s)
✔ [9416/10236] Built R11222_Leaves17 (31s)
✔ [9417/10236] Built R11222_Leaves18 (35s)
✔ [9418/10236] Built R11222_Leaves19 (34s)
✔ [9419/10236] Built R11222_Leaves20 (35s)
✔ [9420/10236] Built R11222_Leaves21 (34s)
✔ [9421/10236] Built R11222_Leaves22 (32s)
✔ [9422/10236] Built R11222_Leaves23 (35s)
✔ [9423/10236] Built R11222_Leaves24 (31s)
✔ [9424/10236] Built R11222_Leaves25 (34s)
✔ [9425/10236] Built R11222_Leaves26 (36s)
✔ [9426/10236] Built R11222_Leaves27 (35s)
✔ [9427/10236] Built R11222_Leaves28 (35s)
✔ [9428/10236] Built R11222_Leaves29 (34s)
✔ [9429/10236] Built R11222_Leaves30 (34s)
✔ [9430/10236] Built R11222_Leaves31 (31s)
✔ [9431/10236] Built R11222_Leaves32 (31s)
✔ [9432/10236] Built R11222_Leaves33 (28s)
✔ [9433/10236] Built R11222_Leaves34 (29s)
✔ [9434/10236] Built R11222_Leaves35 (35s)
✔ [9435/10236] Built R11222_Leaves37 (34s)
✔ [9436/10236] Built R11222_Leaves36 (36s)
✔ [9437/10236] Built R11222_Leaves38 (34s)
✔ [9438/10236] Built R11222_Leaves39 (34s)
✔ [9439/10236] Built R11222_Leaves40 (33s)
✔ [9440/10236] Built R11222_Leaves41 (32s)
✔ [9441/10236] Built R11222_Leaves42 (31s)
✔ [9442/10236] Built R11222_Leaves43 (30s)
✔ [9443/10236] Built R11222_Leaves46 (17s)
✔ [9444/10236] Built R11222_Leaves44 (23s)
✔ [9445/10236] Built R11222_Leaves45 (29s)
✔ [9446/10236] Built R11222_Leaves49 (16s)
✔ [9447/10236] Built R11222_Leaves47 (31s)
✔ [9448/10236] Built R11222_Leaves48 (21s)
✔ [9449/10236] Built R11222_Leaves50 (26s)
✔ [9450/10236] Built R11222_Leaves52 (17s)
✔ [9451/10236] Built R11222_Leaves53 (15s)
✔ [9452/10236] Built R11222_Leaves51 (26s)
✔ [9453/10236] Built R11222_Leaves55 (13s)
✔ [9454/10236] Built R11222_Leaves58 (6.3s)
✔ [9455/10236] Built R11222_Leaves54 (22s)
✔ [9456/10236] Built R11222_Leaves56 (23s)
✔ [9457/10236] Built R11222_Leaves57 (16s)
✔ [9458/10236] Built R12112_Leaves0 (31s)
✔ [9459/10236] Built R12112_Leaves1 (35s)
✔ [9460/10236] Built R12112_Leaves2 (33s)
✔ [9461/10236] Built R12112_Leaves3 (33s)
✔ [9462/10236] Built R12112_Leaves4 (36s)
✔ [9463/10236] Built R12112_Leaves5 (33s)
✔ [9464/10236] Built R12112_Leaves6 (34s)
✔ [9465/10236] Built R12112_Leaves7 (36s)
✔ [9466/10236] Built R12112_Leaves8 (36s)
✔ [9467/10236] Built R12112_Leaves9 (35s)
✔ [9468/10236] Built R12112_Leaves10 (35s)
✔ [9469/10236] Built R12112_Leaves11 (34s)
✔ [9470/10236] Built R12112_Leaves12 (33s)
✔ [9471/10236] Built R12112_Leaves14 (31s)
✔ [9472/10236] Built R12112_Leaves13 (34s)
✔ [9473/10236] Built R12112_Leaves15 (35s)
✔ [9474/10236] Built R12112_Leaves16 (32s)
✔ [9475/10236] Built R12112_Leaves17 (35s)
✔ [9476/10236] Built R12112_Leaves18 (33s)
✔ [9477/10236] Built R12112_Leaves19 (33s)
✔ [9478/10236] Built R12112_Leaves20 (35s)
✔ [9479/10236] Built R12112_Leaves21 (31s)
✔ [9480/10236] Built R12112_Leaves22 (32s)
✔ [9481/10236] Built R12112_Leaves23 (33s)
✔ [9482/10236] Built R12112_Leaves24 (32s)
✔ [9483/10236] Built R12112_Leaves26 (32s)
✔ [9484/10236] Built R12112_Leaves25 (35s)
✔ [9485/10236] Built R12112_Leaves27 (34s)
✔ [9486/10236] Built R12112_Leaves28 (32s)
✔ [9487/10236] Built R12112_Leaves29 (31s)
✔ [9488/10236] Built R12112_Leaves30 (34s)
✔ [9489/10236] Built R12112_Leaves31 (32s)
✔ [9490/10236] Built R12112_Leaves32 (34s)
✔ [9491/10236] Built R12112_Leaves33 (34s)
✔ [9492/10236] Built R12112_Leaves34 (33s)
✔ [9493/10236] Built R12112_Leaves35 (33s)
✔ [9494/10236] Built R12112_Leaves36 (33s)
✔ [9495/10236] Built R12112_Leaves39 (25s)
✔ [9496/10236] Built R12112_Leaves37 (31s)
✔ [9497/10236] Built R12112_Leaves38 (29s)
✔ [9498/10236] Built R12112_Leaves40 (34s)
✔ [9499/10236] Built R12112_Leaves41 (35s)
✔ [9500/10236] Built R12112_Leaves42 (35s)
✔ [9501/10236] Built R12112_Leaves43 (34s)
✔ [9502/10236] Built R12112_Leaves47 (29s)
✔ [9503/10236] Built R12112_Leaves44 (35s)
✔ [9504/10236] Built R12112_Leaves46 (32s)
✔ [9505/10236] Built R12112_Leaves45 (34s)
✔ [9506/10236] Built R12112_Leaves50 (19s)
✔ [9507/10236] Built R12112_Leaves49 (23s)
✔ [9508/10236] Built R12112_Leaves48 (32s)
✔ [9509/10236] Built R12112_Leaves51 (28s)
✔ [9510/10236] Built R12112_Leaves53 (16s)
✔ [9511/10236] Built R12112_Leaves52 (23s)
✔ [9512/10236] Built R12112_Leaves54 (27s)
✔ [9513/10236] Built R12112_Leaves56 (18s)
✔ [9514/10236] Built R12112_Leaves57 (15s)
✔ [9515/10236] Built R12112_Leaves55 (29s)
✔ [9516/10236] Built R12112_Leaves59 (13s)
✔ [9517/10236] Built R12112_Leaves62 (3.4s)
✔ [9518/10236] Built R12112_Leaves61 (17s)
✔ [9519/10236] Built R12112_Leaves58 (23s)
✔ [9520/10236] Built R12112_Leaves60 (23s)
✔ [9521/10236] Built R22222_Cells (13s)
✔ [9522/10236] Built R12121_Leaves0 (30s)
✔ [9523/10236] Built R12121_Leaves2 (33s)
✔ [9524/10236] Built R12121_Leaves1 (36s)
✔ [9525/10236] Built R12121_Leaves3 (34s)
✔ [9526/10236] Built R12121_Leaves4 (35s)
✔ [9527/10236] Built R12121_Leaves5 (32s)
✔ [9528/10236] Built R12121_Leaves6 (35s)
✔ [9529/10236] Built R12121_Leaves7 (36s)
✔ [9530/10236] Built R12121_Leaves8 (35s)
✔ [9531/10236] Built R12121_Leaves9 (33s)
✔ [9532/10236] Built R12121_Leaves10 (33s)
✔ [9533/10236] Built R12121_Leaves11 (34s)
✔ [9534/10236] Built R12121_Leaves12 (31s)
✔ [9535/10236] Built R12121_Leaves13 (34s)
✔ [9536/10236] Built R12121_Leaves14 (34s)
✔ [9537/10236] Built R12121_Leaves15 (32s)
✔ [9538/10236] Built R12121_Leaves16 (35s)
✔ [9539/10236] Built R12121_Leaves17 (33s)
✔ [9540/10236] Built R12121_Leaves18 (31s)
✔ [9541/10236] Built R12121_Leaves19 (33s)
✔ [9542/10236] Built R12121_Leaves20 (34s)
✔ [9543/10236] Built R12121_Leaves21 (33s)
✔ [9544/10236] Built R12121_Leaves22 (34s)
✔ [9545/10236] Built R12121_Leaves23 (32s)
✔ [9546/10236] Built R12121_Leaves24 (33s)
✔ [9547/10236] Built R12121_Leaves25 (33s)
✔ [9548/10236] Built R12121_Leaves26 (33s)
✔ [9549/10236] Built R12121_Leaves27 (35s)
✔ [9550/10236] Built R12121_Leaves28 (33s)
✔ [9551/10236] Built R12121_Leaves29 (34s)
✔ [9552/10236] Built R12121_Leaves30 (33s)
✔ [9553/10236] Built R12121_Leaves31 (30s)
✔ [9554/10236] Built R12121_Leaves33 (25s)
✔ [9555/10236] Built R12121_Leaves32 (31s)
✔ [9556/10236] Built R12121_Leaves34 (34s)
✔ [9557/10236] Built R12121_Leaves35 (36s)
✔ [9558/10236] Built R12121_Leaves37 (34s)
✔ [9559/10236] Built R12121_Leaves36 (35s)
✔ [9560/10236] Built R12121_Leaves38 (33s)
✔ [9561/10236] Built R12121_Leaves39 (32s)
✔ [9562/10236] Built R12121_Leaves40 (29s)
✔ [9563/10236] Built R12121_Leaves41 (29s)
✔ [9564/10236] Built R12121_Leaves42 (21s)
✔ [9565/10236] Built R12121_Leaves43 (19s)
✔ [9566/10236] Built R12121_Leaves46 (14s)
✔ [9567/10236] Built R12121_Leaves45 (20s)
✔ [9568/10236] Built R12121_Leaves44 (31s)
✔ [9569/10236] Built R12121_Leaves47 (32s)
✔ [9570/10236] Built R12121_Leaves49 (17s)
✔ [9571/10236] Built R12121_Leaves48 (23s)
✔ [9572/10236] Built R12121_Leaves50 (19s)
✔ [9573/10236] Built R12121_Leaves51 (18s)
✔ [9574/10236] Built R12121_Leaves52 (16s)
✔ [9575/10236] Built R12121_Leaves53 (21s)
✔ [9576/10236] Built R12121_Leaves54 (10s)
✔ [9577/10236] Built R12122_Leaves0 (31s)
✔ [9578/10236] Built R12122_Leaves1 (33s)
✔ [9579/10236] Built R12122_Leaves3 (34s)
✔ [9580/10236] Built R12122_Leaves2 (35s)
✔ [9581/10236] Built R12122_Leaves4 (34s)
✔ [9582/10236] Built R12122_Leaves5 (35s)
✔ [9583/10236] Built R12122_Leaves6 (34s)
✔ [9584/10236] Built R12122_Leaves7 (36s)
✔ [9585/10236] Built R12122_Leaves8 (31s)
✔ [9586/10236] Built R12122_Leaves9 (34s)
✔ [9587/10236] Built R12122_Leaves10 (32s)
✔ [9588/10236] Built R12122_Leaves11 (33s)
✔ [9589/10236] Built R12122_Leaves12 (33s)
✔ [9590/10236] Built R12122_Leaves13 (32s)
✔ [9591/10236] Built R12122_Leaves14 (33s)
✔ [9592/10236] Built R12122_Leaves15 (31s)
✔ [9593/10236] Built R12122_Leaves16 (34s)
✔ [9594/10236] Built R12122_Leaves17 (31s)
✔ [9595/10236] Built R12122_Leaves18 (34s)
✔ [9596/10236] Built R12122_Leaves19 (33s)
✔ [9597/10236] Built R12122_Leaves20 (34s)
✔ [9598/10236] Built R12122_Leaves21 (35s)
✔ [9599/10236] Built R12122_Leaves22 (31s)
✔ [9600/10236] Built R12122_Leaves23 (35s)
✔ [9601/10236] Built R12122_Leaves24 (32s)
✔ [9602/10236] Built R12122_Leaves25 (35s)
✔ [9603/10236] Built R12122_Leaves26 (35s)
✔ [9604/10236] Built R12122_Leaves27 (36s)
✔ [9605/10236] Built R12122_Leaves28 (36s)
✔ [9606/10236] Built R12122_Leaves29 (33s)
✔ [9607/10236] Built R12122_Leaves30 (31s)
✔ [9608/10236] Built R12122_Leaves31 (33s)
✔ [9609/10236] Built R12122_Leaves32 (27s)
✔ [9610/10236] Built R12122_Leaves33 (31s)
✔ [9611/10236] Built R12122_Leaves34 (36s)
✔ [9612/10236] Built R12122_Leaves35 (35s)
✔ [9613/10236] Built R12122_Leaves36 (35s)
✔ [9614/10236] Built R12122_Leaves37 (35s)
✔ [9615/10236] Built R12122_Leaves38 (34s)
✔ [9616/10236] Built R12122_Leaves39 (34s)
✔ [9617/10236] Built R12122_Leaves40 (32s)
✔ [9618/10236] Built R12122_Leaves41 (32s)
✔ [9619/10236] Built R12122_Leaves42 (29s)
✔ [9620/10236] Built R12122_Leaves43 (25s)
✔ [9621/10236] Built R12122_Leaves44 (25s)
✔ [9622/10236] Built R12122_Leaves45 (23s)
✔ [9623/10236] Built R12122_Leaves47 (18s)
✔ [9624/10236] Built R12122_Leaves46 (27s)
✔ [9625/10236] Built R12122_Leaves48 (16s)
✔ [9626/10236] Built R12122_Leaves50 (22s)
✔ [9627/10236] Built R12122_Leaves51 (16s)
✔ [9628/10236] Built R12122_Leaves49 (29s)
✔ [9629/10236] Built R12122_Leaves52 (20s)
✔ [9630/10236] Built R12122_Leaves53 (18s)
✔ [9631/10236] Built R12122_Leaves57 (710ms)
✔ [9632/10236] Built R12122_Leaves56 (12s)
✔ [9633/10236] Built R12122_Leaves54 (18s)
✔ [9634/10236] Built R12122_Leaves55 (19s)
✔ [9635/10236] Built R12212_Leaves0 (32s)
✔ [9636/10236] Built R12212_Leaves1 (34s)
✔ [9637/10236] Built R12212_Leaves2 (33s)
✔ [9638/10236] Built R12212_Leaves3 (34s)
✔ [9639/10236] Built R12212_Leaves4 (34s)
✔ [9640/10236] Built R12212_Leaves6 (32s)
✔ [9641/10236] Built R12212_Leaves5 (35s)
✔ [9642/10236] Built R12212_Leaves7 (36s)
✔ [9643/10236] Built R12212_Leaves8 (31s)
✔ [9644/10236] Built R12212_Leaves9 (33s)
✔ [9645/10236] Built R12212_Leaves10 (34s)
✔ [9646/10236] Built R12212_Leaves11 (32s)
✔ [9647/10236] Built R12212_Leaves12 (35s)
✔ [9648/10236] Built R12212_Leaves13 (33s)
✔ [9649/10236] Built R12212_Leaves14 (31s)
✔ [9650/10236] Built R12212_Leaves15 (34s)
✔ [9651/10236] Built R12212_Leaves16 (31s)
✔ [9652/10236] Built R12212_Leaves18 (33s)
✔ [9653/10236] Built R12212_Leaves17 (35s)
✔ [9654/10236] Built R12212_Leaves19 (36s)
✔ [9655/10236] Built R12212_Leaves20 (34s)
✔ [9656/10236] Built R12212_Leaves21 (31s)
✔ [9657/10236] Built R12212_Leaves22 (34s)
✔ [9658/10236] Built R12212_Leaves23 (32s)
✔ [9659/10236] Built R12212_Leaves24 (33s)
✔ [9660/10236] Built R12212_Leaves25 (36s)
✔ [9661/10236] Built R12212_Leaves26 (36s)
✔ [9662/10236] Built R12212_Leaves27 (34s)
✔ [9663/10236] Built R12212_Leaves28 (35s)
✔ [9664/10236] Built R12212_Leaves30 (30s)
✔ [9665/10236] Built R12212_Leaves29 (34s)
✔ [9666/10236] Built R12212_Leaves31 (34s)
✔ [9667/10236] Built R12212_Leaves32 (28s)
✔ [9668/10236] Built R12212_Leaves33 (28s)
✔ [9669/10236] Built R12212_Leaves34 (34s)
✔ [9670/10236] Built R12212_Leaves35 (35s)
✔ [9671/10236] Built R12212_Leaves36 (34s)
✔ [9672/10236] Built R12212_Leaves37 (34s)
✔ [9673/10236] Built R12212_Leaves38 (33s)
✔ [9674/10236] Built R12212_Leaves39 (32s)
✔ [9675/10236] Built R12212_Leaves40 (29s)
✔ [9676/10236] Built R12212_Leaves41 (33s)
✔ [9677/10236] Built R12212_Leaves42 (29s)
✔ [9678/10236] Built R12212_Leaves43 (25s)
✔ [9679/10236] Built R12212_Leaves45 (17s)
✔ [9680/10236] Built R12212_Leaves44 (29s)
✔ [9681/10236] Built R12212_Leaves47 (21s)
✔ [9682/10236] Built R12212_Leaves46 (29s)
✔ [9683/10236] Built R12212_Leaves48 (16s)
✔ [9684/10236] Built R12212_Leaves49 (26s)
✔ [9685/10236] Built R12212_Leaves51 (17s)
✔ [9686/10236] Built R12212_Leaves52 (16s)
✔ [9687/10236] Built R12212_Leaves50 (26s)
✔ [9688/10236] Built R12212_Leaves54 (14s)
✔ [9689/10236] Built R12212_Leaves57 (4.3s)
✔ [9690/10236] Built R12212_Leaves53 (22s)
✔ [9691/10236] Built R12212_Leaves56 (16s)
✔ [9692/10236] Built R12212_Leaves55 (22s)
✔ [9693/10236] Built R12221_Leaves0 (32s)
✔ [9694/10236] Built R12221_Leaves1 (33s)
✔ [9695/10236] Built R12221_Leaves3 (34s)
✔ [9696/10236] Built R12221_Leaves2 (37s)
✔ [9697/10236] Built R12221_Leaves4 (37s)
✔ [9698/10236] Built R12221_Leaves5 (33s)
✔ [9699/10236] Built R12221_Leaves7 (33s)
✔ [9700/10236] Built R12221_Leaves6 (36s)
✔ [9701/10236] Built R12221_Leaves8 (34s)
✔ [9702/10236] Built R12221_Leaves9 (34s)
✔ [9703/10236] Built R12221_Leaves11 (33s)
✔ [9704/10236] Built R12221_Leaves10 (35s)
✔ [9705/10236] Built R12221_Leaves12 (30s)
✔ [9706/10236] Built R12221_Leaves13 (33s)
✔ [9707/10236] Built R12221_Leaves14 (35s)
✔ [9708/10236] Built R12221_Leaves15 (34s)
✔ [9709/10236] Built R12221_Leaves16 (33s)
✔ [9710/10236] Built R12221_Leaves17 (32s)
✔ [9711/10236] Built R12221_Leaves19 (31s)
✔ [9712/10236] Built R12221_Leaves18 (34s)
✔ [9713/10236] Built R12221_Leaves20 (35s)
✔ [9714/10236] Built R12221_Leaves21 (36s)
✔ [9715/10236] Built R12221_Leaves22 (34s)
✔ [9716/10236] Built R12221_Leaves23 (34s)
✔ [9717/10236] Built R12221_Leaves27 (23s)
✔ [9718/10236] Built R12221_Leaves24 (34s)
✔ [9719/10236] Built R12221_Leaves25 (31s)
✔ [9720/10236] Built R12221_Leaves26 (33s)
✔ [9721/10236] Built R12221_Leaves28 (34s)
✔ [9722/10236] Built R12221_Leaves30 (33s)
✔ [9723/10236] Built R12221_Leaves29 (35s)
✔ [9724/10236] Built R12221_Leaves31 (34s)
✔ [9725/10236] Built R12221_Leaves33 (30s)
✔ [9726/10236] Built R12221_Leaves32 (33s)
✔ [9727/10236] Built R12221_Leaves34 (33s)
✔ [9728/10236] Built R12221_Leaves35 (29s)
✔ [9729/10236] Built R12221_Leaves38 (17s)
✔ [9730/10236] Built R12221_Leaves36 (26s)
✔ [9731/10236] Built R12221_Leaves37 (25s)
✔ [9732/10236] Built R12221_Leaves39 (28s)
✔ [9733/10236] Built R12221_Leaves40 (18s)
✔ [9734/10236] Built R12221_Leaves41 (17s)
✔ [9735/10236] Built R12221_Leaves43 (20s)
✔ [9736/10236] Built R12221_Leaves44 (15s)
✔ [9737/10236] Built R12221_Leaves42 (30s)
✔ [9738/10236] Built R12221_Leaves45 (19s)
✔ [9739/10236] Built R12221_Leaves46 (17s)
✔ [9740/10236] Built R12221_Leaves49 (9.8s)
✔ [9741/10236] Built R12221_Leaves47 (20s)
✔ [9742/10236] Built R12221_Leaves48 (19s)
✔ [9743/10236] Built R12222_Leaves0 (33s)
✔ [9744/10236] Built R12222_Leaves1 (33s)
✔ [9745/10236] Built R12222_Leaves3 (33s)
✔ [9746/10236] Built R12222_Leaves2 (34s)
✔ [9747/10236] Built R12222_Leaves4 (32s)
✔ [9748/10236] Built R12222_Leaves5 (35s)
✔ [9749/10236] Built R12222_Leaves6 (33s)
✔ [9750/10236] Built R12222_Leaves7 (34s)
✔ [9751/10236] Built R12222_Leaves8 (35s)
✔ [9752/10236] Built R12222_Leaves9 (32s)
✔ [9753/10236] Built R12222_Leaves10 (32s)
✔ [9754/10236] Built R12222_Leaves11 (34s)
✔ [9755/10236] Built R12222_Leaves12 (32s)
✔ [9756/10236] Built R12222_Leaves13 (34s)
✔ [9757/10236] Built R12222_Leaves15 (30s)
✔ [9758/10236] Built R12222_Leaves14 (34s)
✔ [9759/10236] Built R12222_Leaves16 (33s)
✔ [9760/10236] Built R12222_Leaves18 (31s)
✔ [9761/10236] Built R12222_Leaves17 (33s)
✔ [9762/10236] Built R12222_Leaves19 (32s)
✔ [9763/10236] Built R12222_Leaves20 (33s)
✔ [9764/10236] Built R12222_Leaves21 (33s)
✔ [9765/10236] Built R12222_Leaves22 (33s)
✔ [9766/10236] Built R12222_Leaves23 (33s)
✔ [9767/10236] Built R12222_Leaves24 (26s)
✔ [9768/10236] Built R12222_Leaves26 (26s)
✔ [9769/10236] Built R12222_Leaves27 (30s)
✔ [9770/10236] Built R12222_Leaves25 (32s)
✔ [9771/10236] Built R12222_Leaves28 (32s)
✔ [9772/10236] Built R12222_Leaves29 (32s)
✔ [9773/10236] Built R12222_Leaves30 (32s)
✔ [9774/10236] Built R12222_Leaves31 (34s)
✔ [9775/10236] Built R12222_Leaves32 (26s)
✔ [9776/10236] Built R12222_Leaves35 (24s)
✔ [9777/10236] Built R12222_Leaves34 (26s)
✔ [9778/10236] Built R12222_Leaves33 (34s)
✔ [9779/10236] Built R12222_Leaves37 (18s)
✔ [9780/10236] Built R12222_Leaves36 (33s)
✔ [9781/10236] Built R12222_Leaves38 (25s)
✔ [9782/10236] Built R12222_Leaves39 (26s)
✔ [9783/10236] Built R12222_Leaves40 (19s)
✔ [9784/10236] Built R12222_Leaves41 (22s)
✔ [9785/10236] Built R12222_Leaves43 (21s)
✔ [9786/10236] Built R12222_Leaves44 (17s)
✔ [9787/10236] Built R12222_Leaves42 (31s)
✔ [9788/10236] Built R12222_Leaves46 (16s)
✔ [9789/10236] Built R12222_Leaves45 (22s)
✔ [9790/10236] Built R12222_Leaves50 (779ms)
✔ [9791/10236] Built R12222_Leaves47 (21s)
✔ [9792/10236] Built R12222_Leaves48 (19s)
✔ [9793/10236] Built R12222_Leaves49 (13s)
✔ [9794/10236] Built R21112_Leaves0 (31s)
✔ [9795/10236] Built R21112_Leaves1 (33s)
✔ [9796/10236] Built R21112_Leaves2 (34s)
✔ [9797/10236] Built R21112_Leaves3 (31s)
✔ [9798/10236] Built R21112_Leaves4 (35s)
✔ [9799/10236] Built R21112_Leaves6 (31s)
✔ [9800/10236] Built R21112_Leaves5 (35s)
✔ [9801/10236] Built R21112_Leaves7 (33s)
✔ [9802/10236] Built R21112_Leaves8 (36s)
✔ [9803/10236] Built R21112_Leaves9 (35s)
✔ [9804/10236] Built R21112_Leaves11 (34s)
✔ [9805/10236] Built R21112_Leaves10 (36s)
✔ [9806/10236] Built R21112_Leaves12 (33s)
✔ [9807/10236] Built R21112_Leaves15 (30s)
✔ [9808/10236] Built R21112_Leaves13 (33s)
✔ [9809/10236] Built R21112_Leaves14 (34s)
✔ [9810/10236] Built R21112_Leaves16 (34s)
✔ [9811/10236] Built R21112_Leaves18 (34s)
✔ [9812/10236] Built R21112_Leaves17 (35s)
✔ [9813/10236] Built R21112_Leaves19 (36s)
✔ [9814/10236] Built R21112_Leaves20 (31s)
✔ [9815/10236] Built R21112_Leaves21 (34s)
✔ [9816/10236] Built R21112_Leaves22 (35s)
✔ [9817/10236] Built R21112_Leaves23 (33s)
✔ [9818/10236] Built R21112_Leaves24 (28s)
✔ [9819/10236] Built R21112_Leaves25 (34s)
✔ [9820/10236] Built R21112_Leaves26 (32s)
✔ [9821/10236] Built R21112_Leaves27 (32s)
✔ [9822/10236] Built R21112_Leaves28 (36s)
✔ [9823/10236] Built R21112_Leaves30 (33s)
✔ [9824/10236] Built R21112_Leaves29 (36s)
✔ [9825/10236] Built R21112_Leaves31 (35s)
✔ [9826/10236] Built R21112_Leaves32 (33s)
✔ [9827/10236] Built R21112_Leaves33 (32s)
✔ [9828/10236] Built R21112_Leaves34 (34s)
✔ [9829/10236] Built R21112_Leaves35 (32s)
✔ [9830/10236] Built R21112_Leaves36 (33s)
✔ [9831/10236] Built R21112_Leaves37 (35s)
✔ [9832/10236] Built R21112_Leaves39 (33s)
✔ [9833/10236] Built R21112_Leaves38 (34s)
✔ [9834/10236] Built R21112_Leaves40 (34s)
✔ [9835/10236] Built R21112_Leaves41 (34s)
✔ [9836/10236] Built R21112_Leaves43 (32s)
✔ [9837/10236] Built R21112_Leaves42 (33s)
✔ [9838/10236] Built R21112_Leaves44 (29s)
✔ [9839/10236] Built R21112_Leaves45 (24s)
✔ [9840/10236] Built R21112_Leaves46 (34s)
✔ [9841/10236] Built R21112_Leaves47 (34s)
✔ [9842/10236] Built R21112_Leaves48 (36s)
✔ [9843/10236] Built R21112_Leaves49 (36s)
✔ [9844/10236] Built R21112_Leaves51 (35s)
✔ [9845/10236] Built R21112_Leaves50 (36s)
✔ [9846/10236] Built R21112_Leaves52 (34s)
✔ [9847/10236] Built R21112_Leaves53 (33s)
✔ [9848/10236] Built R21112_Leaves55 (30s)
✔ [9849/10236] Built R21112_Leaves54 (31s)
✔ [9850/10236] Built R21112_Leaves57 (19s)
✔ [9851/10236] Built R21112_Leaves56 (27s)
✔ [9852/10236] Built R21112_Leaves58 (26s)
✔ [9853/10236] Built R21112_Leaves60 (18s)
✔ [9854/10236] Built R21112_Leaves59 (27s)
✔ [9855/10236] Built R21112_Leaves61 (21s)
✔ [9856/10236] Built R21112_Leaves64 (17s)
✔ [9857/10236] Built R21112_Leaves63 (22s)
✔ [9858/10236] Built R21112_Leaves65 (18s)
✔ [9859/10236] Built R21112_Leaves62 (32s)
✔ [9860/10236] Built R21112_Leaves66 (17s)
✔ [9861/10236] Built R21112_Leaves69 (8.3s)
✔ [9862/10236] Built R21112_Leaves68 (19s)
✔ [9863/10236] Built R21112_Leaves67 (20s)
✔ [9864/10236] Built R21122_Leaves0 (30s)
✔ [9865/10236] Built R21122_Leaves1 (34s)
✔ [9866/10236] Built R21122_Leaves2 (32s)
✔ [9867/10236] Built R21122_Leaves3 (36s)
✔ [9868/10236] Built R21122_Leaves4 (32s)
✔ [9869/10236] Built R21122_Leaves5 (35s)
✔ [9870/10236] Built R21122_Leaves6 (36s)
✔ [9871/10236] Built R21122_Leaves7 (32s)
✔ [9872/10236] Built R21122_Leaves8 (35s)
✔ [9873/10236] Built R21122_Leaves10 (31s)
✔ [9874/10236] Built R21122_Leaves9 (36s)
✔ [9875/10236] Built R21122_Leaves11 (34s)
✔ [9876/10236] Built R21122_Leaves12 (32s)
✔ [9877/10236] Built R21122_Leaves13 (35s)
✔ [9878/10236] Built R21122_Leaves14 (32s)
✔ [9879/10236] Built R21122_Leaves15 (34s)
✔ [9880/10236] Built R21122_Leaves16 (33s)
✔ [9881/10236] Built R21122_Leaves17 (32s)
✔ [9882/10236] Built R21122_Leaves18 (34s)
✔ [9883/10236] Built R21122_Leaves19 (33s)
✔ [9884/10236] Built R21122_Leaves20 (32s)
✔ [9885/10236] Built R21122_Leaves21 (35s)
✔ [9886/10236] Built R21122_Leaves22 (33s)
✔ [9887/10236] Built R21122_Leaves23 (36s)
✔ [9888/10236] Built R21122_Leaves24 (33s)
✔ [9889/10236] Built R21122_Leaves26 (33s)
✔ [9890/10236] Built R21122_Leaves25 (34s)
✔ [9891/10236] Built R21122_Leaves27 (34s)
✔ [9892/10236] Built R21122_Leaves28 (32s)
✔ [9893/10236] Built R21122_Leaves29 (35s)
✔ [9894/10236] Built R21122_Leaves30 (35s)
✔ [9895/10236] Built R21122_Leaves31 (36s)
✔ [9896/10236] Built R21122_Leaves32 (35s)
✔ [9897/10236] Built R21122_Leaves34 (34s)
✔ [9898/10236] Built R21122_Leaves33 (36s)
✔ [9899/10236] Built R21122_Leaves35 (30s)
✔ [9900/10236] Built R21122_Leaves36 (34s)
✔ [9901/10236] Built R21122_Leaves37 (28s)
✔ [9902/10236] Built R21122_Leaves38 (29s)
✔ [9903/10236] Built R21122_Leaves39 (35s)
✔ [9904/10236] Built R21122_Leaves40 (36s)
✔ [9905/10236] Built R21122_Leaves41 (34s)
✔ [9906/10236] Built R21122_Leaves42 (36s)
✔ [9907/10236] Built R21122_Leaves43 (35s)
✔ [9908/10236] Built R21122_Leaves44 (33s)
✔ [9909/10236] Built R21122_Leaves45 (34s)
✔ [9910/10236] Built R21122_Leaves46 (32s)
✔ [9911/10236] Built R21122_Leaves47 (32s)
✔ [9912/10236] Built R21122_Leaves48 (30s)
✔ [9913/10236] Built R21122_Leaves49 (23s)
✔ [9914/10236] Built R21122_Leaves50 (26s)
✔ [9915/10236] Built R21122_Leaves51 (21s)
✔ [9916/10236] Built R21122_Leaves53 (17s)
✔ [9917/10236] Built R21122_Leaves54 (17s)
✔ [9918/10236] Built R21122_Leaves52 (27s)
✔ [9919/10236] Built R21122_Leaves55 (30s)
✔ [9920/10236] Built R21122_Leaves56 (22s)
✔ [9921/10236] Built R21122_Leaves57 (17s)
✔ [9922/10236] Built R21122_Leaves58 (21s)
✔ [9923/10236] Built R21122_Leaves59 (18s)
✔ [9924/10236] Built R21122_Leaves63 (767ms)
✔ [9925/10236] Built R21122_Leaves60 (20s)
✔ [9926/10236] Built R21122_Leaves61 (19s)
✔ [9927/10236] Built R21122_Leaves62 (13s)
✔ [9928/10236] Built R11112_Assembly (30s)
✔ [9929/10236] Built R21212_Leaves0 (31s)
✔ [9930/10236] Built R21212_Leaves2 (31s)
✔ [9931/10236] Built R21212_Leaves1 (34s)
✔ [9932/10236] Built R21212_Leaves4 (31s)
✔ [9933/10236] Built R21212_Leaves3 (37s)
✔ [9934/10236] Built R21212_Leaves5 (35s)
✔ [9935/10236] Built R21212_Leaves6 (34s)
✔ [9936/10236] Built R21212_Leaves7 (32s)
✔ [9937/10236] Built R21212_Leaves9 (32s)
✔ [9938/10236] Built R21212_Leaves8 (36s)
✔ [9939/10236] Built R21212_Leaves10 (35s)
✔ [9940/10236] Built R21212_Leaves11 (33s)
✔ [9941/10236] Built R21212_Leaves13 (32s)
✔ [9942/10236] Built R21212_Leaves12 (36s)
✔ [9943/10236] Built R21212_Leaves14 (35s)
✔ [9944/10236] Built R21212_Leaves15 (33s)
✔ [9945/10236] Built R21212_Leaves16 (31s)
✔ [9946/10236] Built R21212_Leaves17 (36s)
✔ [9947/10236] Built R21212_Leaves18 (32s)
✔ [9948/10236] Built R21212_Leaves19 (33s)
✔ [9949/10236] Built R21212_Leaves20 (35s)
✔ [9950/10236] Built R21212_Leaves21 (33s)
✔ [9951/10236] Built R21212_Leaves22 (35s)
✔ [9952/10236] Built R21212_Leaves23 (33s)
✔ [9953/10236] Built R21212_Leaves24 (32s)
✔ [9954/10236] Built R21212_Leaves26 (29s)
✔ [9955/10236] Built R21212_Leaves25 (34s)
✔ [9956/10236] Built R21212_Leaves27 (33s)
✔ [9957/10236] Built R21212_Leaves28 (35s)
✔ [9958/10236] Built R21212_Leaves29 (35s)
✔ [9959/10236] Built R21212_Leaves30 (34s)
✔ [9960/10236] Built R21212_Leaves31 (34s)
✔ [9961/10236] Built R21212_Leaves32 (33s)
✔ [9962/10236] Built R21212_Leaves34 (29s)
✔ [9963/10236] Built R21212_Leaves33 (34s)
✔ [9964/10236] Built R21212_Leaves36 (22s)
✔ [9965/10236] Built R21212_Leaves35 (33s)
✔ [9966/10236] Built R21212_Leaves37 (33s)
✔ [9967/10236] Built R21212_Leaves38 (35s)
✔ [9968/10236] Built R21212_Leaves39 (33s)
✔ [9969/10236] Built R21212_Leaves40 (34s)
✔ [9970/10236] Built R21212_Leaves41 (34s)
✔ [9971/10236] Built R21212_Leaves42 (34s)
✔ [9972/10236] Built R21212_Leaves43 (32s)
✔ [9973/10236] Built R21212_Leaves44 (31s)
✔ [9974/10236] Built R21212_Leaves45 (31s)
✔ [9975/10236] Built R21212_Leaves46 (31s)
✔ [9976/10236] Built R21212_Leaves47 (23s)
✔ [9977/10236] Built R21212_Leaves49 (19s)
✔ [9978/10236] Built R21212_Leaves48 (31s)
✔ [9979/10236] Built R21212_Leaves50 (26s)
✔ [9980/10236] Built R21212_Leaves51 (24s)
✔ [9981/10236] Built R21212_Leaves52 (15s)
✔ [9982/10236] Built R21212_Leaves53 (24s)
✔ [9983/10236] Built R21212_Leaves56 (15s)
✔ [9984/10236] Built R21212_Leaves55 (21s)
✔ [9985/10236] Built R21212_Leaves54 (28s)
✔ [9986/10236] Built R21212_Leaves58 (16s)
✔ [9987/10236] Built R21212_Leaves57 (20s)
✔ [9988/10236] Built R21212_Leaves59 (21s)
✔ [9989/10236] Built R21212_Leaves61 (7.9s)
✔ [9990/10236] Built R21212_Leaves60 (19s)
✔ [9991/10236] Built R21222_Leaves0 (33s)
✔ [9992/10236] Built R21222_Leaves1 (33s)
✔ [9993/10236] Built R21222_Leaves2 (33s)
✔ [9994/10236] Built R21222_Leaves3 (35s)
✔ [9995/10236] Built R21222_Leaves4 (31s)
✔ [9996/10236] Built R21222_Leaves5 (33s)
✔ [9997/10236] Built R21222_Leaves6 (33s)
✔ [9998/10236] Built R21222_Leaves7 (35s)
✔ [9999/10236] Built R21222_Leaves8 (33s)
✔ [10000/10236] Built R21222_Leaves9 (31s)
✔ [10001/10236] Built R21222_Leaves10 (33s)
✔ [10002/10236] Built R21222_Leaves11 (32s)
✔ [10003/10236] Built R21222_Leaves12 (32s)
✔ [10004/10236] Built R21222_Leaves13 (32s)
✔ [10005/10236] Built R21222_Leaves14 (34s)
✔ [10006/10236] Built R21222_Leaves15 (30s)
✔ [10007/10236] Built R21222_Leaves16 (34s)
✔ [10008/10236] Built R21222_Leaves17 (34s)
✔ [10009/10236] Built R21222_Leaves18 (32s)
✔ [10010/10236] Built R21222_Leaves19 (32s)
✔ [10011/10236] Built R21222_Leaves20 (29s)
✔ [10012/10236] Built R21222_Leaves22 (32s)
✔ [10013/10236] Built R21222_Leaves23 (28s)
✔ [10014/10236] Built R21222_Leaves21 (34s)
✔ [10015/10236] Built R21222_Leaves24 (35s)
✔ [10016/10236] Built R21222_Leaves27 (32s)
✔ [10017/10236] Built R21222_Leaves25 (33s)
✔ [10018/10236] Built R21222_Leaves26 (33s)
✔ [10019/10236] Built R21222_Leaves28 (34s)
✔ [10020/10236] Built R21222_Leaves29 (26s)
✔ [10021/10236] Built R21222_Leaves31 (27s)
✔ [10022/10236] Built R21222_Leaves30 (34s)
✔ [10023/10236] Built R21222_Leaves32 (24s)
✔ [10024/10236] Built R21222_Leaves33 (35s)
✔ [10025/10236] Built R21222_Leaves34 (33s)
✔ [10026/10236] Built R21222_Leaves35 (33s)
✔ [10027/10236] Built R21222_Leaves36 (33s)
✔ [10028/10236] Built R21222_Leaves38 (29s)
✔ [10029/10236] Built R21222_Leaves37 (35s)
✔ [10030/10236] Built R21222_Leaves39 (33s)
✔ [10031/10236] Built R21222_Leaves40 (30s)
✔ [10032/10236] Built R21222_Leaves41 (22s)
✔ [10033/10236] Built R21222_Leaves43 (22s)
✔ [10034/10236] Built R21222_Leaves42 (32s)
✔ [10035/10236] Built R21222_Leaves44 (23s)
✔ [10036/10236] Built R21222_Leaves46 (19s)
✔ [10037/10236] Built R21222_Leaves45 (29s)
✔ [10038/10236] Built R21222_Leaves47 (21s)
✔ [10039/10236] Built R21222_Leaves50 (17s)
✔ [10040/10236] Built R21222_Leaves49 (23s)
✔ [10041/10236] Built R21222_Leaves48 (33s)
✔ [10042/10236] Built R21222_Leaves51 (22s)
✔ [10043/10236] Built R21222_Leaves52 (16s)
✔ [10044/10236] Built R21222_Leaves56 (832ms)
✔ [10045/10236] Built R21222_Leaves53 (19s)
✔ [10046/10240] Built R21222_Leaves54 (21s)
✔ [10047/10240] Built R21222_Leaves55 (17s)
✔ [10048/10240] Built R11121_Assembly (26s)
✔ [10049/10240] Built R22122_Leaves0 (31s)
✔ [10050/10240] Built R22122_Leaves1 (32s)
✔ [10051/10240] Built R22122_Leaves2 (34s)
✔ [10052/10240] Built R22122_Leaves3 (32s)
✔ [10053/10240] Built R22122_Leaves4 (33s)
✔ [10054/10240] Built R22122_Leaves5 (34s)
✔ [10055/10240] Built R22122_Leaves6 (32s)
✔ [10056/10240] Built R22122_Leaves7 (30s)
✔ [10057/10240] Built R22122_Leaves8 (33s)
✔ [10058/10240] Built R22122_Leaves9 (32s)
✔ [10059/10240] Built R22122_Leaves10 (34s)
✔ [10060/10240] Built R22122_Leaves11 (31s)
✔ [10061/10240] Built R22122_Leaves12 (33s)
✔ [10062/10240] Built R22122_Leaves14 (30s)
✔ [10063/10240] Built R22122_Leaves13 (33s)
✔ [10064/10240] Built R22122_Leaves15 (33s)
✔ [10065/10240] Built R22122_Leaves17 (29s)
✔ [10066/10240] Built R22122_Leaves16 (33s)
✔ [10067/10240] Built R22122_Leaves18 (35s)
✔ [10068/10240] Built R22122_Leaves19 (31s)
✔ [10069/10240] Built R22122_Leaves21 (31s)
✔ [10070/10240] Built R22122_Leaves20 (35s)
✔ [10071/10240] Built R22122_Leaves22 (29s)
✔ [10072/10240] Built R22122_Leaves23 (35s)
✔ [10073/10240] Built R22122_Leaves24 (32s)
✔ [10074/10240] Built R22122_Leaves25 (29s)
✔ [10075/10240] Built R22122_Leaves26 (36s)
✔ [10076/10240] Built R22122_Leaves27 (34s)
✔ [10077/10240] Built R22122_Leaves28 (33s)
✔ [10078/10240] Built R22122_Leaves29 (33s)
✔ [10079/10240] Built R22122_Leaves30 (34s)
✔ [10080/10240] Built R22122_Leaves31 (28s)
✔ [10081/10240] Built R22122_Leaves33 (27s)
✔ [10082/10240] Built R22122_Leaves32 (34s)
✔ [10083/10240] Built R22122_Leaves34 (26s)
✔ [10084/10240] Built R22122_Leaves35 (36s)
✔ [10085/10240] Built R22122_Leaves36 (34s)
✔ [10086/10240] Built R22122_Leaves37 (34s)
✔ [10087/10240] Built R22122_Leaves38 (34s)
✔ [10088/10240] Built R22122_Leaves39 (33s)
✔ [10089/10240] Built R22122_Leaves40 (33s)
✔ [10090/10240] Built R22122_Leaves41 (31s)
✔ [10091/10240] Built R22122_Leaves42 (31s)
✔ [10092/10240] Built R22122_Leaves43 (26s)
✔ [10093/10240] Built R22122_Leaves46 (20s)
✔ [10094/10240] Built R22122_Leaves45 (26s)
✔ [10095/10240] Built R22122_Leaves44 (30s)
✔ [10096/10240] Built R22122_Leaves48 (18s)
✔ [10097/10240] Built R22122_Leaves49 (13s)
✔ [10098/10240] Built R22122_Leaves47 (31s)
✔ [10099/10240] Built R22122_Leaves52 (17s)
✔ [10100/10240] Built R22122_Leaves50 (31s)
✔ [10101/10240] Built R22122_Leaves53 (18s)
✔ [10102/10240] Built R22122_Leaves51 (26s)
✔ [10103/10240] Built R22122_Leaves55 (13s)
✔ [10109/10240] Built R22122_Leaves54 (19s)
✔ [10110/10241] Built R22122_Leaves58 (7.1s)
✔ [10111/10241] Built R22122_Leaves57 (16s)
✔ [10112/10241] Built R22122_Leaves56 (25s)
✔ [10113/10241] Built R11211_Assembly (27s)
✔ [10114/10241] Built R11122_Assembly (31s)
✔ [10115/10241] Built R11221_Assembly (31s)
✔ [10116/10241] Built R11212_Assembly (35s)
✔ [10117/10241] Built R11222_Assembly (29s)
✔ [10118/10241] Built R12112_Assembly (31s)
✔ [10119/10241] Built R22222_Leaves0 (33s)
✔ [10120/10241] Built R22222_Leaves1 (34s)
✔ [10121/10241] Built R22222_Leaves2 (33s)
✔ [10122/10241] Built R22222_Leaves3 (33s)
✔ [10123/10241] Built R22222_Leaves4 (34s)
✔ [10124/10241] Built R22222_Leaves5 (34s)
✔ [10125/10241] Built R22222_Leaves6 (32s)
✔ [10126/10241] Built R22222_Leaves7 (34s)
✔ [10127/10241] Built R22222_Leaves9 (31s)
✔ [10128/10241] Built R22222_Leaves8 (34s)
✔ [10129/10241] Built R22222_Leaves10 (34s)
✔ [10130/10241] Built R22222_Leaves11 (34s)
✔ [10131/10241] Built R22222_Leaves12 (33s)
✔ [10132/10241] Built R22222_Leaves13 (34s)
✔ [10133/10241] Built R22222_Leaves14 (33s)
✔ [10134/10241] Built R22222_Leaves15 (32s)
✔ [10135/10241] Built R22222_Leaves17 (30s)
✔ [10136/10241] Built R22222_Leaves16 (33s)
✔ [10137/10241] Built R22222_Leaves18 (31s)
✔ [10138/10241] Built R22222_Leaves19 (28s)
✔ [10139/10241] Built R22222_Leaves20 (34s)
✔ [10140/10241] Built R22222_Leaves21 (34s)
✔ [10141/10241] Built R22222_Leaves22 (34s)
✔ [10142/10241] Built R22222_Leaves23 (33s)
✔ [10143/10241] Built R22222_Leaves24 (25s)
✔ [10144/10241] Built R22222_Leaves25 (33s)
✔ [10145/10241] Built R22222_Leaves27 (20s)
✔ [10146/10241] Built R22222_Leaves26 (25s)
✔ [10147/10241] Built R22222_Leaves28 (34s)
✔ [10148/10241] Built R22222_Leaves29 (33s)
✔ [10149/10241] Built R22222_Leaves30 (34s)
✔ [10150/10241] Built R22222_Leaves31 (33s)
✔ [10151/10241] Built R22222_Leaves33 (25s)
✔ [10152/10241] Built R22222_Leaves32 (34s)
✔ [10153/10241] Built R22222_Leaves34 (33s)
✔ [10154/10241] Built R22222_Leaves35 (31s)
✔ [10155/10241] Built R22222_Leaves36 (23s)
✔ [10156/10241] Built R22222_Leaves37 (26s)
✔ [10157/10241] Built R22222_Leaves38 (23s)
✔ [10158/10241] Built R22222_Leaves39 (25s)
✔ [10159/10241] Built R22222_Leaves41 (14s)
✔ [10160/10241] Built R22222_Leaves40 (22s)
✔ [10161/10241] Built R22222_Leaves44 (13s)
✔ [10162/10241] Built R22222_Leaves43 (18s)
✔ [10163/10241] Built R22222_Leaves46 (11s)
✔ [10164/10241] Built R22222_Leaves42 (30s)
✔ [10165/10241] Built R22222_Leaves45 (23s)
✔ [10166/10241] Built R22222_Leaves49 (1.6s)
✔ [10167/10241] Built R22222_Leaves48 (13s)
✔ [10168/10241] Built R22222_Leaves47 (26s)
✔ [10169/10241] Built R12121_Assembly (27s)
✔ [10170/10241] Built R12122_Assembly (28s)
✔ [10171/10241] Built R12212_Assembly (29s)
✔ [10172/10241] Built R12221_Assembly (25s)
✔ [10173/10241] Built R12222_Assembly (24s)
⚠ [10174/10241] Replayed Zeta23.XiPrime.Certificate.D1
warning: Zeta23/XiPrime/Certificate/D1.lean:307:68: `intervalIntegral.integral_finset_sum` has been deprecated: Use `intervalIntegral.integral_finsetSum` instead
warning: Zeta23/XiPrime/Certificate/D1.lean:316:11: `continuous_finset_sum` has been deprecated: Use `continuous_finsetSum` instead
✔ [10178/10241] Built R21112_Assembly (35s)
✔ [10179/10241] Built R21122_Assembly (31s)
⚠ [10181/10244] Replayed Zeta23.ThmD.WindowCore
warning: Zeta23/ThmD/WindowCore.lean:388:22: Variable name `u` is not explicitly referenced.

Hint: The binding can be removed (if unused) or named `_` (if used implicitly). Alternatively, prefix the name with `_` to silence this warning:
  [apply] _u

Note: This linter can be disabled with `set_option linter.unusedVariables false`
✔ [10182/10244] Built R21212_Assembly (30s)
⚠ [10183/10244] Replayed Zeta23.XiPrime.Certificate.Poly
warning: Zeta23/XiPrime/Certificate/Poly.lean:42:6: `intervalIntegral.integral_finset_sum` has been deprecated: Use `intervalIntegral.integral_finsetSum` instead
⚠ [10186/10246] Replayed Zeta23.XiPrime.QuarticWindow.ModWindow
warning: Zeta23/XiPrime/QuarticWindow/ModWindow.lean:87:17: `Set.mem_setOf_eq` has been deprecated: Use `Set.mem_ofPred_eq` instead
ℹ [10187/10246] Replayed ZetaS.Window.CosWindow
info: ZetaS/Window/CosWindow.lean:571:0: 'ZetaS.CosWindow.integral_cosW' depends on axioms: [propext, Classical.choice, Quot.sound]
info: ZetaS/Window/CosWindow.lean:572:0: 'ZetaS.CosWindow.integral_cosW_sq' depends on axioms: [propext, Classical.choice, Quot.sound]
info: ZetaS/Window/CosWindow.lean:573:0: 'ZetaS.CosWindow.jInt_cosW' depends on axioms: [propext, Classical.choice, Quot.sound]
info: ZetaS/Window/CosWindow.lean:574:0: 'ZetaS.CosWindow.Rquot_cosW' depends on axioms: [propext, Classical.choice, Quot.sound]
info: ZetaS/Window/CosWindow.lean:575:0: 'ZetaS.CosWindow.HC_eq' depends on axioms: [propext, Classical.choice, Quot.sound]
info: ZetaS/Window/CosWindow.lean:576:0: 'ZetaS.CosWindow.HC_eight_fifths' depends on axioms: [propext, Classical.choice, Quot.sound]
info: ZetaS/Window/CosWindow.lean:577:0: 'ZetaS.CosWindow.HC_37_25' depends on axioms: [propext, Classical.choice, Quot.sound]
info: ZetaS/Window/CosWindow.lean:578:0: 'ZetaS.CosWindow.sigma_K7' depends on axioms: [propext, Classical.choice, Quot.sound]
info: ZetaS/Window/CosWindow.lean:579:0: 'ZetaS.CosWindow.dist_K7' depends on axioms: [propext, Classical.choice, Quot.sound]
info: ZetaS/Window/CosWindow.lean:580:0: 'ZetaS.CosWindow.sigma_K5' depends on axioms: [propext, Classical.choice, Quot.sound]
info: ZetaS/Window/CosWindow.lean:581:0: 'ZetaS.CosWindow.dist_K5' depends on axioms: [propext, Classical.choice, Quot.sound]
info: ZetaS/Window/CosWindow.lean:582:0: 'ZetaS.CosWindow.admWindow_cos' depends on axioms: [propext, Classical.choice, Quot.sound]
info: ZetaS/Window/CosWindow.lean:583:0: 'ZetaS.CosWindow.admWindow_phiV_cos' depends on axioms: [propext, Classical.choice, Quot.sound]
⚠ [10197/10246] Replayed ZetaS.Cert.C01_QIRound
warning: ZetaS/Cert/C01_QIRound.lean:20:6: this tactic is never executed

Note: This linter can be disabled with `set_option linter.unreachableTactic false`
warning: ZetaS/Cert/C01_QIRound.lean:21:6: this tactic is never executed

Note: This linter can be disabled with `set_option linter.unreachableTactic false`
warning: ZetaS/Cert/C01_QIRound.lean:22:6: this tactic is never executed

Note: This linter can be disabled with `set_option linter.unreachableTactic false`
warning: ZetaS/Cert/C01_QIRound.lean:20:6: 'exact (Rat.le_floor.mp le_rfl)' tactic does nothing

Note: This linter can be disabled with `set_option linter.unusedTactic false`
warning: ZetaS/Cert/C01_QIRound.lean:21:6: '(rw [← Rat.floor_intCast_div_natCast] at *; exact Int.floor_le _)' tactic does nothing

Note: This linter can be disabled with `set_option linter.unusedTactic false`
warning: ZetaS/Cert/C01_QIRound.lean:22:6: 'exact Int.floor_le (q * 2 ^ 64)' tactic does nothing

Note: This linter can be disabled with `set_option linter.unusedTactic false`
warning: ZetaS/Cert/C01_QIRound.lean:31:6: this tactic is never executed

Note: This linter can be disabled with `set_option linter.unreachableTactic false`
warning: ZetaS/Cert/C01_QIRound.lean:32:6: this tactic is never executed

Note: This linter can be disabled with `set_option linter.unreachableTactic false`
warning: ZetaS/Cert/C01_QIRound.lean:33:6: this tactic is never executed

Note: This linter can be disabled with `set_option linter.unreachableTactic false`
warning: ZetaS/Cert/C01_QIRound.lean:31:6: 'exact (Rat.le_ceil (x := q * 2 ^ 64))' tactic does nothing

Note: This linter can be disabled with `set_option linter.unusedTactic false`
warning: ZetaS/Cert/C01_QIRound.lean:32:6: 'exact (Rat.ceil_le.mp le_rfl)' tactic does nothing

Note: This linter can be disabled with `set_option linter.unusedTactic false`
warning: ZetaS/Cert/C01_QIRound.lean:33:6: 'exact Int.le_ceil (q * 2 ^ 64)' tactic does nothing

Note: This linter can be disabled with `set_option linter.unusedTactic false`
⚠ [10204/10249] Replayed ZetaS.Cert.C17_CapLeaf
warning: ZetaS/Cert/C17_CapLeaf.lean:28:5: Variable name `hg0` is not explicitly referenced.

Hint: The binding can be removed (if unused) or named `_` (if used implicitly). Alternatively, prefix the name with `_` to silence this warning:
  [apply] _hg0

Note: This linter can be disabled with `set_option linter.unusedVariables false`
⚠ [10209/10249] Replayed ZetaS.LinAlg.CountHelpers
warning: ZetaS/LinAlg/CountHelpers.lean:40:0: automatically included section variable(s) unused in theorem `ZetaS.isHermitian_smul_one`:
  [Fintype n]
consider restructuring your `variable` declarations so that the variables are not in scope or explicitly omit them:
  omit [Fintype n] in theorem ...

Note: This linter can be disabled with `set_option linter.unusedSectionVars false`
warning: ZetaS/LinAlg/CountHelpers.lean:143:0: automatically included section variable(s) unused in theorem `ZetaS.hermForm_fromBlocks`:
  [DecidableEq m]
  [DecidableEq o]
consider restructuring your `variable` declarations so that the variables are not in scope or explicitly omit them:
  omit [DecidableEq m] [DecidableEq o] in theorem ...

Note: This linter can be disabled with `set_option linter.unusedSectionVars false`
⚠ [10214/10251] Replayed ZetaS.SigmaDist.A1b_BetaBound
warning: ZetaS/SigmaDist/A1b_BetaBound.lean:12:49: Variable name `hδ0` is not explicitly referenced.

Hint: The binding can be removed (if unused) or named `_` (if used implicitly). Alternatively, prefix the name with `_` to silence this warning:
  [apply] _hδ0

Note: This linter can be disabled with `set_option linter.unusedVariables false`
warning: ZetaS/SigmaDist/A1b_BetaBound.lean:12:63: Variable name `hδ1` is not explicitly referenced.

Hint: The binding can be removed (if unused) or named `_` (if used implicitly). Alternatively, prefix the name with `_` to silence this warning:
  [apply] _hδ1

Note: This linter can be disabled with `set_option linter.unusedVariables false`
⚠ [10223/10259] Replayed ZetaS.SigmaDist.M1_MajorantKernel
warning: ZetaS/SigmaDist/M1_MajorantKernel.lean:162:5: Variable name `hcont` is not explicitly referenced.

Hint: The binding can be removed (if unused) or named `_` (if used implicitly). Alternatively, prefix the name with `_` to silence this warning:
  [apply] _hcont

Note: This linter can be disabled with `set_option linter.unusedVariables false`
warning: ZetaS/SigmaDist/M1_MajorantKernel.lean:163:5: Variable name `hpos` is not explicitly referenced.

Hint: The binding can be removed (if unused) or named `_` (if used implicitly). Alternatively, prefix the name with `_` to silence this warning:
  [apply] _hpos

Note: This linter can be disabled with `set_option linter.unusedVariables false`
⚠ [10226/10265] Replayed ZetaS.Cert.C18_LPLeaf
warning: ZetaS/Cert/C18_LPLeaf.lean:297:20: this tactic is never executed

Note: This linter can be disabled with `set_option linter.unreachableTactic false`
warning: ZetaS/Cert/C18_LPLeaf.lean:298:16: Used `tac1 <;> tac2` where `(tac1; tac2)` would suffice

Note: This linter can be disabled with `set_option linter.unnecessarySeqFocus false`
warning: ZetaS/Cert/C18_LPLeaf.lean:299:16: Used `tac1 <;> tac2` where `(tac1; tac2)` would suffice

Note: This linter can be disabled with `set_option linter.unnecessarySeqFocus false`
warning: ZetaS/Cert/C18_LPLeaf.lean:297:20: 'omega' tactic does nothing

Note: This linter can be disabled with `set_option linter.unusedTactic false`
warning: ZetaS/Cert/C18_LPLeaf.lean:308:51: Variable name `hg0` is not explicitly referenced.

Hint: The binding can be removed (if unused) or named `_` (if used implicitly). Alternatively, prefix the name with `_` to silence this warning:
  [apply] _hg0

Note: This linter can be disabled with `set_option linter.unusedVariables false`
⚠ [10227/10265] Replayed ZetaS.Cert.C19b_CvxLeaf
warning: ZetaS/Cert/C19b_CvxLeaf.lean:69:92: Used `tac1 <;> tac2` where `(tac1; tac2)` would suffice

Note: This linter can be disabled with `set_option linter.unnecessarySeqFocus false`
warning: ZetaS/Cert/C19b_CvxLeaf.lean:201:53: Variable name `hg0` is not explicitly referenced.

Hint: The binding can be removed (if unused) or named `_` (if used implicitly). Alternatively, prefix the name with `_` to silence this warning:
  [apply] _hg0

Note: This linter can be disabled with `set_option linter.unusedVariables false`
⚠ [10229/10265] Replayed ZetaS.SigmaDist.A6_BlockBounds
warning: ZetaS/SigmaDist/A6_BlockBounds.lean:112:49: Variable name `hκ1` is not explicitly referenced.

Hint: The binding can be removed (if unused) or named `_` (if used implicitly). Alternatively, prefix the name with `_` to silence this warning:
  [apply] _hκ1

Note: This linter can be disabled with `set_option linter.unusedVariables false`
warning: ZetaS/SigmaDist/A6_BlockBounds.lean:200:77: This simp argument is unused:
  zero_mul

Hint: Omit it from the simp argument list.
  [apply] simp only [one_pow, zero_pow two_ne_zero, add_zero, mul_one, mul_zero] at this

Note: This linter can be disabled with `set_option linter.unusedSimpArgs false`
⚠ [10230/10265] Replayed ZetaS.SigmaDist.A6_TightChains
warning: ZetaS/SigmaDist/A6_TightChains.lean:416:8: `push_neg` has been deprecated. Prefer using `push Not` instead.
If you'd rather continue using `push_neg` in your project, you can implement it as follows:
```
open Lean.Parser.Tactic in
macro "push_neg" cfg:optConfig loc:(location)? : tactic =>
  `(tactic| push $cfg:optConfig Not $[$loc]?)
```
warning: ZetaS/SigmaDist/A6_TightChains.lean:141:32: Variable name `ha₂` is not explicitly referenced.

Hint: The binding can be removed (if unused) or named `_` (if used implicitly). Alternatively, prefix the name with `_` to silence this warning:
  [apply] _ha₂

Note: This linter can be disabled with `set_option linter.unusedVariables false`
ℹ [10233/10268] Replayed ZetaS.Cert.ChainV3
info: ZetaS/Cert/ChainV3.lean:34:0: 118 V3 constants (98 without auxiliary matchers/recursors): [ZetaS.CertV2.Acc, ZetaS.CertV2.Acc.kap, ZetaS.CertV2.Acc.mk, ZetaS.CertV2.Acc.ok, ZetaS.CertV2.Acc.rho, ZetaS.CertV2.Box, ZetaS.CertV2.Box.center, ZetaS.CertV2.Box.half, ZetaS.CertV2.Box.splitAt, ZetaS.CertV2.CAcc, ZetaS.CertV2.CAcc.Flo, ZetaS.CertV2.CAcc.P, ZetaS.CertV2.CAcc.grad, ZetaS.CertV2.CAcc.mk, ZetaS.CertV2.CAcc.ok, ZetaS.CertV2.Cell, ZetaS.CertV2.Cell.mk, ZetaS.CertV2.Cell.n, ZetaS.CertV2.Cell.phi, ZetaS.CertV2.Cell.plo, ZetaS.CertV2.Cell.wlo, ZetaS.CertV2.KPt, ZetaS.CertV2.KPt.k0, ZetaS.CertV2.KPt.k1, ZetaS.CertV2.KPt.k2, ZetaS.CertV2.KPt.mk, ZetaS.CertV2.KPt.x, ZetaS.CertV2.LIQ, ZetaS.CertV2.LIQ.claim, ZetaS.CertV2.LIQ.d, ZetaS.CertV2.LIQ.mk, ZetaS.CertV2.LIQ.mu, ZetaS.CertV2.LIQ.spans, ZetaS.CertV2.Leaf, ZetaS.CertV2.Leaf.cap, ZetaS.CertV2.Leaf.check, ZetaS.CertV2.Leaf.convex, ZetaS.CertV2.Leaf.lp, ZetaS.CertV2.M3, ZetaS.CertV2.Node, ZetaS.CertV2.Node.check, ZetaS.CertV2.Node.leaf, ZetaS.CertV2.Node.split, ZetaS.CertV2.QI, ZetaS.CertV2.QI.absMax, ZetaS.CertV2.QI.add, ZetaS.CertV2.QI.grid, ZetaS.CertV2.QI.hi, ZetaS.CertV2.QI.inv, ZetaS.CertV2.QI.lo, ZetaS.CertV2.QI.mk, ZetaS.CertV2.QI.mul, ZetaS.CertV2.QI.neg, ZetaS.CertV2.QI.pt, ZetaS.CertV2.QI.rdn, ZetaS.CertV2.QI.rup, ZetaS.CertV2.QI.smul, ZetaS.CertV2.QI.sq, ZetaS.CertV2.QI.sub, ZetaS.CertV2.QI.superset, ZetaS.CertV2.QI.widen, ZetaS.CertV2.SpanD, ZetaS.CertV2.SpanD.a, ZetaS.CertV2.SpanD.b, ZetaS.CertV2.SpanD.c, ZetaS.CertV2.SpanD.cells, ZetaS.CertV2.SpanD.h, ZetaS.CertV2.SpanD.mk, ZetaS.CertV2.addOn, ZetaS.CertV2.boxMinLin, ZetaS.CertV2.cellOk, ZetaS.CertV2.checkCap, ZetaS.CertV2.checkConvex, ZetaS.CertV2.checkLP, ZetaS.CertV2.chunks5, ZetaS.CertV2.consecCells, ZetaS.CertV2.cosA, ZetaS.CertV2.cosQI, ZetaS.CertV2.cvxSpan, ZetaS.CertV2.cw, ZetaS.CertV2.fact, ZetaS.CertV2.horner, ZetaS.CertV2.inv2sincA, ZetaS.CertV2.kEnclQ, ZetaS.CertV2.kptOk, ZetaS.CertV2.lpSpan, ZetaS.CertV2.lsum, ZetaS.CertV2.minLin, ZetaS.CertV2.piQ, ZetaS.CertV2.psdLDL, ZetaS.CertV2.qabs, ZetaS.CertV2.sinA, ZetaS.CertV2.sinCosPiQ, ZetaS.CertV2.sinQI, ZetaS.CertV2.sincDerivsQI, ZetaS.CertV2.spanBounds, ZetaS.CertV2.tangentLine, ZetaS.CertV2.taylorModel]
⚠ [10237/10268] Replayed ZetaS.SigmaDist.OLLHeight
warning: ZetaS/SigmaDist/OLLHeight.lean:305:21: Variable name `he0` is not explicitly referenced.

Hint: The binding can be removed (if unused) or named `_` (if used implicitly). Alternatively, prefix the name with `_` to silence this warning:
  [apply] _he0

Note: This linter can be disabled with `set_option linter.unusedVariables false`
warning: ZetaS/SigmaDist/OLLHeight.lean:366:54: Variable name `i` is not explicitly referenced.

Hint: The binding can be removed (if unused) or named `_` (if used implicitly). Alternatively, prefix the name with `_` to silence this warning:
  [apply] _i

Note: This linter can be disabled with `set_option linter.unusedVariables false`
warning: ZetaS/SigmaDist/OLLHeight.lean:366:56: Variable name `j` is not explicitly referenced.

Hint: The binding can be removed (if unused) or named `_` (if used implicitly). Alternatively, prefix the name with `_` to silence this warning:
  [apply] _j

Note: This linter can be disabled with `set_option linter.unusedVariables false`
warning: ZetaS/SigmaDist/OLLHeight.lean:367:9: Variable name `i` is not explicitly referenced.

Hint: The binding can be removed (if unused) or named `_` (if used implicitly). Alternatively, prefix the name with `_` to silence this warning:
  [apply] _i

Note: This linter can be disabled with `set_option linter.unusedVariables false`
warning: ZetaS/SigmaDist/OLLHeight.lean:367:66: Variable name `i` is not explicitly referenced.

Hint: The binding can be removed (if unused) or named `_` (if used implicitly). Alternatively, prefix the name with `_` to silence this warning:
  [apply] _i

Note: This linter can be disabled with `set_option linter.unusedVariables false`
warning: ZetaS/SigmaDist/OLLHeight.lean:367:68: Variable name `j` is not explicitly referenced.

Hint: The binding can be removed (if unused) or named `_` (if used implicitly). Alternatively, prefix the name with `_` to silence this warning:
  [apply] _j

Note: This linter can be disabled with `set_option linter.unusedVariables false`
warning: ZetaS/SigmaDist/OLLHeight.lean:368:9: Variable name `i` is not explicitly referenced.

Hint: The binding can be removed (if unused) or named `_` (if used implicitly). Alternatively, prefix the name with `_` to silence this warning:
  [apply] _i

Note: This linter can be disabled with `set_option linter.unusedVariables false`
warning: ZetaS/SigmaDist/OLLHeight.lean:368:11: Variable name `j` is not explicitly referenced.

Hint: The binding can be removed (if unused) or named `_` (if used implicitly). Alternatively, prefix the name with `_` to silence this warning:
  [apply] _j

Note: This linter can be disabled with `set_option linter.unusedVariables false`
warning: ZetaS/SigmaDist/OLLHeight.lean:368:64: Variable name `i` is not explicitly referenced.

Hint: The binding can be removed (if unused) or named `_` (if used implicitly). Alternatively, prefix the name with `_` to silence this warning:
  [apply] _i

Note: This linter can be disabled with `set_option linter.unusedVariables false`
warning: ZetaS/SigmaDist/OLLHeight.lean:369:9: Variable name `i` is not explicitly referenced.

Hint: The binding can be removed (if unused) or named `_` (if used implicitly). Alternatively, prefix the name with `_` to silence this warning:
  [apply] _i

Note: This linter can be disabled with `set_option linter.unusedVariables false`
warning: ZetaS/SigmaDist/OLLHeight.lean:369:11: Variable name `j` is not explicitly referenced.

Hint: The binding can be removed (if unused) or named `_` (if used implicitly). Alternatively, prefix the name with `_` to silence this warning:
  [apply] _j

Note: This linter can be disabled with `set_option linter.unusedVariables false`
✔ [10239/10268] Built R21222_Assembly (28s)
✔ [10240/10268] Built R22122_Assembly (28s)
✔ [10241/10268] Built R22222_Assembly (24s)
✔ [10242/10268] Built R11111_Cert (168s)
✔ [10243/10268] Built R11112_Cert (160s)
✔ [10244/10268] Built R11122_Cert (146s)
✔ [10245/10268] Built R11121_Cert (148s)
✔ [10246/10268] Built R11222_Cert (12s)
✔ [10247/10268] Built R11212_Cert (12s)
✔ [10248/10268] Built R11211_Cert (12s)
✔ [10249/10268] Built R11221_Cert (12s)
✔ [10250/10268] Built R12112_Cert (12s)
✔ [10251/10268] Built R12121_Cert (12s)
✔ [10252/10268] Built R12122_Cert (12s)
✔ [10253/10268] Built R12212_Cert (12s)
✔ [10254/10268] Built R12222_Cert (12s)
✔ [10255/10268] Built R21112_Cert (12s)
✔ [10257/10268] Built R12221_Cert (12s)
✔ [10260/10268] Built R21122_Cert (12s)
✔ [10261/10279] Built R21212_Cert (12s)
✔ [10262/10279] Built R21222_Cert (12s)
✔ [10263/10279] Built R22122_Cert (12s)
⚠ [10273/10296] Replayed Zeta23.ZeroSide
warning: Zeta23/ZeroSide.lean:701:4: `Set.mem_setOf_eq` has been deprecated: Use `Set.mem_ofPred_eq` instead
warning: Zeta23/ZeroSide.lean:706:66: `Set.mem_setOf_eq` has been deprecated: Use `Set.mem_ofPred_eq` instead
warning: Zeta23/ZeroSide.lean:712:52: `Set.mem_setOf_eq` has been deprecated: Use `Set.mem_ofPred_eq` instead
warning: Zeta23/ZeroSide.lean:755:53: `Set.mem_setOf_eq` has been deprecated: Use `Set.mem_ofPred_eq` instead
⚠ [10280/10296] Replayed Zeta23.ThmD.Window
warning: Zeta23/ThmD/Window.lean:132:17: `Set.mem_setOf_eq` has been deprecated: Use `Set.mem_ofPred_eq` instead
⚠ [10284/10296] Replayed Zeta23.XiPrime.Statement
warning: Zeta23/XiPrime/Statement.lean:365:69: `Set.mem_setOf_eq` has been deprecated: Use `Set.mem_ofPred_eq` instead
⚠ [10290/10311] Replayed Zeta23.Assembly
warning: Zeta23/Assembly.lean:885:47: `Set.mem_setOf_eq` has been deprecated: Use `Set.mem_ofPred_eq` instead
warning: Zeta23/Assembly.lean:958:34: `Set.mem_setOf_eq` has been deprecated: Use `Set.mem_ofPred_eq` instead
warning: Zeta23/Assembly.lean:962:90: `Set.mem_setOf_eq` has been deprecated: Use `Set.mem_ofPred_eq` instead
⚠ [10294/10311] Replayed Zeta23.Statement
warning: Zeta23/Statement.lean:148:30: `Set.mem_setOf_eq` has been deprecated: Use `Set.mem_ofPred_eq` instead
⚠ [10295/10311] Replayed Zeta23.Statement.Seam
warning: Zeta23/Statement/Seam.lean:59:13: `ENat.toNat_coe` has been deprecated: Use `ENat.toNat_natCast` instead
⚠ [10296/10311] Replayed Zeta23.ZetaReflect
warning: Zeta23/ZetaReflect.lean:91:17: `Set.mem_setOf_eq` has been deprecated: Use `Set.mem_ofPred_eq` instead
⚠ [10303/10311] Replayed Zeta23.Tail
warning: Zeta23/Tail.lean:290:13: `Set.mem_setOf_eq` has been deprecated: Use `Set.mem_ofPred_eq` instead
warning: Zeta23/Tail.lean:399:17: `Set.mem_setOf_eq` has been deprecated: Use `Set.mem_ofPred_eq` instead
✔ [10306/10335] Built R22222_Cert (12s)
⚠ [10316/10335] Replayed Zeta23.PrimeSideA.EndsE1
warning: Zeta23/PrimeSideA/EndsE1.lean:326:41: `Set.mem_setOf_eq` has been deprecated: Use `Set.mem_ofPred_eq` instead
ℹ [10321/10335] Replayed Zeta23.PrimeSideA
info: Zeta23/PrimeSideA.lean:372:0: lem_ends : ∀ (cϱ lam : ℝ),
  GammaFacts →
    ChebyshevMertens →
      0 < lam ∧ lam ≤ 1 →
        ∃ C, EventuallyAtCore cϱ lam fun p F ↦ |trGt2A p F - MtotalA p F| ≤ C * (p.L * p.l * log p.l * (p.l ^ 2 + p.X))
info: Zeta23/PrimeSideA.lean:398:0: prop_mumu : ∀ (cϱ lam : ℝ),
  GammaFacts →
    ChebyshevMertens →
      0 < lam ∧ lam ≤ 1 →
        ∃ C,
          EventuallyAtCore cϱ lam fun p F ↦
            |Mform F.Phi p.T mu mu - 2 * π * F.b * p.L * ∫ (τ : ℝ) in p.T..2 * p.T, mu τ ^ 2| ≤ C * (p.l ^ 2 * log p.L)
info: Zeta23/PrimeSideA.lean:404:0: prop_cross_muP : ∀ (cϱ lam : ℝ),
  GammaFacts →
    ChebyshevMertens →
      0 < lam ∧ lam ≤ 1 → ∃ C, EventuallyAtCore cϱ lam fun p F ↦ |Mform F.Phi p.T mu (PX p.X)| ≤ C * (p.l * √p.X)
⚠ [10328/10349] Replayed Zeta23.MV.Spacing
warning: Zeta23/MV/Spacing.lean:58:0: automatically included section variable(s) unused in theorem `Zeta23.MV.Adm.itv_disjoint`:
  [Fintype ι]
  [DecidableEq ι]
consider restructuring your `variable` declarations so that the variables are not in scope or explicitly omit them:
  omit [Fintype ι] [DecidableEq ι] in theorem ...

Note: This linter can be disabled with `set_option linter.unusedSectionVars false`
warning: Zeta23/MV/Spacing.lean:153:8: automatically included section variable(s) unused in theorem `_private.Zeta23.MV.Spacing.0.Zeta23.MV.Adm.mem_window`:
  [Fintype ι]
  [DecidableEq ι]
consider restructuring your `variable` declarations so that the variables are not in scope or explicitly omit them:
  omit [Fintype ι] [DecidableEq ι] in theorem ...

Note: This linter can be disabled with `set_option linter.unusedSectionVars false`
ℹ [10337/10349] Replayed Zeta23.GammaFacts.Mu
info: Zeta23/GammaFacts/Mu.lean:137:2: Try this:
  [apply] ring_nf
  
  The `ring` tactic failed to close the goal. Use `ring_nf` to obtain a normal form.
    
  Note that `ring` works primarily in *commutative* rings. If you have a noncommutative ring, abelian group or module, consider using `noncomm_ring`, `abel` or `module` instead.
ℹ [10339/10349] Replayed Zeta23.GammaFacts.StirlingVert
info: Zeta23/GammaFacts/StirlingVert.lean:452:6: Try this:
  [apply] ring_nf
  
  The `ring` tactic failed to close the goal. Use `ring_nf` to obtain a normal form.
    
  Note that `ring` works primarily in *commutative* rings. If you have a noncommutative ring, abelian group or module, consider using `noncomm_ring`, `abel` or `module` instead.
⚠ [10343/10349] Replayed Zeta23.FromPNTPlus.StrongPNTPrefix
warning: Zeta23/FromPNTPlus/StrongPNTPrefix.lean:61:71: `Set.mem_setOf_eq` has been deprecated: Use `Set.mem_ofPred_eq` instead
warning: Zeta23/FromPNTPlus/StrongPNTPrefix.lean:202:9: `Set.setOf_subset_setOf` has been deprecated: Use `Set.ofPred_subset_ofPred` instead
warning: Zeta23/FromPNTPlus/StrongPNTPrefix.lean:343:10: `Set.notMem_setOf_iff` has been deprecated: Use `Set.notMem_ofPred_iff` instead
warning: Zeta23/FromPNTPlus/StrongPNTPrefix.lean:368:48: `Set.mem_setOf_eq` has been deprecated: Use `Set.mem_ofPred_eq` instead
warning: Zeta23/FromPNTPlus/StrongPNTPrefix.lean:390:10: `Set.notMem_setOf_iff` has been deprecated: Use `Set.notMem_ofPred_iff` instead
warning: Zeta23/FromPNTPlus/StrongPNTPrefix.lean:432:48: `Set.mem_setOf_eq` has been deprecated: Use `Set.mem_ofPred_eq` instead
⚠ [10351/10369] Replayed Zeta23.FromPNTPlus.ZetaBounds
warning: Zeta23/FromPNTPlus/ZetaBounds.lean:859:13: `Set.mem_setOf_eq` has been deprecated: Use `Set.mem_ofPred_eq` instead
warning: Zeta23/FromPNTPlus/ZetaBounds.lean:952:13: `Set.mem_setOf_eq` has been deprecated: Use `Set.mem_ofPred_eq` instead
warning: Zeta23/FromPNTPlus/ZetaBounds.lean:1092:13: `Set.mem_setOf_eq` has been deprecated: Use `Set.mem_ofPred_eq` instead
warning: Zeta23/FromPNTPlus/ZetaBounds.lean:1099:32: `Set.mem_setOf_eq` has been deprecated: Use `Set.mem_ofPred_eq` instead
warning: Zeta23/FromPNTPlus/ZetaBounds.lean:1105:56: `Set.preimage_setOf_eq` has been deprecated: Use `Set.preimage_ofPred_eq` instead
warning: Zeta23/FromPNTPlus/ZetaBounds.lean:1115:56: `Set.preimage_setOf_eq` has been deprecated: Use `Set.preimage_ofPred_eq` instead
warning: Zeta23/FromPNTPlus/ZetaBounds.lean:1119:17: `Set.mem_setOf_eq` has been deprecated: Use `Set.mem_ofPred_eq` instead
warning: Zeta23/FromPNTPlus/ZetaBounds.lean:1135:54: `Set.preimage_setOf_eq` has been deprecated: Use `Set.preimage_ofPred_eq` instead
warning: Zeta23/FromPNTPlus/ZetaBounds.lean:1157:22: `Set.setOf_subset_setOf` has been deprecated: Use `Set.ofPred_subset_ofPred` instead
warning: Zeta23/FromPNTPlus/ZetaBounds.lean:1169:15: `Set.setOf_subset_setOf` has been deprecated: Use `Set.ofPred_subset_ofPred` instead
warning: Zeta23/FromPNTPlus/ZetaBounds.lean:1169:59: `Set.mem_setOf_eq` has been deprecated: Use `Set.mem_ofPred_eq` instead
warning: Zeta23/FromPNTPlus/ZetaBounds.lean:1185:15: `Set.mem_setOf_eq` has been deprecated: Use `Set.mem_ofPred_eq` instead
warning: Zeta23/FromPNTPlus/ZetaBounds.lean:1835:19: `Set.mem_setOf_eq` has been deprecated: Use `Set.mem_ofPred_eq` instead
warning: Zeta23/FromPNTPlus/ZetaBounds.lean:1837:45: `Set.mem_setOf_eq` has been deprecated: Use `Set.mem_ofPred_eq` instead
warning: Zeta23/FromPNTPlus/ZetaBounds.lean:1840:28: `Set.setOf_subset_setOf` has been deprecated: Use `Set.ofPred_subset_ofPred` instead
warning: Zeta23/FromPNTPlus/ZetaBounds.lean:1844:28: `Set.mem_setOf_eq` has been deprecated: Use `Set.mem_ofPred_eq` instead
warning: Zeta23/FromPNTPlus/ZetaBounds.lean:1900:15: `Set.mem_setOf_eq` has been deprecated: Use `Set.mem_ofPred_eq` instead
warning: Zeta23/FromPNTPlus/ZetaBounds.lean:1906:20: `Set.mem_setOf_eq` has been deprecated: Use `Set.mem_ofPred_eq` instead
warning: Zeta23/FromPNTPlus/ZetaBounds.lean:2091:13: `Set.mem_setOf_eq` has been deprecated: Use `Set.mem_ofPred_eq` instead
warning: Zeta23/FromPNTPlus/ZetaBounds.lean:2884:17: `Set.mem_setOf_eq` has been deprecated: Use `Set.mem_ofPred_eq` instead
warning: Zeta23/FromPNTPlus/ZetaBounds.lean:2940:17: `Set.mem_setOf_eq` has been deprecated: Use `Set.mem_ofPred_eq` instead
⚠ [10353/10369] Replayed Zeta23.RvM.Halving
warning: Zeta23/RvM/Halving.lean:52:55: `Set.mem_setOf_eq` has been deprecated: Use `Set.mem_ofPred_eq` instead
warning: Zeta23/RvM/Halving.lean:62:15: `Set.mem_setOf_eq` has been deprecated: Use `Set.mem_ofPred_eq` instead
warning: Zeta23/RvM/Halving.lean:70:15: `Set.mem_setOf_eq` has been deprecated: Use `Set.mem_ofPred_eq` instead
⚠ [10359/10369] Replayed Zeta23.RvM.ReZeroCount
warning: Zeta23/RvM/ReZeroCount.lean:272:15: `ENat.toNat_coe` has been deprecated: Use `ENat.toNat_natCast` instead
⚠ [10363/10369] Replayed Zeta23.RvM.NcountWindow
warning: Zeta23/RvM/NcountWindow.lean:23:22: `Set.mem_setOf_eq` has been deprecated: Use `Set.mem_ofPred_eq` instead
⚠ [10367/10399] Replayed Zeta23.WeilEF.ZeroSummability
warning: Zeta23/WeilEF/ZeroSummability.lean:189:4: `Set.mem_setOf_eq` has been deprecated: Use `Set.mem_ofPred_eq` instead
⚠ [10370/10399] Replayed Zeta23.WeilEF.Landau
warning: Zeta23/WeilEF/Landau.lean:341:13: `Set.mem_setOf_eq` has been deprecated: Use `Set.mem_ofPred_eq` instead
warning: Zeta23/WeilEF/Landau.lean:437:64: `Set.mem_setOf_eq` has been deprecated: Use `Set.mem_ofPred_eq` instead
⚠ [10372/10399] Replayed Zeta23.WeilEF.Contour
warning: Zeta23/WeilEF/Contour.lean:69:15: `Set.mem_setOf_eq` has been deprecated: Use `Set.mem_ofPred_eq` instead
⚠ [10376/10399] Replayed Zeta23.ZeroSide.RankTraceMult
warning: Zeta23/ZeroSide/RankTraceMult.lean:49:32: Variable name `ht0` is not explicitly referenced.

Hint: The binding can be removed (if unused) or named `_` (if used implicitly). Alternatively, prefix the name with `_` to silence this warning:
  [apply] _ht0

Note: This linter can be disabled with `set_option linter.unusedVariables false`
warning: Zeta23/ZeroSide/RankTraceMult.lean:49:60: Variable name `hx` is not explicitly referenced.

Hint: The binding can be removed (if unused) or named `_` (if used implicitly). Alternatively, prefix the name with `_` to silence this warning:
  [apply] _hx

Note: This linter can be disabled with `set_option linter.unusedVariables false`
warning: Zeta23/ZeroSide/RankTraceMult.lean:56:30: Variable name `hc` is not explicitly referenced.

Hint: The binding can be removed (if unused) or named `_` (if used implicitly). Alternatively, prefix the name with `_` to silence this warning:
  [apply] _hc

Note: This linter can be disabled with `set_option linter.unusedVariables false`
warning: Zeta23/ZeroSide/RankTraceMult.lean:56:43: Variable name `hx` is not explicitly referenced.

Hint: The binding can be removed (if unused) or named `_` (if used implicitly). Alternatively, prefix the name with `_` to silence this warning:
  [apply] _hx

Note: This linter can be disabled with `set_option linter.unusedVariables false`
warning: Zeta23/ZeroSide/RankTraceMult.lean:81:32: Variable name `hp` is not explicitly referenced.

Hint: The binding can be removed (if unused) or named `_` (if used implicitly). Alternatively, prefix the name with `_` to silence this warning:
  [apply] _hp

Note: This linter can be disabled with `set_option linter.unusedVariables false`
warning: Zeta23/ZeroSide/RankTraceMult.lean:81:58: Variable name `hc` is not explicitly referenced.

Hint: The binding can be removed (if unused) or named `_` (if used implicitly). Alternatively, prefix the name with `_` to silence this warning:
  [apply] _hc

Note: This linter can be disabled with `set_option linter.unusedVariables false`
warning: Zeta23/ZeroSide/RankTraceMult.lean:164:20: This simp argument is unused:
  Matrix.mul_assoc

Hint: Omit it from the simp argument list.
  [apply] simp

Note: This linter can be disabled with `set_option linter.unusedSimpArgs false`
warning: Zeta23/ZeroSide/RankTraceMult.lean:359:28: Variable name `hc` is not explicitly referenced.

Hint: The binding can be removed (if unused) or named `_` (if used implicitly). Alternatively, prefix the name with `_` to silence this warning:
  [apply] _hc

Note: This linter can be disabled with `set_option linter.unusedVariables false`
⚠ [10378/10399] Replayed Zeta23.Assembly.SeamMult
warning: Zeta23/Assembly/SeamMult.lean:26:0: automatically included section variable(s) unused in theorem `Zeta23.Assembly.ctr_sub_frobSq_perturb`:
  [DecidableEq n]
consider restructuring your `variable` declarations so that the variables are not in scope or explicitly omit them:
  omit [DecidableEq n] in theorem ...

Note: This linter can be disabled with `set_option linter.unusedSectionVars false`
⚠ [10381/10399] Replayed Zeta23.ThmD.PP
warning: Zeta23/ThmD/PP.lean:270:29: `Set.mem_setOf_eq` has been deprecated: Use `Set.mem_ofPred_eq` instead
warning: Zeta23/ThmD/PP.lean:276:29: `Set.mem_setOf_eq` has been deprecated: Use `Set.mem_ofPred_eq` instead
ℹ [10383/10406] Replayed Zeta23.WeilEF.Main
info: Zeta23/WeilEF/Main.lean:38:2: Try this:
  [apply] ring_nf
  
  The `ring` tactic failed to close the goal. Use `ring_nf` to obtain a normal form.
    
  Note that `ring` works primarily in *commutative* rings. If you have a noncommutative ring, abelian group or module, consider using `noncomm_ring`, `abel` or `module` instead.
⚠ [10391/10406] Replayed ZetaS.ZeroSide.Z9a3_HatDecomp
warning: ZetaS/ZeroSide/Z9a3_HatDecomp.lean:102:33: This simp argument is unused:
  Finset.sum_apply

Hint: Omit it from the simp argument list.
  [apply] simp only [Matrix.sum_apply, Matrix.smul_apply, vecMulVec_apply, smul_eq_mul, hf]

Note: This linter can be disabled with `set_option linter.unusedSimpArgs false`
warning: ZetaS/ZeroSide/Z9a3_HatDecomp.lean:103:66: This simp argument is unused:
  Finset.sum_apply

Hint: Omit it from the simp argument list.
  [apply] simp only [toC, offBlock, Matrix.map_apply, Matrix.sum_apply, Matrix.smul_apply, Matrix.sub_apply,
    vecMulVec_apply, smul_eq_mul, Complex.ofReal_sum]

Note: This linter can be disabled with `set_option linter.unusedSimpArgs false`
⚠ [10394/10406] Replayed ZetaS.ZeroSide.Z9a4_Frame
warning: ZetaS/ZeroSide/Z9a4_Frame.lean:37:4: try 'simp' instead of 'simpa'

Note: This linter can be disabled with `set_option linter.unnecessarySimpa false`
warning: ZetaS/ZeroSide/Z9a4_Frame.lean:84:13: Variable name `hP` is not explicitly referenced.

Hint: The binding can be removed (if unused) or named `_` (if used implicitly). Alternatively, prefix the name with `_` to silence this warning:
  [apply] _hP

Note: This linter can be disabled with `set_option linter.unusedVariables false`
warning: ZetaS/ZeroSide/Z9a4_Frame.lean:84:28: Variable name `heven` is not explicitly referenced.

Hint: The binding can be removed (if unused) or named `_` (if used implicitly). Alternatively, prefix the name with `_` to silence this warning:
  [apply] _heven

Note: This linter can be disabled with `set_option linter.unusedVariables false`
ℹ [10396/10406] Replayed ZetaS.Window.ProfileMoments
info: ZetaS/Window/ProfileMoments.lean:184:0: 'ZetaS.ProfileMoments.av_close' depends on axioms: [propext, Classical.choice, Quot.sound]
info: ZetaS/Window/ProfileMoments.lean:185:0: 'ZetaS.ProfileMoments.bv_close' depends on axioms: [propext, Classical.choice, Quot.sound]
info: ZetaS/Window/ProfileMoments.lean:186:0: 'ZetaS.ProfileMoments.localHypsCore_eventually' depends on axioms: [propext, Classical.choice, Quot.sound]
ℹ [10398/10406] Replayed ZetaS.Window.ProfileAutocorr
info: ZetaS/Window/ProfileAutocorr.lean:341:0: 'ZetaS.ProfileAutocorr.gv_close' depends on axioms: [propext, Classical.choice, Quot.sound]
info: ZetaS/Window/ProfileAutocorr.lean:342:0: 'ZetaS.ProfileAutocorr.tendsto_JTV' depends on axioms: [propext, Classical.choice, Quot.sound]
info: ZetaS/Window/ProfileAutocorr.lean:343:0: 'ZetaS.ProfileAutocorr.tendsto_cRatioV' depends on axioms: [propext, Classical.choice, Quot.sound]
⚠ [10399/10406] Replayed Zeta23.XiPrime.PrimeSide.Traces
warning: Zeta23/XiPrime/PrimeSide/Traces.lean:359:72: Used `tac1 <;> tac2` where `(tac1; tac2)` would suffice

Note: This linter can be disabled with `set_option linter.unnecessarySeqFocus false`
warning: Zeta23/XiPrime/PrimeSide/Traces.lean:361:72: Used `tac1 <;> tac2` where `(tac1; tac2)` would suffice

Note: This linter can be disabled with `set_option linter.unnecessarySeqFocus false`
warning: Zeta23/XiPrime/PrimeSide/Traces.lean:364:72: Used `tac1 <;> tac2` where `(tac1; tac2)` would suffice

Note: This linter can be disabled with `set_option linter.unnecessarySeqFocus false`
warning: Zeta23/XiPrime/PrimeSide/Traces.lean:367:72: Used `tac1 <;> tac2` where `(tac1; tac2)` would suffice

Note: This linter can be disabled with `set_option linter.unnecessarySeqFocus false`
warning: Zeta23/XiPrime/PrimeSide/Traces.lean:369:72: Used `tac1 <;> tac2` where `(tac1; tac2)` would suffice

Note: This linter can be disabled with `set_option linter.unnecessarySeqFocus false`
warning: Zeta23/XiPrime/PrimeSide/Traces.lean:372:72: Used `tac1 <;> tac2` where `(tac1; tac2)` would suffice

Note: This linter can be disabled with `set_option linter.unnecessarySeqFocus false`
warning: Zeta23/XiPrime/PrimeSide/Traces.lean:395:15: Used `tac1 <;> tac2` where `(tac1; tac2)` would suffice

Note: This linter can be disabled with `set_option linter.unnecessarySeqFocus false`
warning: Zeta23/XiPrime/PrimeSide/Traces.lean:418:11: Used `tac1 <;> tac2` where `(tac1; tac2)` would suffice

Note: This linter can be disabled with `set_option linter.unnecessarySeqFocus false`
warning: Zeta23/XiPrime/PrimeSide/Traces.lean:435:75: Used `tac1 <;> tac2` where `(tac1; tac2)` would suffice

Note: This linter can be disabled with `set_option linter.unnecessarySeqFocus false`
warning: Zeta23/XiPrime/PrimeSide/Traces.lean:437:80: Used `tac1 <;> tac2` where `(tac1; tac2)` would suffice

Note: This linter can be disabled with `set_option linter.unnecessarySeqFocus false`
warning: Zeta23/XiPrime/PrimeSide/Traces.lean:464:13: Used `tac1 <;> tac2` where `(tac1; tac2)` would suffice

Note: This linter can be disabled with `set_option linter.unnecessarySeqFocus false`
⚠ [10400/10406] Replayed Zeta23.XiPrime.PrimeSide.Density
warning: Zeta23/XiPrime/PrimeSide/Density.lean:248:62: Used `tac1 <;> tac2` where `(tac1; tac2)` would suffice

Note: This linter can be disabled with `set_option linter.unnecessarySeqFocus false`
⚠ [10401/10430] Replayed ZetaS.ZeroSide.Z9a6_Counts
warning: ZetaS/ZeroSide/Z9a6_Counts.lean:85:86: `Set.setOf_and` has been deprecated: Use `Set.ofPred_and` instead
⚠ [10402/10430] Replayed ZetaS.ZeroSide.Z9a5_FrameSpec
warning: ZetaS/ZeroSide/Z9a5_FrameSpec.lean:22:44: This simp argument is unused:
  Complex.re_sum

Hint: Omit it from the simp argument list.
  [apply] simp [RHLinalg.rtrace, toC, Matrix.trace]

Note: This linter can be disabled with `set_option linter.unusedSimpArgs false`
⚠ [10404/10430] Replayed Zeta23.XiPrime.PrimeSide.Cross
warning: Zeta23/XiPrime/PrimeSide/Cross.lean:51:10: `MeasureTheory.integral_finset_sum` has been deprecated: Use `MeasureTheory.integral_finsetSum` instead
warning: Zeta23/XiPrime/PrimeSide/Cross.lean:71:58: Variable name `hlam` is not explicitly referenced.

Hint: The binding can be removed (if unused) or named `_` (if used implicitly). Alternatively, prefix the name with `_` to silence this warning:
  [apply] _hlam

Note: This linter can be disabled with `set_option linter.unusedVariables false`
warning: Zeta23/XiPrime/PrimeSide/Cross.lean:165:19: Used `tac1 <;> tac2` where `(tac1; tac2)` would suffice

Note: This linter can be disabled with `set_option linter.unnecessarySeqFocus false`
⚠ [10407/10430] Replayed Zeta23.XiPrime.PrimeSide.Trace
warning: Zeta23/XiPrime/PrimeSide/Trace.lean:58:10: `MeasureTheory.integral_finset_sum` has been deprecated: Use `MeasureTheory.integral_finsetSum` instead
⚠ [10408/10430] Replayed Zeta23.XiPrime.PrimeSide.Abel
warning: Zeta23/XiPrime/PrimeSide/Abel.lean:69:59: `Set.mem_setOf_eq` has been deprecated: Use `Set.mem_ofPred_eq` instead
warning: Zeta23/XiPrime/PrimeSide/Abel.lean:149:63: `Set.mem_setOf_eq` has been deprecated: Use `Set.mem_ofPred_eq` instead
warning: Zeta23/XiPrime/PrimeSide/Abel.lean:69:59: This simp argument is unused:
  Set.mem_setOf_eq

Hint: Omit it from the simp argument list.
  [apply] simp only [Set.mem_compl_iff, Set.mem_singleton_iff, ne_eq]

Note: This linter can be disabled with `set_option linter.unusedSimpArgs false`
warning: Zeta23/XiPrime/PrimeSide/Abel.lean:198:4: 'beta_reduce' tactic does nothing

Note: This linter can be disabled with `set_option linter.unusedTactic false`
ℹ [10410/10430] Replayed ZetaS.Window.TracesV
info: ZetaS/Window/TracesV.lean:214:0: 'ZetaS.TracesV.concreteFactsV' depends on axioms: [propext, Classical.choice, Quot.sound]
info: ZetaS/Window/TracesV.lean:215:0: 'ZetaS.TracesV.tracesBoundsV' depends on axioms: [propext, Classical.choice, Quot.sound]
ℹ [10415/10430] Replayed ZetaS.Window.EndgameV
info: ZetaS/Window/EndgameV.lean:363:0: 'ZetaS.EndgameV.thmV_mult2_abstract' depends on axioms: [propext, Classical.choice, Quot.sound]
info: ZetaS/Window/EndgameV.lean:364:0: 'ZetaS.EndgameV.thmV_mult3_abstract' depends on axioms: [propext, Classical.choice, Quot.sound]
ℹ [10416/10430] Replayed ZetaS.Window.PolyWindow
info: ZetaS/Window/PolyWindow.lean:886:0: 'ZetaS.PolyWindow.psiTilde_pos_le' depends on axioms: [propext, Classical.choice, Quot.sound]
info: ZetaS/Window/PolyWindow.lean:887:0: 'ZetaS.PolyWindow.vP8_not_antitoneOn' depends on axioms: [propext, Classical.choice, Quot.sound]
info: ZetaS/Window/PolyWindow.lean:888:0: 'ZetaS.PolyWindow.tv_mul_ramp_le' depends on axioms: [propext, Classical.choice, Quot.sound]
info: ZetaS/Window/PolyWindow.lean:889:0: 'ZetaS.PolyWindow.integral_abs_deriv_phiP8_le' depends on axioms: [propext, Classical.choice, Quot.sound]
info: ZetaS/Window/PolyWindow.lean:890:0: 'ZetaS.PolyWindow.integral_abs_deriv_phiP8_sq_le' depends on axioms: [propext, Classical.choice, Quot.sound]
info: ZetaS/Window/PolyWindow.lean:891:0: 'ZetaS.PolyWindow.admWindow_phiP8' depends on axioms: [propext, Classical.choice, Quot.sound]
info: ZetaS/Window/PolyWindow.lean:892:0: 'ZetaS.PolyWindow.integral_vP8' depends on axioms: [propext, Classical.choice, Quot.sound]
info: ZetaS/Window/PolyWindow.lean:893:0: 'ZetaS.PolyWindow.integral_vP8_sq' depends on axioms: [propext, Classical.choice, Quot.sound]
info: ZetaS/Window/PolyWindow.lean:894:0: 'ZetaS.PolyWindow.vConv_vP8' depends on axioms: [propext, Classical.choice, Quot.sound]
info: ZetaS/Window/PolyWindow.lean:895:0: 'ZetaS.PolyWindow.jP8' depends on axioms: [propext, Classical.choice, Quot.sound]
info: ZetaS/Window/PolyWindow.lean:896:0: 'ZetaS.PolyWindow.H_P8' depends on axioms: [propext, Classical.choice, Quot.sound]
info: ZetaS/Window/PolyWindow.lean:897:0: 'ZetaS.PolyWindow.cRatio_scale' depends on axioms: [propext, Classical.choice, Quot.sound]
ℹ [10417/10430] Replayed ZetaS.Window.WindowInstances
info: ZetaS/Window/WindowInstances.lean:100:0: 'ZetaS.WindowInstances.aP8_close' depends on axioms: [propext, Classical.choice, Quot.sound]
info: ZetaS/Window/WindowInstances.lean:101:0: 'ZetaS.WindowInstances.bP8_close' depends on axioms: [propext, Classical.choice, Quot.sound]
info: ZetaS/Window/WindowInstances.lean:102:0: 'ZetaS.WindowInstances.localHypsCoreP8_eventually' depends on axioms: [propext, Classical.choice, Quot.sound]
info: ZetaS/Window/WindowInstances.lean:103:0: 'ZetaS.WindowInstances.aCos_close' depends on axioms: [propext, Classical.choice, Quot.sound]
info: ZetaS/Window/WindowInstances.lean:104:0: 'ZetaS.WindowInstances.bCos_close' depends on axioms: [propext, Classical.choice, Quot.sound]
info: ZetaS/Window/WindowInstances.lean:105:0: 'ZetaS.WindowInstances.localHypsCoreCos_eventually' depends on axioms: [propext, Classical.choice, Quot.sound]
ℹ [10418/10430] Replayed ZetaS.Window.WindowLimits
info: ZetaS/Window/WindowLimits.lean:208:0: 'ZetaS.WindowLimits.cWin_psiN' depends on axioms: [propext, Classical.choice, Quot.sound]
info: ZetaS/Window/WindowLimits.lean:209:0: 'ZetaS.WindowLimits.tendsto_cRatioP8' depends on axioms: [propext, Classical.choice, Quot.sound]
info: ZetaS/Window/WindowLimits.lean:210:0: 'ZetaS.WindowLimits.HD_P8' depends on axioms: [propext, Classical.choice, Quot.sound]
info: ZetaS/Window/WindowLimits.lean:211:0: 'ZetaS.WindowLimits.tendsto_cRatioCos' depends on axioms: [propext, Classical.choice, Quot.sound]
info: ZetaS/Window/WindowLimits.lean:212:0: 'ZetaS.WindowLimits.vConv_cosW' depends on axioms: [propext, Classical.choice, Quot.sound]
info: ZetaS/Window/WindowLimits.lean:213:0: 'ZetaS.WindowLimits.jvConv_cosW' depends on axioms: [propext, Classical.choice, Quot.sound]
info: ZetaS/Window/WindowLimits.lean:214:0: 'ZetaS.WindowLimits.cWin_cosW' depends on axioms: [propext, Classical.choice, Quot.sound]
info: ZetaS/Window/WindowLimits.lean:215:0: 'ZetaS.WindowLimits.tendsto_cRatioCos'' depends on axioms: [propext, Classical.choice, Quot.sound]
info: ZetaS/Window/WindowLimits.lean:216:0: 'ZetaS.WindowLimits.HD_cos' depends on axioms: [propext, Classical.choice, Quot.sound]
⚠ [10422/10430] Replayed ZetaS.ZeroSide.Z9e_Seams
warning: ZetaS/ZeroSide/Z9e_Seams.lean:33:67: Variable name `ρ` is not explicitly referenced.

Hint: The binding can be removed (if unused) or named `_` (if used implicitly). Alternatively, prefix the name with `_` to silence this warning:
  [apply] _ρ

Note: This linter can be disabled with `set_option linter.unusedVariables false`
warning: ZetaS/ZeroSide/Z9e_Seams.lean:80:90: `Set.setOf_and` has been deprecated: Use `Set.ofPred_and` instead
warning: ZetaS/ZeroSide/Z9e_Seams.lean:93:90: `Set.setOf_and` has been deprecated: Use `Set.ofPred_and` instead
ℹ [10423/10450] Replayed ZetaS.Window.HeadlineV
info: ZetaS/Window/HeadlineV.lean:333:0: 'ZetaS.HeadlineV.simple_V_lam_abstract' depends on axioms: [propext, Classical.choice, Quot.sound]
info: ZetaS/Window/HeadlineV.lean:334:0: 'ZetaS.HeadlineV.zeta_simple_poly8A' depends on axioms: [propext, Classical.choice, Quot.sound]
info: ZetaS/Window/HeadlineV.lean:335:0: 'ZetaS.HeadlineV.zeta_simple_cos85' depends on axioms: [propext, Classical.choice, Quot.sound]
info: ZetaS/Window/HeadlineV.lean:336:0: 'ZetaS.HeadlineV.zeta_simple_cos85'' depends on axioms: [propext, Classical.choice, Quot.sound]
info: ZetaS/Window/HeadlineV.lean:337:0: 'ZetaS.HeadlineV.dist_V_lam_abstract' depends on axioms: [propext, Classical.choice, Quot.sound]
info: ZetaS/Window/HeadlineV.lean:338:0: 'ZetaS.HeadlineV.zeta_dist_poly8A' depends on axioms: [propext, Classical.choice, Quot.sound]
info: ZetaS/Window/HeadlineV.lean:339:0: 'ZetaS.HeadlineV.zeta_dist_cos85' depends on axioms: [propext, Classical.choice, Quot.sound]
ℹ [10424/10450] Replayed ZetaS.Window.GramV
info: ZetaS/Window/GramV.lean:290:0: 'ZetaS.GramV.frob_two_sided_alg' depends on axioms: [propext, Classical.choice, Quot.sound]
info: ZetaS/Window/GramV.lean:291:0: 'ZetaS.GramV.gram_asymptotics_V' depends on axioms: [propext, Classical.choice, Quot.sound]
info: ZetaS/Window/GramV.lean:292:0: 'ZetaS.GramV.zeta_gram_poly8A_lam' depends on axioms: [propext, Classical.choice, Quot.sound]
info: ZetaS/Window/GramV.lean:293:0: 'ZetaS.GramV.zeta_gram_cos85_lam' depends on axioms: [propext, Classical.choice, Quot.sound]
⚠ [10429/10450] Replayed ZetaS.ZeroSide.Z6Core
warning: ZetaS/ZeroSide/Z6Core.lean:226:41: Variable name `hT` is not explicitly referenced.

Hint: The binding can be removed (if unused) or named `_` (if used implicitly). Alternatively, prefix the name with `_` to silence this warning:
  [apply] _hT

Note: This linter can be disabled with `set_option linter.unusedVariables false`
⚠ [10430/10450] Replayed ZetaS.ZeroSide.Z6_Defect
warning: ZetaS/ZeroSide/Z6_Defect.lean:99:4: `push_neg` has been deprecated. Prefer using `push Not` instead.
If you'd rather continue using `push_neg` in your project, you can implement it as follows:
```
open Lean.Parser.Tactic in
macro "push_neg" cfg:optConfig loc:(location)? : tactic =>
  `(tactic| push $cfg:optConfig Not $[$loc]?)
```
warning: ZetaS/ZeroSide/Z6_Defect.lean:81:20: Variable name `hlam` is not explicitly referenced.

Hint: The binding can be removed (if unused) or named `_` (if used implicitly). Alternatively, prefix the name with `_` to silence this warning:
  [apply] _hlam

Note: This linter can be disabled with `set_option linter.unusedVariables false`
⚠ [10433/10450] Replayed ZetaS.ZeroSide.ZetaSeams
warning: ZetaS/ZeroSide/ZetaSeams.lean:35:55: `Set.setOf_and` has been deprecated: Use `Set.ofPred_and` instead
warning: ZetaS/ZeroSide/ZetaSeams.lean:38:41: this tactic is never executed

Note: This linter can be disabled with `set_option linter.unreachableTactic false`
warning: ZetaS/ZeroSide/ZetaSeams.lean:38:60: this tactic is never executed

Note: This linter can be disabled with `set_option linter.unreachableTactic false`
warning: ZetaS/ZeroSide/ZetaSeams.lean:38:41: '(exfalso; tauto)' tactic does nothing

Note: This linter can be disabled with `set_option linter.unusedTactic false`
warning: ZetaS/ZeroSide/ZetaSeams.lean:38:60: 'linarith' tactic does nothing

Note: This linter can be disabled with `set_option linter.unusedTactic false`
⚠ [10436/10450] Replayed ZetaS.Top.OLLHeight5
warning: ZetaS/Top/OLLHeight5.lean:311:21: Variable name `he0` is not explicitly referenced.

Hint: The binding can be removed (if unused) or named `_` (if used implicitly). Alternatively, prefix the name with `_` to silence this warning:
  [apply] _he0

Note: This linter can be disabled with `set_option linter.unusedVariables false`
warning: ZetaS/Top/OLLHeight5.lean:372:54: Variable name `i` is not explicitly referenced.

Hint: The binding can be removed (if unused) or named `_` (if used implicitly). Alternatively, prefix the name with `_` to silence this warning:
  [apply] _i

Note: This linter can be disabled with `set_option linter.unusedVariables false`
warning: ZetaS/Top/OLLHeight5.lean:372:56: Variable name `j` is not explicitly referenced.

Hint: The binding can be removed (if unused) or named `_` (if used implicitly). Alternatively, prefix the name with `_` to silence this warning:
  [apply] _j

Note: This linter can be disabled with `set_option linter.unusedVariables false`
warning: ZetaS/Top/OLLHeight5.lean:373:9: Variable name `i` is not explicitly referenced.

Hint: The binding can be removed (if unused) or named `_` (if used implicitly). Alternatively, prefix the name with `_` to silence this warning:
  [apply] _i

Note: This linter can be disabled with `set_option linter.unusedVariables false`
warning: ZetaS/Top/OLLHeight5.lean:373:66: Variable name `i` is not explicitly referenced.

Hint: The binding can be removed (if unused) or named `_` (if used implicitly). Alternatively, prefix the name with `_` to silence this warning:
  [apply] _i

Note: This linter can be disabled with `set_option linter.unusedVariables false`
warning: ZetaS/Top/OLLHeight5.lean:373:68: Variable name `j` is not explicitly referenced.

Hint: The binding can be removed (if unused) or named `_` (if used implicitly). Alternatively, prefix the name with `_` to silence this warning:
  [apply] _j

Note: This linter can be disabled with `set_option linter.unusedVariables false`
warning: ZetaS/Top/OLLHeight5.lean:374:9: Variable name `i` is not explicitly referenced.

Hint: The binding can be removed (if unused) or named `_` (if used implicitly). Alternatively, prefix the name with `_` to silence this warning:
  [apply] _i

Note: This linter can be disabled with `set_option linter.unusedVariables false`
warning: ZetaS/Top/OLLHeight5.lean:374:11: Variable name `j` is not explicitly referenced.

Hint: The binding can be removed (if unused) or named `_` (if used implicitly). Alternatively, prefix the name with `_` to silence this warning:
  [apply] _j

Note: This linter can be disabled with `set_option linter.unusedVariables false`
warning: ZetaS/Top/OLLHeight5.lean:374:64: Variable name `i` is not explicitly referenced.

Hint: The binding can be removed (if unused) or named `_` (if used implicitly). Alternatively, prefix the name with `_` to silence this warning:
  [apply] _i

Note: This linter can be disabled with `set_option linter.unusedVariables false`
warning: ZetaS/Top/OLLHeight5.lean:375:9: Variable name `i` is not explicitly referenced.

Hint: The binding can be removed (if unused) or named `_` (if used implicitly). Alternatively, prefix the name with `_` to silence this warning:
  [apply] _i

Note: This linter can be disabled with `set_option linter.unusedVariables false`
warning: ZetaS/Top/OLLHeight5.lean:375:11: Variable name `j` is not explicitly referenced.

Hint: The binding can be removed (if unused) or named `_` (if used implicitly). Alternatively, prefix the name with `_` to silence this warning:
  [apply] _j

Note: This linter can be disabled with `set_option linter.unusedVariables false`
⚠ [10441/10450] Replayed ZetaS.Majorant.MCert_Cells
warning: ZetaS/Majorant/MCert_Cells.lean:76:14: this tactic is never executed

Note: This linter can be disabled with `set_option linter.unreachableTactic false`
warning: ZetaS/Majorant/MCert_Cells.lean:76:4: 'all_goals
  first
  | exact hπ.le
  | positivity' tactic does nothing

Note: This linter can be disabled with `set_option linter.unusedTactic false`
⚠ [10444/10466] Replayed ZetaS.Majorant.MajSoundNPos
warning: ZetaS/Majorant/MajSoundNPos.lean:133:14: this tactic is never executed

Note: This linter can be disabled with `set_option linter.unreachableTactic false`
warning: ZetaS/Majorant/MajSoundNPos.lean:133:4: 'all_goals
  first
  | exact hπ.le
  | positivity' tactic does nothing

Note: This linter can be disabled with `set_option linter.unusedTactic false`
warning: ZetaS/Majorant/MajSoundNPos.lean:276:5: Variable name `he` is not explicitly referenced.

Hint: The binding can be removed (if unused) or named `_` (if used implicitly). Alternatively, prefix the name with `_` to silence this warning:
  [apply] _he

Note: This linter can be disabled with `set_option linter.unusedVariables false`
warning: ZetaS/Majorant/MajSoundNPos.lean:352:34: 'push_cast at hk' ⊢' tactic does nothing

Note: This linter can be disabled with `set_option linter.unusedTactic false`
warning: ZetaS/Majorant/MajSoundNPos.lean:361:34: 'push_cast at hk' ⊢' tactic does nothing

Note: This linter can be disabled with `set_option linter.unusedTactic false`
✔ [10464/10466] Built ReplayAM5 (13s)
✔ [10465/10466] Built ReplayHeadlines (14s)
Build completed successfully (10466 jobs).
lake build exit=0 finished 2026-10-02 03:52:14
errors: 0; sorry warnings: 0
