ZetaS.Bandwidth.Hom_Homogeneity	ZetaS.kPsi_Rlam_smul	A	[Classical.choice, Quot.sound, propext]	0	[]
ZetaS.Bandwidth.KL1_BandwidthTransfer	ZetaS.KL1aux.gapSpan_smul	A	[Classical.choice, Quot.sound, propext]	0	[]
ZetaS.Bandwidth.KL1_BandwidthTransfer	ZetaS.KL1aux.localF_scaleMu	A	[Classical.choice, Quot.sound, propext]	0	[]
ZetaS.Bandwidth.KL1_BandwidthTransfer	ZetaS.LocalWeights.mk.congr_simp	A	[Classical.choice, Quot.sound, propext]	0	[]
ZetaS.Bandwidth.KL1_BandwidthTransfer	ZetaS.LocalWeights.scaleMu.eq_1	A	[Classical.choice, Quot.sound, propext]	0	[]
ZetaS.Bandwidth.KL1_BandwidthTransfer	ZetaS.localCert_rescale	A	[Classical.choice, Quot.sound, propext]	0	[]
ZetaS.Bandwidth.KL1_BandwidthTransfer	ZetaS.localCert_scaleMu_iff	A	[Classical.choice, Quot.sound, propext]	0	[]
ZetaS.Bandwidth.KL1m_BandwidthTransferAM	ZetaS.localCertAM_rescale	A	[Classical.choice, Quot.sound, propext]	0	[]
ZetaS.Bandwidth.KL2_LamLimit	ZetaS.eps_form_of_lam_limit	A	[Classical.choice, Quot.sound, propext]	0	[]
ZetaS.Bandwidth.KL3_TendstoRlam	ZetaS.tendsto_Rlam_one	A	[Classical.choice, Quot.sound, propext]	0	[]
ZetaS.Bandwidth.R1_Realify	ZetaS.R1aux.conjTranspose_toC	A	[Classical.choice, Quot.sound, propext]	0	[]
ZetaS.Bandwidth.R1_Realify	ZetaS.R1aux.eigenvalues₀_toC	A	[Classical.choice, Quot.sound, propext]	0	[]
ZetaS.Bandwidth.R1_Realify	ZetaS.R1aux.frobSq_toC	A	[Classical.choice, Quot.sound, propext]	0	[]
ZetaS.Bandwidth.R1_Realify	ZetaS.R1aux.rtrace_toC	A	[Classical.choice, Quot.sound, propext]	0	[]
ZetaS.Bandwidth.R1_Realify	ZetaS.R1aux.toC_mul	A	[Classical.choice, Quot.sound, propext]	0	[]
ZetaS.Bandwidth.R1_Realify	ZetaS.realify	A	[Classical.choice, Quot.sound, propext]	0	[]
ZetaS.Bandwidth.R1_Realify	ZetaS.toC.eq_1	A	[Classical.choice, Quot.sound, propext]	0	[]
ZetaS.Basic	ZetaS.D0_eq_sqrt	A	[Classical.choice, Quot.sound, propext]	0	[]
ZetaS.Cert.C01_QIRound	ZetaS.CertV2.QI.le_rup	A	[Classical.choice, Quot.sound, propext]	0	[]
ZetaS.Cert.C01_QIRound	ZetaS.CertV2.QI.rdn_le	A	[Classical.choice, Quot.sound, propext]	0	[]
ZetaS.Cert.C02_QIOps	ZetaS.CertV2.QI.Contains.eq_1	A	[Classical.choice, Quot.sound, propext]	0	[]
ZetaS.Cert.C02_QIOps	ZetaS.CertV2.QI.absMax.eq_1	A	[Quot.sound, propext]	0	[]
ZetaS.Cert.C02_QIOps	ZetaS.CertV2.QI.abs_le_absMax	A	[Classical.choice, Quot.sound, propext]	0	[]
ZetaS.Cert.C02_QIOps	ZetaS.CertV2.QI.add.eq_1	A	[Classical.choice, Quot.sound, propext]	0	[]
ZetaS.Cert.C02_QIOps	ZetaS.CertV2.QI.contains_add	A	[Classical.choice, Quot.sound, propext]	0	[]
ZetaS.Cert.C02_QIOps	ZetaS.CertV2.QI.contains_inv	A	[Classical.choice, Quot.sound, propext]	0	[]
ZetaS.Cert.C02_QIOps	ZetaS.CertV2.QI.contains_mul	A	[Classical.choice, Quot.sound, propext]	0	[]
ZetaS.Cert.C02_QIOps	ZetaS.CertV2.QI.contains_neg	A	[Classical.choice, Quot.sound, propext]	0	[]
ZetaS.Cert.C02_QIOps	ZetaS.CertV2.QI.contains_of_superset	A	[Classical.choice, Quot.sound, propext]	0	[]
ZetaS.Cert.C02_QIOps	ZetaS.CertV2.QI.contains_smul	A	[Classical.choice, Quot.sound, propext]	0	[]
ZetaS.Cert.C02_QIOps	ZetaS.CertV2.QI.contains_sq	A	[Classical.choice, Quot.sound, propext]	0	[]
ZetaS.Cert.C02_QIOps	ZetaS.CertV2.QI.contains_sub	A	[Classical.choice, Quot.sound, propext]	0	[]
ZetaS.Cert.C02_QIOps	ZetaS.CertV2.QI.contains_widen	A	[Classical.choice, Quot.sound, propext]	0	[]
ZetaS.Cert.C02_QIOps	ZetaS.CertV2.QI.mul.eq_1	A	[Classical.choice, Quot.sound, propext]	0	[]
ZetaS.Cert.C02_QIOps	ZetaS.CertV2.QI.neg.eq_1	A	[]	0	[]
ZetaS.Cert.C02_QIOps	ZetaS.CertV2.QI.superset.eq_1	A	[]	0	[]
ZetaS.Cert.C02_QIOps	ZetaS.CertV2.QI.widen.eq_1	A	[Classical.choice, Quot.sound, propext]	0	[]
ZetaS.Cert.C03_Horner	ZetaS.CertV2.QI.pt.eq_1	A	[]	0	[]
ZetaS.Cert.C03_Horner	ZetaS.CertV2.horner.eq_1	A	[Classical.choice, Quot.sound, propext]	0	[]
ZetaS.Cert.C03_Horner	ZetaS.CertV2.horner_contains	A	[Classical.choice, Quot.sound, propext]	0	[]
ZetaS.Cert.C04_PiEncl	ZetaS.CertV2.piQ_contains	A	[Classical.choice, Quot.sound, propext]	0	[]
ZetaS.Cert.C05_SinCosTaylor	ZetaS.CertV2.cosQI_contains	A	[Classical.choice, Quot.sound, propext]	0	[]
ZetaS.Cert.C05_SinCosTaylor	ZetaS.CertV2.fact.eq_1	A	[]	0	[]
ZetaS.Cert.C05_SinCosTaylor	ZetaS.CertV2.fact.eq_2	A	[]	0	[]
ZetaS.Cert.C05_SinCosTaylor	ZetaS.CertV2.fact.eq_def	A	[]	0	[]
ZetaS.Cert.C05_SinCosTaylor	ZetaS.CertV2.sinQI_contains	A	[Classical.choice, Quot.sound, propext]	0	[]
ZetaS.Cert.C06_SinCosPi	ZetaS.CertV2.QI.smul.eq_1	A	[Classical.choice, Quot.sound, propext]	0	[]
ZetaS.Cert.C06_SinCosPi	ZetaS.CertV2.cosA_contains	A	[Classical.choice, Quot.sound, propext]	0	[]
ZetaS.Cert.C06_SinCosPi	ZetaS.CertV2.piQ.eq_1	A	[Classical.choice, Quot.sound, propext]	0	[]
ZetaS.Cert.C06_SinCosPi	ZetaS.CertV2.qabs.eq_1	A	[Quot.sound, propext]	0	[]
ZetaS.Cert.C06_SinCosPi	ZetaS.CertV2.sinA_contains	A	[Classical.choice, Quot.sound, propext]	0	[]
ZetaS.Cert.C06_SinCosPi	ZetaS.CertV2.sinCosPiQ.eq_1	A	[Classical.choice, Quot.sound, propext]	0	[]
ZetaS.Cert.C06_SinCosPi	ZetaS.CertV2.sinCosPiQ_contains	A	[Classical.choice, Quot.sound, propext]	0	[]
ZetaS.Cert.C07a_SincDeriv	ZetaS.CertV2.contDiff_sinc	A	[Classical.choice, Quot.sound, propext]	0	[]
ZetaS.Cert.C07a_SincDeriv	ZetaS.CertV2.hasDerivAt_sinc	A	[Classical.choice, Quot.sound, propext]	0	[]
ZetaS.Cert.C07a_SincDeriv	ZetaS.CertV2.hasDerivAt_sinc1	A	[Classical.choice, Quot.sound, propext]	0	[]
ZetaS.Cert.C07a_SincDeriv	ZetaS.CertV2.sinc1.eq_1	A	[Classical.choice, Quot.sound, propext]	0	[]
ZetaS.Cert.C07a_SincDeriv	ZetaS.CertV2.sinc2.eq_1	A	[Classical.choice, Quot.sound, propext]	0	[]
ZetaS.Cert.C07a_SincDeriv	ZetaS.CertV2.sinc_series_bounds	A	[Classical.choice, Quot.sound, propext]	0	[]
ZetaS.Cert.C07b_SincEncl	ZetaS.CertV2.sincDerivsQI_contains'	A	[Classical.choice, Quot.sound, propext]	0	[]
ZetaS.Cert.C08_KCosDerivs	ZetaS.CertV2.contDiff_kCos	A	[Classical.choice, Quot.sound, propext]	0	[]
ZetaS.Cert.C08_KCosDerivs	ZetaS.CertV2.hasDerivAt_kCos	A	[Classical.choice, Quot.sound, propext]	0	[]
ZetaS.Cert.C08_KCosDerivs	ZetaS.CertV2.hasDerivAt_kCos1	A	[Classical.choice, Quot.sound, propext]	0	[]
ZetaS.Cert.C08_KCosDerivs	ZetaS.CertV2.hasDerivAt_wK	A	[Classical.choice, Quot.sound, propext]	0	[]
ZetaS.Cert.C08_KCosDerivs	ZetaS.CertV2.hasDerivAt_wK1	A	[Classical.choice, Quot.sound, propext]	0	[]
ZetaS.Cert.C09_KEncl	ZetaS.CertV2.KPt.sound	A	[Classical.choice, Quot.sound, propext]	0	[]
ZetaS.Cert.C09_KEncl	ZetaS.CertV2.kEnclQ_contains	A	[Classical.choice, Quot.sound, propext]	0	[]
ZetaS.Cert.C09_KEncl	ZetaS.CertV2.kptOk.eq_1	A	[Classical.choice, Quot.sound, propext]	0	[]
ZetaS.Cert.C10_KCosD3	ZetaS.CertV2.abs_IK3_le	A	[Classical.choice, Quot.sound, propext]	0	[]
ZetaS.Cert.C10_KCosD3	ZetaS.CertV2.continuous_gK	A	[Classical.choice, Quot.sound, propext]	0	[]
ZetaS.Cert.C10_KCosD3	ZetaS.CertV2.cos_cube_moment	A	[Classical.choice, Quot.sound, propext]	0	[]
ZetaS.Cert.C10_KCosD3	ZetaS.CertV2.gK.eq_1	A	[Classical.choice, Quot.sound, propext]	0	[]
ZetaS.Cert.C10_KCosD3	ZetaS.CertV2.hasDerivAt_IK	A	[Classical.choice, Quot.sound, propext]	0	[]
ZetaS.Cert.C10_KCosD3	ZetaS.CertV2.hasDerivAt_intCos	A	[Classical.choice, Quot.sound, propext]	0	[]
ZetaS.Cert.C10_KCosD3	ZetaS.CertV2.hasDerivAt_kCos2	A	[Classical.choice, Quot.sound, propext]	0	[]
ZetaS.Cert.C10_KCosD3	ZetaS.CertV2.hasDerivAt_kCos2_IK3	A	[Classical.choice, Quot.sound, propext]	0	[]
ZetaS.Cert.C10_KCosD3	ZetaS.CertV2.integral_abs_cube	A	[Classical.choice, Quot.sound, propext]	0	[]
ZetaS.Cert.C10_KCosD3	ZetaS.CertV2.kCos1_eq_IK1	A	[Classical.choice, Quot.sound, propext]	0	[]
ZetaS.Cert.C10_KCosD3	ZetaS.CertV2.kCos2_eq_IK2	A	[Classical.choice, Quot.sound, propext]	0	[]
ZetaS.Cert.C10_KCosD3	ZetaS.CertV2.kCos_d3_bound	A	[Classical.choice, Quot.sound, propext]	0	[]
ZetaS.Cert.C10_KCosD3	ZetaS.CertV2.kCos_eq_IK0	A	[Classical.choice, Quot.sound, propext]	0	[]
ZetaS.Cert.C10_KCosD3	ZetaS.CertV2.sinc_four_fifths_pos	A	[Classical.choice, Quot.sound, propext]	0	[]
ZetaS.Cert.C11_TaylorModel	ZetaS.CertV2.C11aux.M3_ge	A	[Classical.choice, Quot.sound, propext]	0	[]
ZetaS.Cert.C11_TaylorModel	ZetaS.CertV2.C11aux.contains_widen_of	A	[Classical.choice, Quot.sound, propext]	0	[]
ZetaS.Cert.C11_TaylorModel	ZetaS.CertV2.C11aux.ge_of_deriv_nonneg	A	[Classical.choice, Quot.sound, propext]	0	[]
ZetaS.Cert.C11_TaylorModel	ZetaS.CertV2.C11aux.lip_of_deriv	A	[Classical.choice, Quot.sound, propext]	0	[]
ZetaS.Cert.C11_TaylorModel	ZetaS.CertV2.C11aux.taylor2_abs	A	[Classical.choice, Quot.sound, propext]	0	[]
ZetaS.Cert.C11_TaylorModel	ZetaS.CertV2.C11aux.taylor2_local	A	[Classical.choice, Quot.sound, propext]	0	[]
ZetaS.Cert.C11_TaylorModel	ZetaS.CertV2.C11aux.taylor2_right	A	[Classical.choice, Quot.sound, propext]	0	[]
ZetaS.Cert.C11_TaylorModel	ZetaS.CertV2.C11aux.taylor3	A	[Classical.choice, Quot.sound, propext]	0	[]
ZetaS.Cert.C11_TaylorModel	ZetaS.CertV2.C11aux.taylor3_abs	A	[Classical.choice, Quot.sound, propext]	0	[]
ZetaS.Cert.C11_TaylorModel	ZetaS.CertV2.C11aux.taylor3_right	A	[Classical.choice, Quot.sound, propext]	0	[]
ZetaS.Cert.C11_TaylorModel	ZetaS.CertV2.taylorModel_sound	A	[Classical.choice, Quot.sound, propext]	0	[]
ZetaS.Cert.C12_CellSound	ZetaS.CertV2.Cell.sound	A	[Classical.choice, Quot.sound, propext]	0	[]
ZetaS.Cert.C13_SpanBounds	ZetaS.CertV2.C13aux.cover_cells	A	[Classical.choice, Quot.sound, propext]	0	[]
ZetaS.Cert.C13_SpanBounds	ZetaS.CertV2.C13aux.foldl_min_le	A	[Classical.choice, Quot.sound, propext]	0	[]
ZetaS.Cert.C13_SpanBounds	ZetaS.CertV2.C13aux.le_foldl_max	A	[Classical.choice, Quot.sound, propext]	0	[]
ZetaS.Cert.C13_SpanBounds	ZetaS.CertV2.spanBounds_sound	A	[Classical.choice, Quot.sound, propext]	0	[]
ZetaS.Cert.C14_Taylor2Minorant	ZetaS.CertV2.taylor2_minorant	A	[Classical.choice, Quot.sound, propext]	0	[]
ZetaS.Cert.C15_ChordMinorant	ZetaS.CertV2.chord_minorant	A	[Classical.choice, Quot.sound, propext]	0	[]
ZetaS.Cert.C16_TangentLine	ZetaS.CertV2.tangentLine.eq_1	A	[Classical.choice, Quot.sound, propext]	0	[]
ZetaS.Cert.C16_TangentLine	ZetaS.CertV2.tangentLine_sound	A	[Classical.choice, Quot.sound, propext]	0	[]
ZetaS.Cert.C17_CapLeaf	ZetaS.CertV2.LIQ.wf.eq_1	A	[Quot.sound, propext]	0	[]
ZetaS.Cert.C17_CapLeaf	ZetaS.CertV2.checkCap.eq_1	A	[Classical.choice, Quot.sound, propext]	0	[]
ZetaS.Cert.C17_CapLeaf	ZetaS.CertV2.checkCap_sound	A	[Classical.choice, Quot.sound, propext]	0	[]
ZetaS.Cert.C18_LPLeaf	ZetaS.CertV2.Box.center.eq_1	A	[Classical.choice, Quot.sound, propext]	0	[]
ZetaS.Cert.C18_LPLeaf	ZetaS.CertV2.Box.half.eq_1	A	[Classical.choice, Quot.sound, propext]	0	[]
ZetaS.Cert.C18_LPLeaf	ZetaS.CertV2.C18aux.addOn_getD	A	[Classical.choice, Quot.sound, propext]	0	[]
ZetaS.Cert.C18_LPLeaf	ZetaS.CertV2.C18aux.addOn_length	A	[Classical.choice, Quot.sound, propext]	0	[]
ZetaS.Cert.C18_LPLeaf	ZetaS.CertV2.C18aux.boxMinLin_le	A	[Classical.choice, Quot.sound, propext]	0	[]
ZetaS.Cert.C18_LPLeaf	ZetaS.CertV2.C18aux.center_getD	A	[Classical.choice, Quot.sound, propext]	0	[]
ZetaS.Cert.C18_LPLeaf	ZetaS.CertV2.C18aux.chord_line	A	[Classical.choice, Quot.sound, propext]	0	[]
ZetaS.Cert.C18_LPLeaf	ZetaS.CertV2.C18aux.chunks5_length	A	[Classical.choice, Quot.sound, propext]	0	[]
ZetaS.Cert.C18_LPLeaf	ZetaS.CertV2.C18aux.fold_step	A	[Classical.choice, Quot.sound, propext]	0	[]
ZetaS.Cert.C18_LPLeaf	ZetaS.CertV2.C18aux.half_getD	A	[Classical.choice, Quot.sound, propext]	0	[]
ZetaS.Cert.C18_LPLeaf	ZetaS.CertV2.C18aux.list_sum_range	A	[Classical.choice, Quot.sound, propext]	0	[]
ZetaS.Cert.C18_LPLeaf	ZetaS.CertV2.C18aux.lpSpan_step	A	[Classical.choice, Quot.sound, propext]	0	[]
ZetaS.Cert.C18_LPLeaf	ZetaS.CertV2.C18aux.lsum_cast	A	[Classical.choice, Quot.sound, propext]	0	[]
ZetaS.Cert.C18_LPLeaf	ZetaS.CertV2.C18aux.minLin_le	A	[Classical.choice, Quot.sound, propext]	0	[]
ZetaS.Cert.C18_LPLeaf	ZetaS.CertV2.C18aux.mul_line	A	[Classical.choice, Quot.sound, propext]	0	[]
ZetaS.Cert.C18_LPLeaf	ZetaS.CertV2.C18aux.spanBounds_c	A	[Classical.choice, Quot.sound, propext]	0	[]
ZetaS.Cert.C18_LPLeaf	ZetaS.CertV2.C18aux.span_in	A	[Classical.choice, Quot.sound, propext]	0	[]
ZetaS.Cert.C18_LPLeaf	ZetaS.CertV2.C18aux.sum_addOn	A	[Classical.choice, Quot.sound, propext]	0	[]
ZetaS.Cert.C18_LPLeaf	ZetaS.CertV2.C18aux.wlo_le	A	[Classical.choice, Quot.sound, propext]	0	[]
ZetaS.Cert.C18_LPLeaf	ZetaS.CertV2.addOn.eq_1	A	[Classical.choice, Quot.sound, propext]	0	[]
ZetaS.Cert.C18_LPLeaf	ZetaS.CertV2.checkLP_sound	A	[Classical.choice, Quot.sound, propext]	0	[]
ZetaS.Cert.C18_LPLeaf	ZetaS.CertV2.chunks5.eq_1	A	[propext]	0	[]
ZetaS.Cert.C18_LPLeaf	ZetaS.CertV2.chunks5.eq_2	A	[propext]	0	[]
ZetaS.Cert.C18_LPLeaf	ZetaS.CertV2.chunks5.eq_def	A	[propext]	0	[]
ZetaS.Cert.C19a_PsdLDL	ZetaS.CertV2.psdLDL.eq_1	A	[Classical.choice, Quot.sound, propext]	0	[]
ZetaS.Cert.C19a_PsdLDL	ZetaS.CertV2.psdLDL.eq_2	A	[Classical.choice, Quot.sound, propext]	0	[]
ZetaS.Cert.C19a_PsdLDL	ZetaS.CertV2.psdLDL.eq_3	A	[Classical.choice, Quot.sound, propext]	0	[]
ZetaS.Cert.C19a_PsdLDL	ZetaS.CertV2.psdLDL.eq_def	A	[Classical.choice, Quot.sound, propext]	0	[]
ZetaS.Cert.C19a_PsdLDL	ZetaS.CertV2.psdLDL_sound_symm	A	[Classical.choice, Quot.sound, propext]	0	[]
ZetaS.Cert.C19b_CvxLeaf	ZetaS.CertV2.checkConvex.eq_1	A	[Classical.choice, Quot.sound, propext]	0	[]
ZetaS.Cert.C19b_CvxLeaf	ZetaS.CertV2.checkConvex_sound	A	[Classical.choice, Quot.sound, propext]	0	[]
ZetaS.Cert.C19b_CvxLeaf	ZetaS.CertV2.cvxSpan.eq_1	A	[Classical.choice, Quot.sound, propext]	0	[]
ZetaS.Cert.C20_NodeSound	ZetaS.CertV2.Node.check_sound	A	[Classical.choice, Quot.sound, propext]	0	[]
ZetaS.Cert.C21_CertSound	ZetaS.CertV2.Cert.check.eq_1	A	[Classical.choice, Quot.sound, propext]	0	[]
ZetaS.Cert.C21_CertSound	ZetaS.CertV2.Cert.check_sound'	A	[Classical.choice, Quot.sound, propext]	0	[]
ZetaS.Cert.C23_KPsiCos	ZetaS.CertV2.integral_cos_mul_half	A	[Classical.choice, Quot.sound, propext]	0	[]
ZetaS.Cert.C23_KPsiCos	ZetaS.CertV2.kPsi_psiCos16_eq'	A	[Classical.choice, Quot.sound, propext]	0	[]
ZetaS.Cert.C24_W5Fields	ZetaS.CertV2.W5_consts'	A	[Classical.choice, Quot.sound, propext]	0	[]
ZetaS.Cert.C24_W5Fields	ZetaS.CertV2.W5_gam_nonneg	A	[Classical.choice, Quot.sound, propext]	0	[]
ZetaS.Cert.C24_W5Fields	ZetaS.CertV2.W5_gam_sum	A	[Classical.choice, Quot.sound, propext]	0	[]
ZetaS.Cert.C24_W5Fields	ZetaS.CertV2.W5_mu_nonneg	A	[Classical.choice, Quot.sound, propext]	0	[]
ZetaS.Cert.C24_W5Fields	ZetaS.CertV2.W5_revSymm'	A	[Classical.choice, Quot.sound, propext]	0	[]
ZetaS.Cert.C24_W5Fields	ZetaS.CertV2.gam5_nonneg	A	[Classical.choice, Quot.sound, propext]	0	[]
ZetaS.Cert.C25_ClassBridge	ZetaS.CertV2.Icc_sum	A	[Classical.choice, Quot.sound, propext]	0	[]
ZetaS.Cert.C25_ClassBridge	ZetaS.CertV2.classData_F	A	[Classical.choice, Quot.sound, propext]	0	[]
ZetaS.Cert.C25_ClassBridge	ZetaS.CertV2.classData_claim	A	[Classical.choice, Quot.sound, propext]	0	[]
ZetaS.Cert.C25_ClassBridge	ZetaS.CertV2.classData_holds_iff'	A	[Classical.choice, Quot.sound, propext]	0	[]
ZetaS.Cert.C25_ClassBridge	ZetaS.CertV2.gapSpan_eq_spanVal	A	[Classical.choice, Quot.sound, propext]	0	[]
ZetaS.Cert.C25_ClassBridge	ZetaS.CertV2.mL_getD	A	[propext]	0	[]
ZetaS.Cert.C25_ClassBridge	ZetaS.CertV2.markVal_lt	A	[Classical.choice, Quot.sound, propext]	0	[]
ZetaS.Cert.C25_ClassBridge	ZetaS.CertV2.spans_sum	A	[Classical.choice, Quot.sound, propext]	0	[]
ZetaS.Cert.CertSpecAM5	ZetaS.CertV2.Cert.mk.inj	A	[Classical.choice, Quot.sound, propext]	0	[]
ZetaS.Cert.CertSpecAM5	ZetaS.CertV2.Cert.mk.injEq	A	[Classical.choice, Quot.sound, propext]	0	[]
ZetaS.Cert.CertSpecAM5	ZetaS.CertV2.Cert.mk.sizeOf_spec	A	[Classical.choice, Quot.sound, propext]	0	[]
ZetaS.Cert.CertSpecAM5	ZetaS.CertV2.W5_consts	A	[Classical.choice, Quot.sound, propext]	0	[]
ZetaS.Cert.CertSpecAM5	ZetaS.CertV2.W5_revSymm	A	[Classical.choice, Quot.sound, propext]	0	[]
ZetaS.Cert.CertSpecAM5	ZetaS.CertV2.certAM5_of_checks_of_sound	A	[Classical.choice, Quot.sound, propext]	0	[]
ZetaS.Cert.CertSpecAM5	ZetaS.CertV2.classData_holds_iff	A	[Classical.choice, Quot.sound, propext]	0	[]
ZetaS.Cert.CertSpecAM5	ZetaS.CertV2.classes5_cover	A	[Classical.choice, Quot.sound, propext]	0	[]
ZetaS.Cert.CertSpecAM5	ZetaS.CertV2.gam5.eq_1	A	[Classical.choice, Quot.sound, propext]	0	[]
ZetaS.Cert.CertSpecAM5	ZetaS.CertV2.gam5.eq_10	A	[Classical.choice, Quot.sound, propext]	0	[]
ZetaS.Cert.CertSpecAM5	ZetaS.CertV2.gam5.eq_11	A	[Classical.choice, Quot.sound, propext]	0	[]
ZetaS.Cert.CertSpecAM5	ZetaS.CertV2.gam5.eq_2	A	[Classical.choice, Quot.sound, propext]	0	[]
ZetaS.Cert.CertSpecAM5	ZetaS.CertV2.gam5.eq_3	A	[Classical.choice, Quot.sound, propext]	0	[]
ZetaS.Cert.CertSpecAM5	ZetaS.CertV2.gam5.eq_4	A	[Classical.choice, Quot.sound, propext]	0	[]
ZetaS.Cert.CertSpecAM5	ZetaS.CertV2.gam5.eq_5	A	[Classical.choice, Quot.sound, propext]	0	[]
ZetaS.Cert.CertSpecAM5	ZetaS.CertV2.gam5.eq_6	A	[Classical.choice, Quot.sound, propext]	0	[]
ZetaS.Cert.CertSpecAM5	ZetaS.CertV2.gam5.eq_7	A	[Classical.choice, Quot.sound, propext]	0	[]
ZetaS.Cert.CertSpecAM5	ZetaS.CertV2.gam5.eq_8	A	[Classical.choice, Quot.sound, propext]	0	[]
ZetaS.Cert.CertSpecAM5	ZetaS.CertV2.gam5.eq_9	A	[Classical.choice, Quot.sound, propext]	0	[]
ZetaS.Cert.CertSpecAM5	ZetaS.CertV2.kPsi_psiCos16_eq	A	[Classical.choice, Quot.sound, propext]	0	[]
ZetaS.Cert.CertSpecAM5	ZetaS.CertV2.mu5.eq_1	A	[Classical.choice, Quot.sound, propext]	0	[]
ZetaS.Cert.ChainV3	ZetaS.CertV2.ChainV3.certAM5_of_checks	A	[Classical.choice, Quot.sound, propext]	0	[]
ZetaS.Cert.ChainV3	ZetaS.CertV2.ChainV3.cert_check_sound	A	[Classical.choice, Quot.sound, propext]	0	[]
ZetaS.Cert.CheckerBase	ZetaS.CertV2.Cell.mk.inj	A	[Classical.choice, Quot.sound, propext]	0	[]
ZetaS.Cert.CheckerBase	ZetaS.CertV2.Cell.mk.injEq	A	[Classical.choice, Quot.sound, propext]	0	[]
ZetaS.Cert.CheckerBase	ZetaS.CertV2.Cell.mk.sizeOf_spec	A	[Classical.choice, Quot.sound, propext]	0	[]
ZetaS.Cert.CheckerBase	ZetaS.CertV2.Cell.ok	A	[Classical.choice, Quot.sound, propext]	0	[]
ZetaS.Cert.CheckerBase	ZetaS.CertV2.KPt.mk.inj	A	[Classical.choice, Quot.sound, propext]	0	[]
ZetaS.Cert.CheckerBase	ZetaS.CertV2.KPt.mk.injEq	A	[Classical.choice, Quot.sound, propext]	0	[]
ZetaS.Cert.CheckerBase	ZetaS.CertV2.KPt.mk.sizeOf_spec	A	[Classical.choice, Quot.sound, propext]	0	[]
ZetaS.Cert.CheckerBase	ZetaS.CertV2.KPt.ok	A	[Classical.choice, Quot.sound, propext]	0	[]
ZetaS.Cert.CheckerBase	ZetaS.CertV2.QI.mk.inj	A	[]	0	[]
ZetaS.Cert.CheckerBase	ZetaS.CertV2.QI.mk.injEq	A	[propext]	0	[]
ZetaS.Cert.CheckerBase	ZetaS.CertV2.QI.mk.sizeOf_spec	A	[]	0	[]
ZetaS.Cert.CheckerBase	ZetaS.CertV2.SpanD.mk.inj	A	[Classical.choice, Quot.sound, propext]	0	[]
ZetaS.Cert.CheckerBase	ZetaS.CertV2.SpanD.mk.injEq	A	[Classical.choice, Quot.sound, propext]	0	[]
ZetaS.Cert.CheckerBase	ZetaS.CertV2.SpanD.mk.sizeOf_spec	A	[Classical.choice, Quot.sound, propext]	0	[]
ZetaS.Cert.CheckerLeaves	ZetaS.CertV2.Acc.mk.inj	A	[]	0	[]
ZetaS.Cert.CheckerLeaves	ZetaS.CertV2.Acc.mk.injEq	A	[propext]	0	[]
ZetaS.Cert.CheckerLeaves	ZetaS.CertV2.Acc.mk.sizeOf_spec	A	[]	0	[]
ZetaS.Cert.CheckerLeaves	ZetaS.CertV2.CAcc.mk.inj	A	[]	0	[]
ZetaS.Cert.CheckerLeaves	ZetaS.CertV2.CAcc.mk.injEq	A	[propext]	0	[]
ZetaS.Cert.CheckerLeaves	ZetaS.CertV2.CAcc.mk.sizeOf_spec	A	[]	0	[]
ZetaS.Cert.CheckerLeaves	ZetaS.CertV2.LIQ.mk.inj	A	[]	0	[]
ZetaS.Cert.CheckerLeaves	ZetaS.CertV2.LIQ.mk.injEq	A	[propext]	0	[]
ZetaS.Cert.CheckerLeaves	ZetaS.CertV2.LIQ.mk.sizeOf_spec	A	[]	0	[]
ZetaS.Cert.CheckerLeaves	ZetaS.CertV2.Leaf.cap.sizeOf_spec	A	[Classical.choice, Quot.sound, propext]	0	[]
ZetaS.Cert.CheckerLeaves	ZetaS.CertV2.Leaf.convex.inj	A	[Classical.choice, Quot.sound, propext]	0	[]
ZetaS.Cert.CheckerLeaves	ZetaS.CertV2.Leaf.convex.injEq	A	[Classical.choice, Quot.sound, propext]	0	[]
ZetaS.Cert.CheckerLeaves	ZetaS.CertV2.Leaf.convex.sizeOf_spec	A	[Classical.choice, Quot.sound, propext]	0	[]
ZetaS.Cert.CheckerLeaves	ZetaS.CertV2.Leaf.lp.inj	A	[Classical.choice, Quot.sound, propext]	0	[]
ZetaS.Cert.CheckerLeaves	ZetaS.CertV2.Leaf.lp.injEq	A	[Classical.choice, Quot.sound, propext]	0	[]
ZetaS.Cert.CheckerLeaves	ZetaS.CertV2.Leaf.lp.sizeOf_spec	A	[Classical.choice, Quot.sound, propext]	0	[]
ZetaS.Cert.CheckerLeaves	ZetaS.CertV2.Node.brecOn.eq	A	[Classical.choice, Quot.sound, propext]	0	[]
ZetaS.Cert.CheckerLeaves	ZetaS.CertV2.Node.check.eq_1	A	[Classical.choice, Quot.sound, propext]	0	[]
ZetaS.Cert.CheckerLeaves	ZetaS.CertV2.Node.check.eq_2	A	[Classical.choice, Quot.sound, propext]	0	[]
ZetaS.Cert.CheckerLeaves	ZetaS.CertV2.Node.check.eq_def	A	[Classical.choice, Quot.sound, propext]	0	[]
ZetaS.Cert.CheckerLeaves	ZetaS.CertV2.Node.check_leaf_of	A	[Classical.choice, Quot.sound, propext]	0	[]
ZetaS.Cert.CheckerLeaves	ZetaS.CertV2.Node.check_split_of	A	[Classical.choice, Quot.sound, propext]	0	[]
ZetaS.Cert.CheckerLeaves	ZetaS.CertV2.Node.leaf.inj	A	[Classical.choice, Quot.sound, propext]	0	[]
ZetaS.Cert.CheckerLeaves	ZetaS.CertV2.Node.leaf.injEq	A	[Classical.choice, Quot.sound, propext]	0	[]
ZetaS.Cert.CheckerLeaves	ZetaS.CertV2.Node.leaf.sizeOf_spec	A	[Classical.choice, Quot.sound, propext]	0	[]
ZetaS.Cert.CheckerLeaves	ZetaS.CertV2.Node.split.inj	A	[Classical.choice, Quot.sound, propext]	0	[]
ZetaS.Cert.CheckerLeaves	ZetaS.CertV2.Node.split.injEq	A	[Classical.choice, Quot.sound, propext]	0	[]
ZetaS.Cert.CheckerLeaves	ZetaS.CertV2.Node.split.sizeOf_spec	A	[Classical.choice, Quot.sound, propext]	0	[]
ZetaS.Cert.CheckerTestsV3	ZetaS.CertV2.neg_C07b	A	[Classical.choice, Quot.sound, propext]	0	[]
ZetaS.Cert.CheckerTestsV3	ZetaS.CertV2.neg_C18	A	[Classical.choice, Quot.sound, propext]	0	[]
ZetaS.Cert.CheckerTestsV3	ZetaS.CertV2.neg_C18_inside	A	[Classical.choice, Quot.sound, propext]	0	[]
ZetaS.Cert.CheckerTestsV3	ZetaS.CertV2.neg_C19a_indef	A	[Classical.choice, Quot.sound, propext]	0	[]
ZetaS.Cert.CheckerTestsV3	ZetaS.CertV2.neg_C19a_posPivot	A	[Classical.choice, Quot.sound, propext]	0	[]
ZetaS.Cert.CheckerTestsV3	ZetaS.CertV2.neg_C19a_symm	A	[Quot.sound, propext]	0	[]
ZetaS.Cert.CheckerTestsV3	ZetaS.CertV2.neg_C19a_zeroPivot	A	[Classical.choice, Quot.sound, propext]	0	[]
ZetaS.Cert.CheckerTestsV3	ZetaS.CertV2.neg_box	A	[Classical.choice, Quot.sound, propext]	0	[]
ZetaS.Cert.CheckerTestsV3	ZetaS.CertV2.pos_C07b	A	[Classical.choice, Quot.sound, propext]	0	[]
ZetaS.Cert.CheckerTestsV3	ZetaS.CertV2.pos_C18	A	[Classical.choice, Quot.sound, propext]	0	[]
ZetaS.Cert.CheckerTestsV3	ZetaS.CertV2.pos_C19a	A	[Classical.choice, Quot.sound, propext]	0	[]
ZetaS.Cert.CheckerTestsV3	ZetaS.CertV2.psdLDL_unguarded_accepts	A	[Classical.choice, Quot.sound, propext]	0	[]
ZetaS.ChallengeZetaS	ZetaS.LocalWeights.mk.inj	A	[Classical.choice, Quot.sound, propext]	0	[]
ZetaS.ChallengeZetaS	ZetaS.LocalWeights.mk.injEq	A	[Classical.choice, Quot.sound, propext]	0	[]
ZetaS.ChallengeZetaS	ZetaS.LocalWeights.mk.sizeOf_spec	A	[Classical.choice, Quot.sound, propext]	0	[]
ZetaS.ChallengeZetaS	ZetaS.LocalWeights.two_le	A	[Classical.choice, Quot.sound, propext]	0	[]
ZetaS.ChallengeZetaS	ZetaS.LocalWeights.γ_nonneg	A	[Classical.choice, Quot.sound, propext]	0	[]
ZetaS.ChallengeZetaS	ZetaS.LocalWeights.γ_sum	A	[Classical.choice, Quot.sound, propext]	0	[]
ZetaS.ChallengeZetaS	ZetaS.LocalWeights.μ_nonneg	A	[Classical.choice, Quot.sound, propext]	0	[]
ZetaS.ChallengeZetaS	ZetaS.MarkWeights.mk.inj	A	[Classical.choice, Quot.sound, propext]	0	[]
ZetaS.ChallengeZetaS	ZetaS.MarkWeights.mk.injEq	A	[Classical.choice, Quot.sound, propext]	0	[]
ZetaS.ChallengeZetaS	ZetaS.MarkWeights.mk.sizeOf_spec	A	[Classical.choice, Quot.sound, propext]	0	[]
ZetaS.Interfaces	ZetaS.FrameFamily.N_nonneg	A	[Classical.choice, Quot.sound, propext]	0	[]
ZetaS.Interfaces	ZetaS.FrameFamily.N_tendsto	A	[Classical.choice, Quot.sound, propext]	0	[]
ZetaS.Interfaces	ZetaS.FrameFamily.defect	A	[Classical.choice, Quot.sound, propext]	0	[]
ZetaS.Interfaces	ZetaS.FrameFamily.dominate	A	[Classical.choice, Quot.sound, propext]	0	[]
ZetaS.Interfaces	ZetaS.FrameFamily.frob	A	[Classical.choice, Quot.sound, propext]	0	[]
ZetaS.Interfaces	ZetaS.FrameFamily.kernel	A	[Classical.choice, Quot.sound, propext]	0	[]
ZetaS.Interfaces	ZetaS.FrameFamily.mk.inj	A	[Classical.choice, Quot.sound, propext]	0	[]
ZetaS.Interfaces	ZetaS.FrameFamily.mk.injEq	A	[Classical.choice, Quot.sound, propext]	0	[]
ZetaS.Interfaces	ZetaS.FrameFamily.mk.sizeOf_spec	A	[Classical.choice, Quot.sound, propext]	0	[]
ZetaS.Interfaces	ZetaS.FrameFamily.span	A	[Classical.choice, Quot.sound, propext]	0	[]
ZetaS.Interfaces	ZetaS.FrameFamily.trace	A	[Classical.choice, Quot.sound, propext]	0	[]
ZetaS.Interfaces	ZetaS.FrameFamily.window	A	[Classical.choice, Quot.sound, propext]	0	[]
ZetaS.Interfaces	ZetaS.GramData.Etr_psd	A	[Classical.choice, Quot.sound, propext]	0	[]
ZetaS.Interfaces	ZetaS.GramData.P1_eq	A	[Classical.choice, Quot.sound, propext]	0	[]
ZetaS.Interfaces	ZetaS.GramData.P1_psd	A	[Classical.choice, Quot.sound, propext]	0	[]
ZetaS.Interfaces	ZetaS.GramData.Qp_herm	A	[Classical.choice, Quot.sound, propext]	0	[]
ZetaS.Interfaces	ZetaS.GramData.count	A	[Classical.choice, Quot.sound, propext]	0	[]
ZetaS.Interfaces	ZetaS.GramData.gram_eq	A	[Classical.choice, Quot.sound, propext]	0	[]
ZetaS.Interfaces	ZetaS.GramData.k_even	A	[Classical.choice, Quot.sound, propext]	0	[]
ZetaS.Interfaces	ZetaS.GramData.k_posDef	A	[Classical.choice, Quot.sound, propext]	0	[]
ZetaS.Interfaces	ZetaS.GramData.k_zero	A	[Classical.choice, Quot.sound, propext]	0	[]
ZetaS.Interfaces	ZetaS.GramData.mk.inj	A	[Classical.choice, Quot.sound, propext]	0	[]
ZetaS.Interfaces	ZetaS.GramData.mk.injEq	A	[Classical.choice, Quot.sound, propext]	0	[]
ZetaS.Interfaces	ZetaS.GramData.mk.sizeOf_spec	A	[Classical.choice, Quot.sound, propext]	0	[]
ZetaS.Interfaces	ZetaS.GramData.nplus_Qp	A	[Classical.choice, Quot.sound, propext]	0	[]
ZetaS.Interfaces	ZetaS.GramData.rank_P1	A	[Classical.choice, Quot.sound, propext]	0	[]
ZetaS.Interfaces	ZetaS.GramData.tr_P1	A	[Classical.choice, Quot.sound, propext]	0	[]
ZetaS.Interfaces	ZetaS.GramData.x_mono	A	[Classical.choice, Quot.sound, propext]	0	[]
ZetaS.Interfaces	ZetaS.GramData.x_span	A	[Classical.choice, Quot.sound, propext]	0	[]
ZetaS.Interfaces	ZetaS.GramData.Λ_nonneg	A	[Classical.choice, Quot.sound, propext]	0	[]
ZetaS.Interfaces	ZetaS.GramFamily.N_nonneg	A	[Classical.choice, Quot.sound, propext]	0	[]
ZetaS.Interfaces	ZetaS.GramFamily.N_tendsto	A	[Classical.choice, Quot.sound, propext]	0	[]
ZetaS.Interfaces	ZetaS.GramFamily.frob	A	[Classical.choice, Quot.sound, propext]	0	[]
ZetaS.Interfaces	ZetaS.GramFamily.kernel	A	[Classical.choice, Quot.sound, propext]	0	[]
ZetaS.Interfaces	ZetaS.GramFamily.mk.inj	A	[Classical.choice, Quot.sound, propext]	0	[]
ZetaS.Interfaces	ZetaS.GramFamily.mk.injEq	A	[Classical.choice, Quot.sound, propext]	0	[]
ZetaS.Interfaces	ZetaS.GramFamily.mk.sizeOf_spec	A	[Classical.choice, Quot.sound, propext]	0	[]
ZetaS.Interfaces	ZetaS.GramFamily.span	A	[Classical.choice, Quot.sound, propext]	0	[]
ZetaS.Interfaces	ZetaS.GramFamily.trace	A	[Classical.choice, Quot.sound, propext]	0	[]
ZetaS.Interfaces	ZetaS.GramFamily.trunc	A	[Classical.choice, Quot.sound, propext]	0	[]
ZetaS.Interfaces	ZetaS.GramFamily.window	A	[Classical.choice, Quot.sound, propext]	0	[]
ZetaS.Interfaces	ZetaS.ZeroFrame.Etr_psd	A	[Classical.choice, Quot.sound, propext]	0	[]
ZetaS.Interfaces	ZetaS.ZeroFrame.Noff_ge	A	[Classical.choice, Quot.sound, propext]	0	[]
ZetaS.Interfaces	ZetaS.ZeroFrame.Qoff_herm	A	[Classical.choice, Quot.sound, propext]	0	[]
ZetaS.Interfaces	ZetaS.ZeroFrame.gram_eq	A	[Classical.choice, Quot.sound, propext]	0	[]
ZetaS.Interfaces	ZetaS.ZeroFrame.k_even	A	[Classical.choice, Quot.sound, propext]	0	[]
ZetaS.Interfaces	ZetaS.ZeroFrame.k_posDef	A	[Classical.choice, Quot.sound, propext]	0	[]
ZetaS.Interfaces	ZetaS.ZeroFrame.k_zero	A	[Classical.choice, Quot.sound, propext]	0	[]
ZetaS.Interfaces	ZetaS.ZeroFrame.mk.inj	A	[Classical.choice, Quot.sound, propext]	0	[]
ZetaS.Interfaces	ZetaS.ZeroFrame.mk.injEq	A	[Classical.choice, Quot.sound, propext]	0	[]
ZetaS.Interfaces	ZetaS.ZeroFrame.mk.sizeOf_spec	A	[Classical.choice, Quot.sound, propext]	0	[]
ZetaS.Interfaces	ZetaS.ZeroFrame.nminus_off	A	[Classical.choice, Quot.sound, propext]	0	[]
ZetaS.Interfaces	ZetaS.ZeroFrame.nplus_off	A	[Classical.choice, Quot.sound, propext]	0	[]
ZetaS.Interfaces	ZetaS.ZeroFrame.one_le_m	A	[Classical.choice, Quot.sound, propext]	0	[]
ZetaS.Interfaces	ZetaS.ZeroFrame.p1_le	A	[Classical.choice, Quot.sound, propext]	0	[]
ZetaS.Interfaces	ZetaS.ZeroFrame.x_mono	A	[Classical.choice, Quot.sound, propext]	0	[]
ZetaS.Interfaces	ZetaS.ZeroFrame.x_span	A	[Classical.choice, Quot.sound, propext]	0	[]
ZetaS.Interfaces	ZetaS.ZeroFrame.Λ_nonneg	A	[Classical.choice, Quot.sound, propext]	0	[]
ZetaS.InterfacesV2	ZetaS.FrameFamilyL.lam_le_one	A	[Classical.choice, Quot.sound, propext]	0	[]
ZetaS.InterfacesV2	ZetaS.FrameFamilyL.lam_pos	A	[Classical.choice, Quot.sound, propext]	0	[]
ZetaS.InterfacesV2	ZetaS.FrameFamilyL.mk.inj	A	[Classical.choice, Quot.sound, propext]	0	[]
ZetaS.InterfacesV2	ZetaS.FrameFamilyL.mk.injEq	A	[Classical.choice, Quot.sound, propext]	0	[]
ZetaS.InterfacesV2	ZetaS.FrameFamilyL.mk.sizeOf_spec	A	[Classical.choice, Quot.sound, propext]	0	[]
ZetaS.InterfacesV2	ZetaS.FrameFamilyL.span_lam	A	[Classical.choice, Quot.sound, propext]	0	[]
ZetaS.InterfacesV2	ZetaS.GramFamilyL.lam_le_one	A	[Classical.choice, Quot.sound, propext]	0	[]
ZetaS.InterfacesV2	ZetaS.GramFamilyL.lam_pos	A	[Classical.choice, Quot.sound, propext]	0	[]
ZetaS.InterfacesV2	ZetaS.GramFamilyL.mk.inj	A	[Classical.choice, Quot.sound, propext]	0	[]
ZetaS.InterfacesV2	ZetaS.GramFamilyL.mk.injEq	A	[Classical.choice, Quot.sound, propext]	0	[]
ZetaS.InterfacesV2	ZetaS.GramFamilyL.mk.sizeOf_spec	A	[Classical.choice, Quot.sound, propext]	0	[]
ZetaS.InterfacesV2	ZetaS.GramFamilyL.span_lam	A	[Classical.choice, Quot.sound, propext]	0	[]
ZetaS.InterfacesV2	ZetaS.Hlam.eq_1	A	[Classical.choice, Quot.sound, propext]	0	[]
ZetaS.InterfacesV2	ZetaS.Hlam_one	A	[Classical.choice, Quot.sound, propext]	0	[]
ZetaS.InterfacesV2	ZetaS.Hpsi.eq_1	A	[Classical.choice, Quot.sound, propext]	0	[]
ZetaS.InterfacesV2	ZetaS.Jpsi.eq_1	A	[Classical.choice, Quot.sound, propext]	0	[]
ZetaS.InterfacesV2	ZetaS.Rlam.eq_1	A	[Classical.choice, Quot.sound, propext]	0	[]
ZetaS.InterfacesV2	ZetaS.Rlam_one	A	[Classical.choice, Quot.sound, propext]	0	[]
ZetaS.InterfacesV2	ZetaS.Rpsi.eq_1	A	[Classical.choice, Quot.sound, propext]	0	[]
ZetaS.KSide.K0_FrameToGram	ZetaS.K0aux.Cg_diag	A	[Classical.choice, Quot.sound, propext]	0	[]
ZetaS.KSide.K0_FrameToGram	ZetaS.K0aux.GN_psd	A	[Classical.choice, Quot.sound, propext]	0	[]
ZetaS.KSide.K0_FrameToGram	ZetaS.K0aux.Gt_split	A	[Classical.choice, Quot.sound, propext]	0	[]
ZetaS.KSide.K0_FrameToGram	ZetaS.K0aux.Ssim.eq_1	A	[Classical.choice, Quot.sound, propext]	0	[]
ZetaS.KSide.K0_FrameToGram	ZetaS.K0aux.Vs.eq_1	A	[Classical.choice, Quot.sound, propext]	0	[]
ZetaS.KSide.K0_FrameToGram	ZetaS.K0aux.Vs_mul	A	[Classical.choice, Quot.sound, propext]	0	[]
ZetaS.KSide.K0_FrameToGram	ZetaS.K0aux.eS.eq_1	A	[Classical.choice, Quot.sound, propext]	0	[]
ZetaS.KSide.K0_FrameToGram	ZetaS.K0aux.eS_simple	A	[Classical.choice, Quot.sound, propext]	0	[]
ZetaS.KSide.K0_FrameToGram	ZetaS.K0aux.rank_GN	A	[Classical.choice, Quot.sound, propext]	0	[]
ZetaS.KSide.K0_FrameToGram	ZetaS.K0aux.sum_eS	A	[Classical.choice, Quot.sound, propext]	0	[]
ZetaS.KSide.K0_FrameToGram	ZetaS.K0aux.w1.eq_1	A	[Classical.choice, Quot.sound, propext]	0	[]
ZetaS.KSide.K0_FrameToGram	ZetaS.K0aux.wN_nonneg	A	[Classical.choice, Quot.sound, propext]	0	[]
ZetaS.KSide.K0_FrameToGram	ZetaS.frame_to_gram	A	[Classical.choice, Quot.sound, propext]	0	[]
ZetaS.KSide.K0_FrameToGram	ZetaS.frame_to_gram_fix	A	[Classical.choice, Quot.sound, propext]	0	[]
ZetaS.KSide.K0_FrameToGramHEq	ZetaS.frame_to_gram_heq	A	[Classical.choice, Quot.sound, propext]	0	[]
ZetaS.KSide.K1_LocalToBlock	ZetaS.local_to_block	A	[Classical.choice, Quot.sound, propext]	0	[]
ZetaS.KSide.K2_Packing	ZetaS.K2aux.PhiM_nonneg	A	[Classical.choice, Quot.sound, propext]	0	[]
ZetaS.KSide.K2_Packing	ZetaS.K2aux.ext.eq_1	A	[Classical.choice, Quot.sound, propext]	0	[]
ZetaS.KSide.K2_Packing	ZetaS.K2aux.ext_lt	A	[Classical.choice, Quot.sound, propext]	0	[]
ZetaS.KSide.K2_Packing	ZetaS.K2aux.ext_strictMono	A	[Classical.choice, Quot.sound, propext]	0	[]
ZetaS.KSide.K2_Packing	ZetaS.packing	A	[Classical.choice, Quot.sound, propext]	0	[]
ZetaS.KSide.K2_Packing	ZetaS.packing_fix	A	[Classical.choice, Quot.sound, propext]	0	[]
ZetaS.KSide.K3_LocalCertTransfer	ZetaS.localCert_transfer	A	[Classical.choice, Quot.sound, propext]	0	[]
ZetaS.KSide.K4_StabFixedT	ZetaS.GramData.Gt.eq_1	A	[Classical.choice, Quot.sound, propext]	0	[]
ZetaS.KSide.K4_StabFixedT	ZetaS.stab_fixedT	A	[Classical.choice, Quot.sound, propext]	0	[]
ZetaS.KSide.K5_TransferMcirc	ZetaS.transfer_Mcirc	A	[Classical.choice, Quot.sound, propext]	0	[]
ZetaS.KSide.K6_ThmG	ZetaS.thmG_abstract	A	[Classical.choice, Quot.sound, propext]	0	[]
ZetaS.KSide.K6a_StabConstCont	ZetaS.K6aux.PhiM_continuous	A	[Classical.choice, Quot.sound, propext]	0	[]
ZetaS.KSide.K6a_StabConstCont	ZetaS.K6aux.PhiM_eq_max	A	[Classical.choice, Quot.sound, propext]	0	[]
ZetaS.KSide.K6a_StabConstCont	ZetaS.stabConst_continuousAt	A	[Classical.choice, Quot.sound, propext]	0	[]
ZetaS.KSide.K7_SCAbstract	ZetaS.sc_abstract	A	[Classical.choice, Quot.sound, propext]	0	[]
ZetaS.KSide.K7aux	ZetaS.K7aux.frobSq_reindex	A	[Classical.choice, Quot.sound, propext]	0	[]
ZetaS.KSide.K7aux	ZetaS.K7aux.gramOf_spec	A	[Classical.choice, Quot.sound, propext]	0	[]
ZetaS.KSide.K7aux	ZetaS.K7aux.gram_Etr	A	[Classical.choice, Quot.sound, propext]	0	[]
ZetaS.KSide.K7aux	ZetaS.K7aux.gram_Etr_nonneg	A	[Classical.choice, Quot.sound, propext]	0	[]
ZetaS.KSide.K7aux	ZetaS.K7aux.gram_Nw	A	[Classical.choice, Quot.sound, propext]	0	[]
ZetaS.KSide.K7aux	ZetaS.K7aux.gram_frob	A	[Classical.choice, Quot.sound, propext]	0	[]
ZetaS.KSide.K7aux	ZetaS.K7aux.gram_k	A	[Classical.choice, Quot.sound, propext]	0	[]
ZetaS.KSide.K7aux	ZetaS.K7aux.gram_tr	A	[Classical.choice, Quot.sound, propext]	0	[]
ZetaS.KSide.K7aux	ZetaS.K7aux.gram_Λ	A	[Classical.choice, Quot.sound, propext]	0	[]
ZetaS.KSide.K7aux	ZetaS.K7aux.psiST_convexOn	A	[Classical.choice, Quot.sound, propext]	0	[]
ZetaS.KSide.K7aux	ZetaS.K7aux.psiST_eq_tangent	A	[Classical.choice, Quot.sound, propext]	0	[]
ZetaS.KSide.K7aux	ZetaS.K7aux.psiST_nonneg	A	[Classical.choice, Quot.sound, propext]	0	[]
ZetaS.KSide.K7aux	ZetaS.K7aux.psiST_tangent_le	A	[Classical.choice, Quot.sound, propext]	0	[]
ZetaS.KSide.K7aux	ZetaS.K7aux.psi_le_psiST	A	[Classical.choice, Quot.sound, propext]	0	[]
ZetaS.KSide.K7aux	ZetaS.K7aux.rtrace_reindex	A	[Classical.choice, Quot.sound, propext]	0	[]
ZetaS.KSide.K7aux	ZetaS.K7aux.sc_height	A	[Classical.choice, Quot.sound, propext]	0	[]
ZetaS.KSide.K7aux	ZetaS.K7aux.t_ge	A	[Classical.choice, Quot.sound, propext]	0	[]
ZetaS.KSide.K7aux	ZetaS.K7aux.t_sq	A	[Classical.choice, Quot.sound, propext]	0	[]
ZetaS.KSide.KHelpers	ZetaS.KHelp.frobSq_eq_sum	A	[Classical.choice, Quot.sound, propext]	0	[]
ZetaS.KSide.KHelpers	ZetaS.KHelp.kernel_abs_le_one	A	[Classical.choice, Quot.sound, propext]	0	[]
ZetaS.KSide.KHelpers	ZetaS.KHelp.localCert_mono	A	[Classical.choice, Quot.sound, propext]	0	[]
ZetaS.KSide.KHelpers	ZetaS.KHelp.pinch_blocks	A	[Classical.choice, Quot.sound, propext]	0	[]
ZetaS.KSide.KHelpers	ZetaS.KHelp.psd_entry_sq_le	A	[Classical.choice, Quot.sound, propext]	0	[]
ZetaS.KSide.KHelpers	ZetaS.KHelp.psi_convexOn	A	[Classical.choice, Quot.sound, propext]	0	[]
ZetaS.KSide.KHelpers	ZetaS.KHelp.psi_eq_tangent	A	[Classical.choice, Quot.sound, propext]	0	[]
ZetaS.KSide.KHelpers	ZetaS.KHelp.psi_lipschitz	A	[Classical.choice, Quot.sound, propext]	0	[]
ZetaS.KSide.KHelpers	ZetaS.KHelp.psi_nonneg	A	[Classical.choice, Quot.sound, propext]	0	[]
ZetaS.KSide.KHelpers	ZetaS.KHelp.psi_tangent_le	A	[Classical.choice, Quot.sound, propext]	0	[]
ZetaS.KSide.KHelpers	ZetaS.KHelp.trFun_congr	A	[Classical.choice, Quot.sound, propext]	0	[]
ZetaS.KSide.KHelpers	ZetaS.KHelp.trFun_nonneg	A	[Classical.choice, Quot.sound, propext]	0	[]
ZetaS.KSide.KHelpers	ZetaS.KHelp.trFun_reindex	A	[Classical.choice, Quot.sound, propext]	0	[]
ZetaS.LinAlg.CountHelpers	ZetaS.eigenvalues₀_le_of_count	A	[Classical.choice, Quot.sound, propext]	0	[]
ZetaS.LinAlg.CountHelpers	ZetaS.finrank_le_posIndexAbove	A	[Classical.choice, Quot.sound, propext]	0	[]
ZetaS.LinAlg.CountHelpers	ZetaS.hermForm_fromBlocks	A	[Classical.choice, Quot.sound, propext]	0	[]
ZetaS.LinAlg.CountHelpers	ZetaS.hermForm_real	A	[Classical.choice, Quot.sound, propext]	0	[]
ZetaS.LinAlg.CountHelpers	ZetaS.hermForm_smul_one	A	[Classical.choice, Quot.sound, propext]	0	[]
ZetaS.LinAlg.CountHelpers	ZetaS.isHermitian_smul_one	A	[Classical.choice, Quot.sound, propext]	0	[]
ZetaS.LinAlg.CountHelpers	ZetaS.le_eigenvalues₀_of_count	A	[Classical.choice, Quot.sound, propext]	0	[]
ZetaS.LinAlg.CountHelpers	ZetaS.le_posIndexAbove_fromBlocks_smul	A	[Classical.choice, Quot.sound, propext]	0	[]
ZetaS.LinAlg.CountHelpers	ZetaS.posIndexAbove_fromBlocks_le	A	[Classical.choice, Quot.sound, propext]	0	[]
ZetaS.LinAlg.CountHelpers	ZetaS.posIndexAbove_mono_of_form	A	[Classical.choice, Quot.sound, propext]	0	[]
ZetaS.LinAlg.CountHelpers	ZetaS.posIndex_sub_smul_eq	A	[Classical.choice, Quot.sound, propext]	0	[]
ZetaS.LinAlg.CountHelpers	ZetaS.sum_norm_sq_real	A	[Classical.choice, Quot.sound, propext]	0	[]
ZetaS.LinAlg.CountHelpers	ZetaS.sum_norm_sq_sum	A	[Classical.choice, Quot.sound, propext]	0	[]
ZetaS.LinAlg.CountHelpers	ZetaS.weyl_mono_of_form	A	[Classical.choice, Quot.sound, propext]	0	[]
ZetaS.LinAlg.Helpers	ZetaS.psiST_le_min	A	[Classical.choice, Quot.sound, propext]	0	[]
ZetaS.LinAlg.Helpers	ZetaS.psiST_one_two	A	[Classical.choice, Quot.sound, propext]	0	[]
ZetaS.LinAlg.Helpers	ZetaS.psi_le_min	A	[Classical.choice, Quot.sound, propext]	0	[]
ZetaS.LinAlg.Helpers	ZetaS.stab_core	A	[Classical.choice, Quot.sound, propext]	0	[]
ZetaS.LinAlg.Helpers	ZetaS.stab_core_two	A	[Classical.choice, Quot.sound, propext]	0	[]
ZetaS.LinAlg.Helpers	ZetaS.sum_eig_transfer	A	[Classical.choice, Quot.sound, propext]	0	[]
ZetaS.LinAlg.L1_StabRankTrace	ZetaS.Psi.eq_1	A	[Classical.choice, Quot.sound, propext]	0	[]
ZetaS.LinAlg.L1_StabRankTrace	ZetaS.stab_rank_trace	A	[Classical.choice, Quot.sound, propext]	0	[]
ZetaS.LinAlg.L2_StabRankTraceTwo	ZetaS.stab_rank_trace_two	A	[Classical.choice, Quot.sound, propext]	0	[]
ZetaS.LinAlg.L3_PhiM	ZetaS.PhiM.eq_1	A	[Classical.choice, Quot.sound, propext]	0	[]
ZetaS.LinAlg.L3_PhiM	ZetaS.trPsi_ge_PhiM	A	[Classical.choice, Quot.sound, propext]	0	[]
ZetaS.LinAlg.L3b_PhiM_props	ZetaS.PhiM_ge_chord	A	[Classical.choice, Quot.sound, propext]	0	[]
ZetaS.LinAlg.L4_Pinching	ZetaS.trFun.eq_1	A	[Classical.choice, Quot.sound, propext]	0	[]
ZetaS.LinAlg.L4_Pinching	ZetaS.trFun_pinch	A	[Classical.choice, Quot.sound, propext]	0	[]
ZetaS.LinAlg.L5_PairRemoval	RHLinalg.hermNegPart.eq_1	A	[Classical.choice, Quot.sound, propext]	0	[]
ZetaS.LinAlg.L5_PairRemoval	RHLinalg.negIndex.congr_simp	A	[Classical.choice, Quot.sound, propext]	0	[]
ZetaS.LinAlg.L5_PairRemoval	ZetaS.pair_removal	A	[Classical.choice, Quot.sound, propext]	0	[]
ZetaS.LinAlg.L6_TraceLipschitz	ZetaS.trFun_sub_le_of_psd_le	A	[Classical.choice, Quot.sound, propext]	0	[]
ZetaS.LinAlg.L7_SchurLocalisation	ZetaS.schur_localisation	A	[Classical.choice, Quot.sound, propext]	0	[]
ZetaS.LinAlg.L8_NegIndexAdd	ZetaS.negIndex_add_le	A	[Classical.choice, Quot.sound, propext]	0	[]
ZetaS.LinAlg.PhiMHelpers	ZetaS.PhiM_eq	A	[Classical.choice, Quot.sound, propext]	0	[]
ZetaS.LinAlg.PhiMHelpers	ZetaS.sq_posPart_sub_le	A	[Classical.choice, Quot.sound, propext]	0	[]
ZetaS.LinAlg.SpecHelpers	ZetaS.card_filter_eq_of_map_eq	A	[Classical.choice, Quot.sound, propext]	0	[]
ZetaS.LinAlg.SpecHelpers	ZetaS.eigenvalues_map_eq_of_conj	A	[Classical.choice, Quot.sound, propext]	0	[]
ZetaS.LinAlg.SpecHelpers	ZetaS.negIndex_eq_posIndex_neg	A	[Classical.choice, Quot.sound, propext]	0	[]
ZetaS.LinAlg.SpecHelpers	ZetaS.posIndex_congr	A	[Classical.choice, Quot.sound, propext]	0	[]
ZetaS.Majorant.CertMajProof	ZetaS.MajSound.certMaj_of_NPos_NMaj2	A	[Classical.choice, Quot.sound, propext]	0	[]
ZetaS.Majorant.CertMajProof	ZetaS.MajSound.certMaj_proved	A	[Classical.choice, Quot.sound, propext]	0	[]
ZetaS.Majorant.CertMajV2	ZetaS.certMajV2_of_NPos_NMaj2	A	[Classical.choice, Quot.sound, propext]	0	[]
ZetaS.Majorant.CertMajV2	ZetaS.certMajV2_of_nodes	A	[Classical.choice, Quot.sound, propext]	0	[]
ZetaS.Majorant.CertMajV2	ZetaS.certMajV2_of_numerics	A	[Classical.choice, Quot.sound, propext]	0	[]
ZetaS.Majorant.CertMajV2Proof	ZetaS.MajSound.certMajV2_of_CNodes	A	[Classical.choice, Quot.sound, propext]	0	[]
ZetaS.Majorant.CertMajV2Proof	ZetaS.MajSound.certMajV2_proved	A	[Classical.choice, Quot.sound, propext]	0	[]
ZetaS.Majorant.CertMajV2Proof	ZetaS.MajSound.nmaj2_of_CNodes	A	[Classical.choice, Quot.sound, propext]	0	[]
ZetaS.Majorant.FP_FourierPair	ZetaS.MCert.fourier_tri	A	[Classical.choice, Quot.sound, propext]	0	[]
ZetaS.Majorant.FP_FourierPair	ZetaS.MCert.fp_holds	A	[Classical.choice, Quot.sound, propext]	0	[]
ZetaS.Majorant.FP_FourierPair	ZetaS.MCert.integral_one_sub_mul_cos	A	[Classical.choice, Quot.sound, propext]	0	[]
ZetaS.Majorant.FP_FourierPair	ZetaS.MCert.tri_continuous	A	[Classical.choice, Quot.sound, propext]	0	[]
ZetaS.Majorant.FP_FourierPair	ZetaS.MCert.tri_cos_transform	A	[Classical.choice, Quot.sound, propext]	0	[]
ZetaS.Majorant.FP_FourierPair	ZetaS.MCert.tri_hasCompactSupport	A	[Classical.choice, Quot.sound, propext]	0	[]
ZetaS.Majorant.FP_FourierPair	ZetaS.MCert.tri_integrable	A	[Classical.choice, Quot.sound, propext]	0	[]
ZetaS.Majorant.FP_FourierPair	ZetaS.MCert.tri_neg	A	[Classical.choice, Quot.sound, propext]	0	[]
ZetaS.Majorant.FP_FourierPair	ZetaS.MCert.tri_of_nonneg	A	[Classical.choice, Quot.sound, propext]	0	[]
ZetaS.Majorant.FP_FourierPair	ZetaS.MCert.tri_sin_transform	A	[Classical.choice, Quot.sound, propext]	0	[]
ZetaS.Majorant.MCert_Cells	ZetaS.MCert.M2_le	A	[Classical.choice, Quot.sound, propext]	0	[]
ZetaS.Majorant.MCert_Cells	ZetaS.MCert.NMaj_of_NMaj2	A	[Classical.choice, Quot.sound, propext]	0	[]
ZetaS.Majorant.MCert_Cells	ZetaS.MCert.NPos_of_cells	A	[Classical.choice, Quot.sound, propext]	0	[]
ZetaS.Majorant.MCert_Cells	ZetaS.MCert.Pmaj_cell	A	[Classical.choice, Quot.sound, propext]	0	[]
ZetaS.Majorant.MCert_Cells	ZetaS.MCert.abs_d2Pmaj_le	A	[Classical.choice, Quot.sound, propext]	0	[]
ZetaS.Majorant.MCert_Cells	ZetaS.MCert.beta.eq_1	A	[Classical.choice, Quot.sound, propext]	0	[]
ZetaS.Majorant.MCert_Cells	ZetaS.MCert.hasDerivAt_Pmaj	A	[Classical.choice, Quot.sound, propext]	0	[]
ZetaS.Majorant.MCert_Cells	ZetaS.MCert.hasDerivAt_arg	A	[Classical.choice, Quot.sound, propext]	0	[]
ZetaS.Majorant.MCert_Cells	ZetaS.MCert.hasDerivAt_dPmaj	A	[Classical.choice, Quot.sound, propext]	0	[]
ZetaS.Majorant.MCert_Cells	ZetaS.MCert.sigmaLow.eq_1	A	[Classical.choice, Quot.sound, propext]	0	[]
ZetaS.Majorant.MCert_Cells	ZetaS.MCert.sigmaLow_le_sinc	A	[Classical.choice, Quot.sound, propext]	0	[]
ZetaS.Majorant.MCert_Cells	ZetaS.MCert.sigmaLow_nonneg	A	[Classical.choice, Quot.sound, propext]	0	[]
ZetaS.Majorant.MCert_Majorant	ZetaS.MCert.BhatPL_at_zero	A	[Classical.choice, Quot.sound, propext]	0	[]
ZetaS.Majorant.MCert_Majorant	ZetaS.MCert.BhatPL_bound	A	[Classical.choice, Quot.sound, propext]	0	[]
ZetaS.Majorant.MCert_Majorant	ZetaS.MCert.BhatPL_zero_of_one_le	A	[Classical.choice, Quot.sound, propext]	0	[]
ZetaS.Majorant.MCert_Majorant	ZetaS.MCert.Bmaj.eq_1	A	[Classical.choice, Quot.sound, propext]	0	[]
ZetaS.Majorant.MCert_Majorant	ZetaS.MCert.Bmaj_integrable	A	[Classical.choice, Quot.sound, propext]	0	[]
ZetaS.Majorant.MCert_Majorant	ZetaS.MCert.Bmaj_neg	A	[Classical.choice, Quot.sound, propext]	0	[]
ZetaS.Majorant.MCert_Majorant	ZetaS.MCert.Bmaj_transform	A	[Classical.choice, Quot.sound, propext]	0	[]
ZetaS.Majorant.MCert_Majorant	ZetaS.MCert.Pmaj.eq_1	A	[Classical.choice, Quot.sound, propext]	0	[]
ZetaS.Majorant.MCert_Majorant	ZetaS.MCert.Pmaj_bound	A	[Classical.choice, Quot.sound, propext]	0	[]
ZetaS.Majorant.MCert_Majorant	ZetaS.MCert.Pmaj_continuous	A	[Classical.choice, Quot.sound, propext]	0	[]
ZetaS.Majorant.MCert_Majorant	ZetaS.MCert.Pmaj_neg	A	[Classical.choice, Quot.sound, propext]	0	[]
ZetaS.Majorant.MCert_Majorant	ZetaS.MCert.Pmaj_nonneg	A	[Classical.choice, Quot.sound, propext]	0	[]
ZetaS.Majorant.MCert_Majorant	ZetaS.MCert.Pmaj_periodic	A	[Classical.choice, Quot.sound, propext]	0	[]
ZetaS.Majorant.MCert_Majorant	ZetaS.MCert.betaQ.eq_1	A	[Classical.choice, Quot.sound, propext]	0	[]
ZetaS.Majorant.MCert_Majorant	ZetaS.MCert.betaQ.eq_10	A	[Classical.choice, Quot.sound, propext]	0	[]
ZetaS.Majorant.MCert_Majorant	ZetaS.MCert.betaQ.eq_11	A	[Classical.choice, Quot.sound, propext]	0	[]
ZetaS.Majorant.MCert_Majorant	ZetaS.MCert.betaQ.eq_12	A	[Classical.choice, Quot.sound, propext]	0	[]
ZetaS.Majorant.MCert_Majorant	ZetaS.MCert.betaQ.eq_13	A	[Classical.choice, Quot.sound, propext]	0	[]
ZetaS.Majorant.MCert_Majorant	ZetaS.MCert.betaQ.eq_14	A	[Classical.choice, Quot.sound, propext]	0	[]
ZetaS.Majorant.MCert_Majorant	ZetaS.MCert.betaQ.eq_15	A	[Classical.choice, Quot.sound, propext]	0	[]
ZetaS.Majorant.MCert_Majorant	ZetaS.MCert.betaQ.eq_16	A	[Classical.choice, Quot.sound, propext]	0	[]
ZetaS.Majorant.MCert_Majorant	ZetaS.MCert.betaQ.eq_17	A	[Classical.choice, Quot.sound, propext]	0	[]
ZetaS.Majorant.MCert_Majorant	ZetaS.MCert.betaQ.eq_18	A	[Classical.choice, Quot.sound, propext]	0	[]
ZetaS.Majorant.MCert_Majorant	ZetaS.MCert.betaQ.eq_19	A	[Classical.choice, Quot.sound, propext]	0	[]
ZetaS.Majorant.MCert_Majorant	ZetaS.MCert.betaQ.eq_2	A	[Classical.choice, Quot.sound, propext]	0	[]
ZetaS.Majorant.MCert_Majorant	ZetaS.MCert.betaQ.eq_20	A	[Classical.choice, Quot.sound, propext]	0	[]
ZetaS.Majorant.MCert_Majorant	ZetaS.MCert.betaQ.eq_21	A	[Classical.choice, Quot.sound, propext]	0	[]
ZetaS.Majorant.MCert_Majorant	ZetaS.MCert.betaQ.eq_22	A	[Classical.choice, Quot.sound, propext]	0	[]
ZetaS.Majorant.MCert_Majorant	ZetaS.MCert.betaQ.eq_23	A	[Classical.choice, Quot.sound, propext]	0	[]
ZetaS.Majorant.MCert_Majorant	ZetaS.MCert.betaQ.eq_24	A	[Classical.choice, Quot.sound, propext]	0	[]
ZetaS.Majorant.MCert_Majorant	ZetaS.MCert.betaQ.eq_25	A	[Classical.choice, Quot.sound, propext]	0	[]
ZetaS.Majorant.MCert_Majorant	ZetaS.MCert.betaQ.eq_26	A	[Classical.choice, Quot.sound, propext]	0	[]
ZetaS.Majorant.MCert_Majorant	ZetaS.MCert.betaQ.eq_27	A	[Classical.choice, Quot.sound, propext]	0	[]
ZetaS.Majorant.MCert_Majorant	ZetaS.MCert.betaQ.eq_28	A	[Classical.choice, Quot.sound, propext]	0	[]
ZetaS.Majorant.MCert_Majorant	ZetaS.MCert.betaQ.eq_29	A	[Classical.choice, Quot.sound, propext]	0	[]
ZetaS.Majorant.MCert_Majorant	ZetaS.MCert.betaQ.eq_3	A	[Classical.choice, Quot.sound, propext]	0	[]
ZetaS.Majorant.MCert_Majorant	ZetaS.MCert.betaQ.eq_30	A	[Classical.choice, Quot.sound, propext]	0	[]
ZetaS.Majorant.MCert_Majorant	ZetaS.MCert.betaQ.eq_31	A	[Classical.choice, Quot.sound, propext]	0	[]
ZetaS.Majorant.MCert_Majorant	ZetaS.MCert.betaQ.eq_32	A	[Classical.choice, Quot.sound, propext]	0	[]
ZetaS.Majorant.MCert_Majorant	ZetaS.MCert.betaQ.eq_33	A	[Classical.choice, Quot.sound, propext]	0	[]
ZetaS.Majorant.MCert_Majorant	ZetaS.MCert.betaQ.eq_34	A	[Classical.choice, Quot.sound, propext]	0	[]
ZetaS.Majorant.MCert_Majorant	ZetaS.MCert.betaQ.eq_35	A	[Classical.choice, Quot.sound, propext]	0	[]
ZetaS.Majorant.MCert_Majorant	ZetaS.MCert.betaQ.eq_36	A	[Classical.choice, Quot.sound, propext]	0	[]
ZetaS.Majorant.MCert_Majorant	ZetaS.MCert.betaQ.eq_37	A	[Classical.choice, Quot.sound, propext]	0	[]
ZetaS.Majorant.MCert_Majorant	ZetaS.MCert.betaQ.eq_38	A	[Classical.choice, Quot.sound, propext]	0	[]
ZetaS.Majorant.MCert_Majorant	ZetaS.MCert.betaQ.eq_39	A	[Classical.choice, Quot.sound, propext]	0	[]
ZetaS.Majorant.MCert_Majorant	ZetaS.MCert.betaQ.eq_4	A	[Classical.choice, Quot.sound, propext]	0	[]
ZetaS.Majorant.MCert_Majorant	ZetaS.MCert.betaQ.eq_40	A	[Classical.choice, Quot.sound, propext]	0	[]
ZetaS.Majorant.MCert_Majorant	ZetaS.MCert.betaQ.eq_41	A	[Classical.choice, Quot.sound, propext]	0	[]
ZetaS.Majorant.MCert_Majorant	ZetaS.MCert.betaQ.eq_42	A	[Classical.choice, Quot.sound, propext]	0	[]
ZetaS.Majorant.MCert_Majorant	ZetaS.MCert.betaQ.eq_43	A	[Classical.choice, Quot.sound, propext]	0	[]
ZetaS.Majorant.MCert_Majorant	ZetaS.MCert.betaQ.eq_44	A	[Classical.choice, Quot.sound, propext]	0	[]
ZetaS.Majorant.MCert_Majorant	ZetaS.MCert.betaQ.eq_45	A	[Classical.choice, Quot.sound, propext]	0	[]
ZetaS.Majorant.MCert_Majorant	ZetaS.MCert.betaQ.eq_46	A	[Classical.choice, Quot.sound, propext]	0	[]
ZetaS.Majorant.MCert_Majorant	ZetaS.MCert.betaQ.eq_47	A	[Classical.choice, Quot.sound, propext]	0	[]
ZetaS.Majorant.MCert_Majorant	ZetaS.MCert.betaQ.eq_48	A	[Classical.choice, Quot.sound, propext]	0	[]
ZetaS.Majorant.MCert_Majorant	ZetaS.MCert.betaQ.eq_49	A	[Classical.choice, Quot.sound, propext]	0	[]
ZetaS.Majorant.MCert_Majorant	ZetaS.MCert.betaQ.eq_5	A	[Classical.choice, Quot.sound, propext]	0	[]
ZetaS.Majorant.MCert_Majorant	ZetaS.MCert.betaQ.eq_50	A	[Classical.choice, Quot.sound, propext]	0	[]
ZetaS.Majorant.MCert_Majorant	ZetaS.MCert.betaQ.eq_51	A	[Classical.choice, Quot.sound, propext]	0	[]
ZetaS.Majorant.MCert_Majorant	ZetaS.MCert.betaQ.eq_52	A	[Classical.choice, Quot.sound, propext]	0	[]
ZetaS.Majorant.MCert_Majorant	ZetaS.MCert.betaQ.eq_53	A	[Classical.choice, Quot.sound, propext]	0	[]
ZetaS.Majorant.MCert_Majorant	ZetaS.MCert.betaQ.eq_54	A	[Classical.choice, Quot.sound, propext]	0	[]
ZetaS.Majorant.MCert_Majorant	ZetaS.MCert.betaQ.eq_55	A	[Classical.choice, Quot.sound, propext]	0	[]
ZetaS.Majorant.MCert_Majorant	ZetaS.MCert.betaQ.eq_56	A	[Classical.choice, Quot.sound, propext]	0	[]
ZetaS.Majorant.MCert_Majorant	ZetaS.MCert.betaQ.eq_57	A	[Classical.choice, Quot.sound, propext]	0	[]
ZetaS.Majorant.MCert_Majorant	ZetaS.MCert.betaQ.eq_58	A	[Classical.choice, Quot.sound, propext]	0	[]
ZetaS.Majorant.MCert_Majorant	ZetaS.MCert.betaQ.eq_59	A	[Classical.choice, Quot.sound, propext]	0	[]
ZetaS.Majorant.MCert_Majorant	ZetaS.MCert.betaQ.eq_6	A	[Classical.choice, Quot.sound, propext]	0	[]
ZetaS.Majorant.MCert_Majorant	ZetaS.MCert.betaQ.eq_60	A	[Classical.choice, Quot.sound, propext]	0	[]
ZetaS.Majorant.MCert_Majorant	ZetaS.MCert.betaQ.eq_61	A	[Classical.choice, Quot.sound, propext]	0	[]
ZetaS.Majorant.MCert_Majorant	ZetaS.MCert.betaQ.eq_7	A	[Classical.choice, Quot.sound, propext]	0	[]
ZetaS.Majorant.MCert_Majorant	ZetaS.MCert.betaQ.eq_8	A	[Classical.choice, Quot.sound, propext]	0	[]
ZetaS.Majorant.MCert_Majorant	ZetaS.MCert.betaQ.eq_9	A	[Classical.choice, Quot.sound, propext]	0	[]
ZetaS.Majorant.MCert_Majorant	ZetaS.MCert.beta_le_b52	A	[Classical.choice, Quot.sound, propext]	0	[]
ZetaS.Majorant.MCert_Majorant	ZetaS.MCert.final_rational	A	[Classical.choice, Quot.sound, propext]	0	[]
ZetaS.Majorant.MCert_Majorant	ZetaS.MCert.h_integrable	A	[Classical.choice, Quot.sound, propext]	0	[]
ZetaS.Majorant.MCert_Majorant	ZetaS.MCert.integral_psiCos16	A	[Classical.choice, Quot.sound, propext]	0	[]
ZetaS.Majorant.MCert_Majorant	ZetaS.MCert.scaled_pair	A	[Classical.choice, Quot.sound, propext]	0	[]
ZetaS.Majorant.MCert_Majorant	ZetaS.MCert.sinc_scaled_sq_integrable	A	[Classical.choice, Quot.sound, propext]	0	[]
ZetaS.Majorant.MCert_Majorant	ZetaS.MCert.sinc_sq_le	A	[Classical.choice, Quot.sound, propext]	0	[]
ZetaS.Majorant.MCert_Majorant	ZetaS.MCert.tri_eq_zero	A	[Classical.choice, Quot.sound, propext]	0	[]
ZetaS.Majorant.MCert_Majorant	ZetaS.MCert.tri_le_one	A	[Classical.choice, Quot.sound, propext]	0	[]
ZetaS.Majorant.MCert_Majorant	ZetaS.MCert.tri_nonneg	A	[Classical.choice, Quot.sound, propext]	0	[]
ZetaS.Majorant.MajCheck	ZetaS.MajCheck.chainOk_cons	A	[Classical.choice, Quot.sound, propext]	0	[]
ZetaS.Majorant.MajCheck	ZetaS.MajCheck.chainOk_single	A	[Classical.choice, Quot.sound, propext]	0	[]
ZetaS.Majorant.MajCheck	ZetaS.MajCheck.majChainOk_cons	A	[Classical.choice, Quot.sound, propext]	0	[]
ZetaS.Majorant.MajCheck	ZetaS.MajCheck.majChainOk_single	A	[Classical.choice, Quot.sound, propext]	0	[]
ZetaS.Majorant.MajSoundNMaj	ZetaS.MajSound.Zc_ge	A	[Classical.choice, Quot.sound, propext]	0	[]
ZetaS.Majorant.MajSoundNMaj	ZetaS.MajSound.absMax_pt_le	A	[Classical.choice, Quot.sound, propext]	0	[]
ZetaS.Majorant.MajSoundNMaj	ZetaS.MajSound.abs_Pmaj_le	A	[Classical.choice, Quot.sound, propext]	0	[]
ZetaS.Majorant.MajSoundNMaj	ZetaS.MajSound.abs_dPmaj_le	A	[Classical.choice, Quot.sound, propext]	0	[]
ZetaS.Majorant.MajSoundNMaj	ZetaS.MajSound.abs_gM2_le	A	[Classical.choice, Quot.sound, propext]	0	[]
ZetaS.Majorant.MajSoundNMaj	ZetaS.MajSound.abs_mul_le_of	A	[Classical.choice, Quot.sound, propext]	0	[]
ZetaS.Majorant.MajSoundNMaj	ZetaS.MajSound.gEncl_sound	A	[Classical.choice, Quot.sound, propext]	0	[]
ZetaS.Majorant.MajSoundNMaj	ZetaS.MajSound.gM_cell	A	[Classical.choice, Quot.sound, propext]	0	[]
ZetaS.Majorant.MajSoundNMaj	ZetaS.MajSound.hasDerivAt_gM	A	[Classical.choice, Quot.sound, propext]	0	[]
ZetaS.Majorant.MajSoundNMaj	ZetaS.MajSound.hasDerivAt_gM1	A	[Classical.choice, Quot.sound, propext]	0	[]
ZetaS.Majorant.MajSoundNMaj	ZetaS.MajSound.hasDerivAt_sg	A	[Classical.choice, Quot.sound, propext]	0	[]
ZetaS.Majorant.MajSoundNMaj	ZetaS.MajSound.hasDerivAt_sg1	A	[Classical.choice, Quot.sound, propext]	0	[]
ZetaS.Majorant.MajSoundNMaj	ZetaS.MajSound.hasDerivAt_xs	A	[Classical.choice, Quot.sound, propext]	0	[]
ZetaS.Majorant.MajSoundNMaj	ZetaS.MajSound.majChainOk_sound	A	[Classical.choice, Quot.sound, propext]	0	[]
ZetaS.Majorant.MajSoundNMaj	ZetaS.MajSound.majOk_sound	A	[Classical.choice, Quot.sound, propext]	0	[]
ZetaS.Majorant.MajSoundNMaj	ZetaS.MajSound.nmaj2_of_gM	A	[Classical.choice, Quot.sound, propext]	0	[]
ZetaS.Majorant.MajSoundNMaj	ZetaS.MajSound.pt_contains	A	[Classical.choice, Quot.sound, propext]	0	[]
ZetaS.Majorant.MajSoundNMaj	ZetaS.MajSound.taylor2_local	A	[Classical.choice, Quot.sound, propext]	0	[]
ZetaS.Majorant.MajSoundNMaj	ZetaS.MajSound.taylor2_right	A	[Classical.choice, Quot.sound, propext]	0	[]
ZetaS.Majorant.MajSoundNPos	ZetaS.MajCheck.acc.eq_1	A	[]	0	[]
ZetaS.Majorant.MajSoundNPos	ZetaS.MajCheck.acc.eq_2	A	[]	0	[]
ZetaS.Majorant.MajSoundNPos	ZetaS.MajCheck.acc.eq_def	A	[]	0	[]
ZetaS.Majorant.MajSoundNPos	ZetaS.MajCheck.rot.eq_1	A	[]	0	[]
ZetaS.Majorant.MajSoundNPos	ZetaS.MajSound.CNodes.cosT	A	[Classical.choice, Quot.sound, propext]	0	[]
ZetaS.Majorant.MajSoundNPos	ZetaS.MajSound.CNodes.sc	A	[Classical.choice, Quot.sound, propext]	0	[]
ZetaS.Majorant.MajSoundNPos	ZetaS.MajSound.CNodes.sinA	A	[Classical.choice, Quot.sound, propext]	0	[]
ZetaS.Majorant.MajSoundNPos	ZetaS.MajSound.CNodes.sinT	A	[Classical.choice, Quot.sound, propext]	0	[]
ZetaS.Majorant.MajSoundNPos	ZetaS.MajSound.Icc_sum	A	[Classical.choice, Quot.sound, propext]	0	[]
ZetaS.Majorant.MajSoundNPos	ZetaS.MajSound.Pmaj_cell3	A	[Classical.choice, Quot.sound, propext]	0	[]
ZetaS.Majorant.MajSoundNPos	ZetaS.MajSound.Pmaj_eq	A	[Classical.choice, Quot.sound, propext]	0	[]
ZetaS.Majorant.MajSoundNPos	ZetaS.MajSound.TK_eq	A	[propext]	0	[]
ZetaS.Majorant.MajSoundNPos	ZetaS.MajSound.abs_d3Pmaj_le	A	[Classical.choice, Quot.sound, propext]	0	[]
ZetaS.Majorant.MajSoundNPos	ZetaS.MajSound.acc_spec	A	[Classical.choice, Quot.sound, propext]	0	[]
ZetaS.Majorant.MajSoundNPos	ZetaS.MajSound.b0_eq	A	[Classical.choice, Quot.sound, propext]	0	[]
ZetaS.Majorant.MajSoundNPos	ZetaS.MajSound.cellCore_sound	A	[Classical.choice, Quot.sound, propext]	0	[]
ZetaS.Majorant.MajSoundNPos	ZetaS.MajSound.cellOk_sound	A	[Classical.choice, Quot.sound, propext]	0	[]
ZetaS.Majorant.MajSoundNPos	ZetaS.MajSound.chainOk_sound	A	[Classical.choice, Quot.sound, propext]	0	[]
ZetaS.Majorant.MajSoundNPos	ZetaS.MajSound.cnodes_of_statements	A	[Classical.choice, Quot.sound, propext]	0	[]
ZetaS.Majorant.MajSoundNPos	ZetaS.MajSound.d2Pmaj_eq	A	[Classical.choice, Quot.sound, propext]	0	[]
ZetaS.Majorant.MajSoundNPos	ZetaS.MajSound.dPmaj_eq	A	[Classical.choice, Quot.sound, propext]	0	[]
ZetaS.Majorant.MajSoundNPos	ZetaS.MajSound.err_bound	A	[Classical.choice, Quot.sound, propext]	0	[]
ZetaS.Majorant.MajSoundNPos	ZetaS.MajSound.ge_of_deriv_nonneg	A	[Classical.choice, Quot.sound, propext]	0	[]
ZetaS.Majorant.MajSoundNPos	ZetaS.MajSound.hasDerivAt_d2Pmaj	A	[Classical.choice, Quot.sound, propext]	0	[]
ZetaS.Majorant.MajSoundNPos	ZetaS.MajSound.qabs_eq	A	[Classical.choice, Quot.sound, propext]	0	[]
ZetaS.Majorant.MajSoundNPos	ZetaS.MajSound.rot_err	A	[Classical.choice, Quot.sound, propext]	0	[]
ZetaS.Majorant.MajSoundNPos	ZetaS.MajSound.round_err	A	[Classical.choice, Quot.sound, propext]	0	[]
ZetaS.Majorant.MajSoundNPos	ZetaS.MajSound.start_sound	A	[Classical.choice, Quot.sound, propext]	0	[]
ZetaS.Majorant.MajSoundNPos	ZetaS.MajSound.sum_err	A	[Classical.choice, Quot.sound, propext]	0	[]
ZetaS.Majorant.MajSoundNPos	ZetaS.MajSound.sums_sound	A	[Classical.choice, Quot.sound, propext]	0	[]
ZetaS.Majorant.MajSoundNPos	ZetaS.MajSound.taylor3	A	[Classical.choice, Quot.sound, propext]	0	[]
ZetaS.Majorant.MajSoundNPos	ZetaS.MajSound.taylor3_right	A	[Classical.choice, Quot.sound, propext]	0	[]
ZetaS.Majorant.MajSoundNPos	ZetaS.MajSound.toC.eq_1	A	[Classical.choice, Quot.sound, propext]	0	[]
ZetaS.Majorant.MajSoundNPos	ZetaS.MajSound.trip_length	A	[]	0	[]
ZetaS.Majorant.MajSoundNPos	ZetaS.MajSound.trip_real	A	[Classical.choice, Quot.sound, propext]	0	[]
ZetaS.Majorant.MajSoundNPos	ZetaS.MajSound.trip_spec	A	[Classical.choice, Quot.sound, propext]	0	[]
ZetaS.Majorant.MajSoundNPos	ZetaS.MajSound.ue.eq_1	A	[Classical.choice, Quot.sound, propext]	0	[]
ZetaS.Majorant.MajSoundNPos	ZetaS.MajSound.zs.eq_1	A	[]	0	[]
ZetaS.Majorant.NPosProof	ZetaS.MajSound.chain_range	A	[Classical.choice, Quot.sound, propext]	0	[]
ZetaS.Majorant.NPosProof	ZetaS.MajSound.cover_of_pairs	A	[Classical.choice, Quot.sound, propext]	0	[]
ZetaS.Majorant.NPosProof	ZetaS.MajSound.npos_of_CNodes	A	[Classical.choice, Quot.sound, propext]	0	[]
ZetaS.Majorant.NPosProof	ZetaS.MajSound.npos_proved	A	[Classical.choice, Quot.sound, propext]	0	[]
ZetaS.Majorant.Shards.NMajS0	ZetaS.MajCheck.NMajS0_c0	A	[Classical.choice, Quot.sound, propext]	0	[]
ZetaS.Majorant.Shards.NMajS0	ZetaS.MajCheck.NMajS0_c1	A	[Classical.choice, Quot.sound, propext]	0	[]
ZetaS.Majorant.Shards.NMajS0	ZetaS.MajCheck.NMajS0_c10	A	[Classical.choice, Quot.sound, propext]	0	[]
ZetaS.Majorant.Shards.NMajS0	ZetaS.MajCheck.NMajS0_c11	A	[Classical.choice, Quot.sound, propext]	0	[]
ZetaS.Majorant.Shards.NMajS0	ZetaS.MajCheck.NMajS0_c12	A	[Classical.choice, Quot.sound, propext]	0	[]
ZetaS.Majorant.Shards.NMajS0	ZetaS.MajCheck.NMajS0_c13	A	[Classical.choice, Quot.sound, propext]	0	[]
ZetaS.Majorant.Shards.NMajS0	ZetaS.MajCheck.NMajS0_c2	A	[Classical.choice, Quot.sound, propext]	0	[]
ZetaS.Majorant.Shards.NMajS0	ZetaS.MajCheck.NMajS0_c3	A	[Classical.choice, Quot.sound, propext]	0	[]
ZetaS.Majorant.Shards.NMajS0	ZetaS.MajCheck.NMajS0_c4	A	[Classical.choice, Quot.sound, propext]	0	[]
ZetaS.Majorant.Shards.NMajS0	ZetaS.MajCheck.NMajS0_c5	A	[Classical.choice, Quot.sound, propext]	0	[]
ZetaS.Majorant.Shards.NMajS0	ZetaS.MajCheck.NMajS0_c6	A	[Classical.choice, Quot.sound, propext]	0	[]
ZetaS.Majorant.Shards.NMajS0	ZetaS.MajCheck.NMajS0_c7	A	[Classical.choice, Quot.sound, propext]	0	[]
ZetaS.Majorant.Shards.NMajS0	ZetaS.MajCheck.NMajS0_c8	A	[Classical.choice, Quot.sound, propext]	0	[]
ZetaS.Majorant.Shards.NMajS0	ZetaS.MajCheck.NMajS0_c9	A	[Classical.choice, Quot.sound, propext]	0	[]
ZetaS.Majorant.Shards.NMajS0	ZetaS.MajCheck.NMajS0_ok	A	[Classical.choice, Quot.sound, propext]	0	[]
ZetaS.Majorant.Shards.NPosS0	ZetaS.MajCheck.NPosS0_c0	A	[Classical.choice, Quot.sound, propext]	0	[]
ZetaS.Majorant.Shards.NPosS0	ZetaS.MajCheck.NPosS0_c1	A	[Classical.choice, Quot.sound, propext]	0	[]
ZetaS.Majorant.Shards.NPosS0	ZetaS.MajCheck.NPosS0_c10	A	[Classical.choice, Quot.sound, propext]	0	[]
ZetaS.Majorant.Shards.NPosS0	ZetaS.MajCheck.NPosS0_c11	A	[Classical.choice, Quot.sound, propext]	0	[]
ZetaS.Majorant.Shards.NPosS0	ZetaS.MajCheck.NPosS0_c12	A	[Classical.choice, Quot.sound, propext]	0	[]
ZetaS.Majorant.Shards.NPosS0	ZetaS.MajCheck.NPosS0_c13	A	[Classical.choice, Quot.sound, propext]	0	[]
ZetaS.Majorant.Shards.NPosS0	ZetaS.MajCheck.NPosS0_c14	A	[Classical.choice, Quot.sound, propext]	0	[]
ZetaS.Majorant.Shards.NPosS0	ZetaS.MajCheck.NPosS0_c15	A	[Classical.choice, Quot.sound, propext]	0	[]
ZetaS.Majorant.Shards.NPosS0	ZetaS.MajCheck.NPosS0_c16	A	[Classical.choice, Quot.sound, propext]	0	[]
ZetaS.Majorant.Shards.NPosS0	ZetaS.MajCheck.NPosS0_c17	A	[Classical.choice, Quot.sound, propext]	0	[]
ZetaS.Majorant.Shards.NPosS0	ZetaS.MajCheck.NPosS0_c18	A	[Classical.choice, Quot.sound, propext]	0	[]
ZetaS.Majorant.Shards.NPosS0	ZetaS.MajCheck.NPosS0_c19	A	[Classical.choice, Quot.sound, propext]	0	[]
ZetaS.Majorant.Shards.NPosS0	ZetaS.MajCheck.NPosS0_c2	A	[Classical.choice, Quot.sound, propext]	0	[]
ZetaS.Majorant.Shards.NPosS0	ZetaS.MajCheck.NPosS0_c20	A	[Classical.choice, Quot.sound, propext]	0	[]
ZetaS.Majorant.Shards.NPosS0	ZetaS.MajCheck.NPosS0_c21	A	[Classical.choice, Quot.sound, propext]	0	[]
ZetaS.Majorant.Shards.NPosS0	ZetaS.MajCheck.NPosS0_c22	A	[Classical.choice, Quot.sound, propext]	0	[]
ZetaS.Majorant.Shards.NPosS0	ZetaS.MajCheck.NPosS0_c23	A	[Classical.choice, Quot.sound, propext]	0	[]
ZetaS.Majorant.Shards.NPosS0	ZetaS.MajCheck.NPosS0_c24	A	[Classical.choice, Quot.sound, propext]	0	[]
ZetaS.Majorant.Shards.NPosS0	ZetaS.MajCheck.NPosS0_c25	A	[Classical.choice, Quot.sound, propext]	0	[]
ZetaS.Majorant.Shards.NPosS0	ZetaS.MajCheck.NPosS0_c26	A	[Classical.choice, Quot.sound, propext]	0	[]
ZetaS.Majorant.Shards.NPosS0	ZetaS.MajCheck.NPosS0_c27	A	[Classical.choice, Quot.sound, propext]	0	[]
ZetaS.Majorant.Shards.NPosS0	ZetaS.MajCheck.NPosS0_c28	A	[Classical.choice, Quot.sound, propext]	0	[]
ZetaS.Majorant.Shards.NPosS0	ZetaS.MajCheck.NPosS0_c29	A	[Classical.choice, Quot.sound, propext]	0	[]
ZetaS.Majorant.Shards.NPosS0	ZetaS.MajCheck.NPosS0_c3	A	[Classical.choice, Quot.sound, propext]	0	[]
ZetaS.Majorant.Shards.NPosS0	ZetaS.MajCheck.NPosS0_c30	A	[Classical.choice, Quot.sound, propext]	0	[]
ZetaS.Majorant.Shards.NPosS0	ZetaS.MajCheck.NPosS0_c31	A	[Classical.choice, Quot.sound, propext]	0	[]
ZetaS.Majorant.Shards.NPosS0	ZetaS.MajCheck.NPosS0_c32	A	[Classical.choice, Quot.sound, propext]	0	[]
ZetaS.Majorant.Shards.NPosS0	ZetaS.MajCheck.NPosS0_c33	A	[Classical.choice, Quot.sound, propext]	0	[]
ZetaS.Majorant.Shards.NPosS0	ZetaS.MajCheck.NPosS0_c34	A	[Classical.choice, Quot.sound, propext]	0	[]
ZetaS.Majorant.Shards.NPosS0	ZetaS.MajCheck.NPosS0_c35	A	[Classical.choice, Quot.sound, propext]	0	[]
ZetaS.Majorant.Shards.NPosS0	ZetaS.MajCheck.NPosS0_c36	A	[Classical.choice, Quot.sound, propext]	0	[]
ZetaS.Majorant.Shards.NPosS0	ZetaS.MajCheck.NPosS0_c37	A	[Classical.choice, Quot.sound, propext]	0	[]
ZetaS.Majorant.Shards.NPosS0	ZetaS.MajCheck.NPosS0_c38	A	[Classical.choice, Quot.sound, propext]	0	[]
ZetaS.Majorant.Shards.NPosS0	ZetaS.MajCheck.NPosS0_c39	A	[Classical.choice, Quot.sound, propext]	0	[]
ZetaS.Majorant.Shards.NPosS0	ZetaS.MajCheck.NPosS0_c4	A	[Classical.choice, Quot.sound, propext]	0	[]
ZetaS.Majorant.Shards.NPosS0	ZetaS.MajCheck.NPosS0_c40	A	[Classical.choice, Quot.sound, propext]	0	[]
ZetaS.Majorant.Shards.NPosS0	ZetaS.MajCheck.NPosS0_c41	A	[Classical.choice, Quot.sound, propext]	0	[]
ZetaS.Majorant.Shards.NPosS0	ZetaS.MajCheck.NPosS0_c42	A	[Classical.choice, Quot.sound, propext]	0	[]
ZetaS.Majorant.Shards.NPosS0	ZetaS.MajCheck.NPosS0_c43	A	[Classical.choice, Quot.sound, propext]	0	[]
ZetaS.Majorant.Shards.NPosS0	ZetaS.MajCheck.NPosS0_c44	A	[Classical.choice, Quot.sound, propext]	0	[]
ZetaS.Majorant.Shards.NPosS0	ZetaS.MajCheck.NPosS0_c45	A	[Classical.choice, Quot.sound, propext]	0	[]
ZetaS.Majorant.Shards.NPosS0	ZetaS.MajCheck.NPosS0_c46	A	[Classical.choice, Quot.sound, propext]	0	[]
ZetaS.Majorant.Shards.NPosS0	ZetaS.MajCheck.NPosS0_c47	A	[Classical.choice, Quot.sound, propext]	0	[]
ZetaS.Majorant.Shards.NPosS0	ZetaS.MajCheck.NPosS0_c48	A	[Classical.choice, Quot.sound, propext]	0	[]
ZetaS.Majorant.Shards.NPosS0	ZetaS.MajCheck.NPosS0_c49	A	[Classical.choice, Quot.sound, propext]	0	[]
ZetaS.Majorant.Shards.NPosS0	ZetaS.MajCheck.NPosS0_c5	A	[Classical.choice, Quot.sound, propext]	0	[]
ZetaS.Majorant.Shards.NPosS0	ZetaS.MajCheck.NPosS0_c6	A	[Classical.choice, Quot.sound, propext]	0	[]
ZetaS.Majorant.Shards.NPosS0	ZetaS.MajCheck.NPosS0_c7	A	[Classical.choice, Quot.sound, propext]	0	[]
ZetaS.Majorant.Shards.NPosS0	ZetaS.MajCheck.NPosS0_c8	A	[Classical.choice, Quot.sound, propext]	0	[]
ZetaS.Majorant.Shards.NPosS0	ZetaS.MajCheck.NPosS0_c9	A	[Classical.choice, Quot.sound, propext]	0	[]
ZetaS.Majorant.Shards.NPosS0	ZetaS.MajCheck.NPosS0_ok	A	[Classical.choice, Quot.sound, propext]	0	[]
ZetaS.Majorant.Shards.NPosS1	ZetaS.MajCheck.NPosS1_c0	A	[Classical.choice, Quot.sound, propext]	0	[]
ZetaS.Majorant.Shards.NPosS1	ZetaS.MajCheck.NPosS1_c1	A	[Classical.choice, Quot.sound, propext]	0	[]
ZetaS.Majorant.Shards.NPosS1	ZetaS.MajCheck.NPosS1_c10	A	[Classical.choice, Quot.sound, propext]	0	[]
ZetaS.Majorant.Shards.NPosS1	ZetaS.MajCheck.NPosS1_c11	A	[Classical.choice, Quot.sound, propext]	0	[]
ZetaS.Majorant.Shards.NPosS1	ZetaS.MajCheck.NPosS1_c12	A	[Classical.choice, Quot.sound, propext]	0	[]
ZetaS.Majorant.Shards.NPosS1	ZetaS.MajCheck.NPosS1_c13	A	[Classical.choice, Quot.sound, propext]	0	[]
ZetaS.Majorant.Shards.NPosS1	ZetaS.MajCheck.NPosS1_c14	A	[Classical.choice, Quot.sound, propext]	0	[]
ZetaS.Majorant.Shards.NPosS1	ZetaS.MajCheck.NPosS1_c15	A	[Classical.choice, Quot.sound, propext]	0	[]
ZetaS.Majorant.Shards.NPosS1	ZetaS.MajCheck.NPosS1_c16	A	[Classical.choice, Quot.sound, propext]	0	[]
ZetaS.Majorant.Shards.NPosS1	ZetaS.MajCheck.NPosS1_c17	A	[Classical.choice, Quot.sound, propext]	0	[]
ZetaS.Majorant.Shards.NPosS1	ZetaS.MajCheck.NPosS1_c18	A	[Classical.choice, Quot.sound, propext]	0	[]
ZetaS.Majorant.Shards.NPosS1	ZetaS.MajCheck.NPosS1_c19	A	[Classical.choice, Quot.sound, propext]	0	[]
ZetaS.Majorant.Shards.NPosS1	ZetaS.MajCheck.NPosS1_c2	A	[Classical.choice, Quot.sound, propext]	0	[]
ZetaS.Majorant.Shards.NPosS1	ZetaS.MajCheck.NPosS1_c20	A	[Classical.choice, Quot.sound, propext]	0	[]
ZetaS.Majorant.Shards.NPosS1	ZetaS.MajCheck.NPosS1_c21	A	[Classical.choice, Quot.sound, propext]	0	[]
ZetaS.Majorant.Shards.NPosS1	ZetaS.MajCheck.NPosS1_c22	A	[Classical.choice, Quot.sound, propext]	0	[]
ZetaS.Majorant.Shards.NPosS1	ZetaS.MajCheck.NPosS1_c23	A	[Classical.choice, Quot.sound, propext]	0	[]
ZetaS.Majorant.Shards.NPosS1	ZetaS.MajCheck.NPosS1_c24	A	[Classical.choice, Quot.sound, propext]	0	[]
ZetaS.Majorant.Shards.NPosS1	ZetaS.MajCheck.NPosS1_c25	A	[Classical.choice, Quot.sound, propext]	0	[]
ZetaS.Majorant.Shards.NPosS1	ZetaS.MajCheck.NPosS1_c26	A	[Classical.choice, Quot.sound, propext]	0	[]
ZetaS.Majorant.Shards.NPosS1	ZetaS.MajCheck.NPosS1_c27	A	[Classical.choice, Quot.sound, propext]	0	[]
ZetaS.Majorant.Shards.NPosS1	ZetaS.MajCheck.NPosS1_c28	A	[Classical.choice, Quot.sound, propext]	0	[]
ZetaS.Majorant.Shards.NPosS1	ZetaS.MajCheck.NPosS1_c29	A	[Classical.choice, Quot.sound, propext]	0	[]
ZetaS.Majorant.Shards.NPosS1	ZetaS.MajCheck.NPosS1_c3	A	[Classical.choice, Quot.sound, propext]	0	[]
ZetaS.Majorant.Shards.NPosS1	ZetaS.MajCheck.NPosS1_c30	A	[Classical.choice, Quot.sound, propext]	0	[]
ZetaS.Majorant.Shards.NPosS1	ZetaS.MajCheck.NPosS1_c31	A	[Classical.choice, Quot.sound, propext]	0	[]
ZetaS.Majorant.Shards.NPosS1	ZetaS.MajCheck.NPosS1_c32	A	[Classical.choice, Quot.sound, propext]	0	[]
ZetaS.Majorant.Shards.NPosS1	ZetaS.MajCheck.NPosS1_c33	A	[Classical.choice, Quot.sound, propext]	0	[]
ZetaS.Majorant.Shards.NPosS1	ZetaS.MajCheck.NPosS1_c34	A	[Classical.choice, Quot.sound, propext]	0	[]
ZetaS.Majorant.Shards.NPosS1	ZetaS.MajCheck.NPosS1_c35	A	[Classical.choice, Quot.sound, propext]	0	[]
ZetaS.Majorant.Shards.NPosS1	ZetaS.MajCheck.NPosS1_c36	A	[Classical.choice, Quot.sound, propext]	0	[]
ZetaS.Majorant.Shards.NPosS1	ZetaS.MajCheck.NPosS1_c37	A	[Classical.choice, Quot.sound, propext]	0	[]
ZetaS.Majorant.Shards.NPosS1	ZetaS.MajCheck.NPosS1_c38	A	[Classical.choice, Quot.sound, propext]	0	[]
ZetaS.Majorant.Shards.NPosS1	ZetaS.MajCheck.NPosS1_c39	A	[Classical.choice, Quot.sound, propext]	0	[]
ZetaS.Majorant.Shards.NPosS1	ZetaS.MajCheck.NPosS1_c4	A	[Classical.choice, Quot.sound, propext]	0	[]
ZetaS.Majorant.Shards.NPosS1	ZetaS.MajCheck.NPosS1_c40	A	[Classical.choice, Quot.sound, propext]	0	[]
ZetaS.Majorant.Shards.NPosS1	ZetaS.MajCheck.NPosS1_c41	A	[Classical.choice, Quot.sound, propext]	0	[]
ZetaS.Majorant.Shards.NPosS1	ZetaS.MajCheck.NPosS1_c42	A	[Classical.choice, Quot.sound, propext]	0	[]
ZetaS.Majorant.Shards.NPosS1	ZetaS.MajCheck.NPosS1_c43	A	[Classical.choice, Quot.sound, propext]	0	[]
ZetaS.Majorant.Shards.NPosS1	ZetaS.MajCheck.NPosS1_c44	A	[Classical.choice, Quot.sound, propext]	0	[]
ZetaS.Majorant.Shards.NPosS1	ZetaS.MajCheck.NPosS1_c45	A	[Classical.choice, Quot.sound, propext]	0	[]
ZetaS.Majorant.Shards.NPosS1	ZetaS.MajCheck.NPosS1_c46	A	[Classical.choice, Quot.sound, propext]	0	[]
ZetaS.Majorant.Shards.NPosS1	ZetaS.MajCheck.NPosS1_c47	A	[Classical.choice, Quot.sound, propext]	0	[]
ZetaS.Majorant.Shards.NPosS1	ZetaS.MajCheck.NPosS1_c48	A	[Classical.choice, Quot.sound, propext]	0	[]
ZetaS.Majorant.Shards.NPosS1	ZetaS.MajCheck.NPosS1_c49	A	[Classical.choice, Quot.sound, propext]	0	[]
ZetaS.Majorant.Shards.NPosS1	ZetaS.MajCheck.NPosS1_c5	A	[Classical.choice, Quot.sound, propext]	0	[]
ZetaS.Majorant.Shards.NPosS1	ZetaS.MajCheck.NPosS1_c6	A	[Classical.choice, Quot.sound, propext]	0	[]
ZetaS.Majorant.Shards.NPosS1	ZetaS.MajCheck.NPosS1_c7	A	[Classical.choice, Quot.sound, propext]	0	[]
ZetaS.Majorant.Shards.NPosS1	ZetaS.MajCheck.NPosS1_c8	A	[Classical.choice, Quot.sound, propext]	0	[]
ZetaS.Majorant.Shards.NPosS1	ZetaS.MajCheck.NPosS1_c9	A	[Classical.choice, Quot.sound, propext]	0	[]
ZetaS.Majorant.Shards.NPosS1	ZetaS.MajCheck.NPosS1_ok	A	[Classical.choice, Quot.sound, propext]	0	[]
ZetaS.Majorant.Shards.NPosS10	ZetaS.MajCheck.NPosS10_c0	A	[Classical.choice, Quot.sound, propext]	0	[]
ZetaS.Majorant.Shards.NPosS10	ZetaS.MajCheck.NPosS10_c1	A	[Classical.choice, Quot.sound, propext]	0	[]
ZetaS.Majorant.Shards.NPosS10	ZetaS.MajCheck.NPosS10_c10	A	[Classical.choice, Quot.sound, propext]	0	[]
ZetaS.Majorant.Shards.NPosS10	ZetaS.MajCheck.NPosS10_c11	A	[Classical.choice, Quot.sound, propext]	0	[]
ZetaS.Majorant.Shards.NPosS10	ZetaS.MajCheck.NPosS10_c12	A	[Classical.choice, Quot.sound, propext]	0	[]
ZetaS.Majorant.Shards.NPosS10	ZetaS.MajCheck.NPosS10_c13	A	[Classical.choice, Quot.sound, propext]	0	[]
ZetaS.Majorant.Shards.NPosS10	ZetaS.MajCheck.NPosS10_c14	A	[Classical.choice, Quot.sound, propext]	0	[]
ZetaS.Majorant.Shards.NPosS10	ZetaS.MajCheck.NPosS10_c15	A	[Classical.choice, Quot.sound, propext]	0	[]
ZetaS.Majorant.Shards.NPosS10	ZetaS.MajCheck.NPosS10_c16	A	[Classical.choice, Quot.sound, propext]	0	[]
ZetaS.Majorant.Shards.NPosS10	ZetaS.MajCheck.NPosS10_c17	A	[Classical.choice, Quot.sound, propext]	0	[]
ZetaS.Majorant.Shards.NPosS10	ZetaS.MajCheck.NPosS10_c18	A	[Classical.choice, Quot.sound, propext]	0	[]
ZetaS.Majorant.Shards.NPosS10	ZetaS.MajCheck.NPosS10_c19	A	[Classical.choice, Quot.sound, propext]	0	[]
ZetaS.Majorant.Shards.NPosS10	ZetaS.MajCheck.NPosS10_c2	A	[Classical.choice, Quot.sound, propext]	0	[]
ZetaS.Majorant.Shards.NPosS10	ZetaS.MajCheck.NPosS10_c20	A	[Classical.choice, Quot.sound, propext]	0	[]
ZetaS.Majorant.Shards.NPosS10	ZetaS.MajCheck.NPosS10_c21	A	[Classical.choice, Quot.sound, propext]	0	[]
ZetaS.Majorant.Shards.NPosS10	ZetaS.MajCheck.NPosS10_c22	A	[Classical.choice, Quot.sound, propext]	0	[]
ZetaS.Majorant.Shards.NPosS10	ZetaS.MajCheck.NPosS10_c23	A	[Classical.choice, Quot.sound, propext]	0	[]
ZetaS.Majorant.Shards.NPosS10	ZetaS.MajCheck.NPosS10_c24	A	[Classical.choice, Quot.sound, propext]	0	[]
ZetaS.Majorant.Shards.NPosS10	ZetaS.MajCheck.NPosS10_c25	A	[Classical.choice, Quot.sound, propext]	0	[]
ZetaS.Majorant.Shards.NPosS10	ZetaS.MajCheck.NPosS10_c26	A	[Classical.choice, Quot.sound, propext]	0	[]
ZetaS.Majorant.Shards.NPosS10	ZetaS.MajCheck.NPosS10_c27	A	[Classical.choice, Quot.sound, propext]	0	[]
ZetaS.Majorant.Shards.NPosS10	ZetaS.MajCheck.NPosS10_c28	A	[Classical.choice, Quot.sound, propext]	0	[]
ZetaS.Majorant.Shards.NPosS10	ZetaS.MajCheck.NPosS10_c29	A	[Classical.choice, Quot.sound, propext]	0	[]
ZetaS.Majorant.Shards.NPosS10	ZetaS.MajCheck.NPosS10_c3	A	[Classical.choice, Quot.sound, propext]	0	[]
ZetaS.Majorant.Shards.NPosS10	ZetaS.MajCheck.NPosS10_c30	A	[Classical.choice, Quot.sound, propext]	0	[]
ZetaS.Majorant.Shards.NPosS10	ZetaS.MajCheck.NPosS10_c31	A	[Classical.choice, Quot.sound, propext]	0	[]
ZetaS.Majorant.Shards.NPosS10	ZetaS.MajCheck.NPosS10_c32	A	[Classical.choice, Quot.sound, propext]	0	[]
ZetaS.Majorant.Shards.NPosS10	ZetaS.MajCheck.NPosS10_c33	A	[Classical.choice, Quot.sound, propext]	0	[]
ZetaS.Majorant.Shards.NPosS10	ZetaS.MajCheck.NPosS10_c34	A	[Classical.choice, Quot.sound, propext]	0	[]
ZetaS.Majorant.Shards.NPosS10	ZetaS.MajCheck.NPosS10_c35	A	[Classical.choice, Quot.sound, propext]	0	[]
ZetaS.Majorant.Shards.NPosS10	ZetaS.MajCheck.NPosS10_c36	A	[Classical.choice, Quot.sound, propext]	0	[]
ZetaS.Majorant.Shards.NPosS10	ZetaS.MajCheck.NPosS10_c37	A	[Classical.choice, Quot.sound, propext]	0	[]
ZetaS.Majorant.Shards.NPosS10	ZetaS.MajCheck.NPosS10_c38	A	[Classical.choice, Quot.sound, propext]	0	[]
ZetaS.Majorant.Shards.NPosS10	ZetaS.MajCheck.NPosS10_c39	A	[Classical.choice, Quot.sound, propext]	0	[]
ZetaS.Majorant.Shards.NPosS10	ZetaS.MajCheck.NPosS10_c4	A	[Classical.choice, Quot.sound, propext]	0	[]
ZetaS.Majorant.Shards.NPosS10	ZetaS.MajCheck.NPosS10_c40	A	[Classical.choice, Quot.sound, propext]	0	[]
ZetaS.Majorant.Shards.NPosS10	ZetaS.MajCheck.NPosS10_c41	A	[Classical.choice, Quot.sound, propext]	0	[]
ZetaS.Majorant.Shards.NPosS10	ZetaS.MajCheck.NPosS10_c42	A	[Classical.choice, Quot.sound, propext]	0	[]
ZetaS.Majorant.Shards.NPosS10	ZetaS.MajCheck.NPosS10_c43	A	[Classical.choice, Quot.sound, propext]	0	[]
ZetaS.Majorant.Shards.NPosS10	ZetaS.MajCheck.NPosS10_c44	A	[Classical.choice, Quot.sound, propext]	0	[]
ZetaS.Majorant.Shards.NPosS10	ZetaS.MajCheck.NPosS10_c45	A	[Classical.choice, Quot.sound, propext]	0	[]
ZetaS.Majorant.Shards.NPosS10	ZetaS.MajCheck.NPosS10_c46	A	[Classical.choice, Quot.sound, propext]	0	[]
ZetaS.Majorant.Shards.NPosS10	ZetaS.MajCheck.NPosS10_c47	A	[Classical.choice, Quot.sound, propext]	0	[]
ZetaS.Majorant.Shards.NPosS10	ZetaS.MajCheck.NPosS10_c48	A	[Classical.choice, Quot.sound, propext]	0	[]
ZetaS.Majorant.Shards.NPosS10	ZetaS.MajCheck.NPosS10_c49	A	[Classical.choice, Quot.sound, propext]	0	[]
ZetaS.Majorant.Shards.NPosS10	ZetaS.MajCheck.NPosS10_c5	A	[Classical.choice, Quot.sound, propext]	0	[]
ZetaS.Majorant.Shards.NPosS10	ZetaS.MajCheck.NPosS10_c6	A	[Classical.choice, Quot.sound, propext]	0	[]
ZetaS.Majorant.Shards.NPosS10	ZetaS.MajCheck.NPosS10_c7	A	[Classical.choice, Quot.sound, propext]	0	[]
ZetaS.Majorant.Shards.NPosS10	ZetaS.MajCheck.NPosS10_c8	A	[Classical.choice, Quot.sound, propext]	0	[]
ZetaS.Majorant.Shards.NPosS10	ZetaS.MajCheck.NPosS10_c9	A	[Classical.choice, Quot.sound, propext]	0	[]
ZetaS.Majorant.Shards.NPosS10	ZetaS.MajCheck.NPosS10_ok	A	[Classical.choice, Quot.sound, propext]	0	[]
ZetaS.Majorant.Shards.NPosS11	ZetaS.MajCheck.NPosS11_c0	A	[Classical.choice, Quot.sound, propext]	0	[]
ZetaS.Majorant.Shards.NPosS11	ZetaS.MajCheck.NPosS11_c1	A	[Classical.choice, Quot.sound, propext]	0	[]
ZetaS.Majorant.Shards.NPosS11	ZetaS.MajCheck.NPosS11_c10	A	[Classical.choice, Quot.sound, propext]	0	[]
ZetaS.Majorant.Shards.NPosS11	ZetaS.MajCheck.NPosS11_c11	A	[Classical.choice, Quot.sound, propext]	0	[]
ZetaS.Majorant.Shards.NPosS11	ZetaS.MajCheck.NPosS11_c12	A	[Classical.choice, Quot.sound, propext]	0	[]
ZetaS.Majorant.Shards.NPosS11	ZetaS.MajCheck.NPosS11_c13	A	[Classical.choice, Quot.sound, propext]	0	[]
ZetaS.Majorant.Shards.NPosS11	ZetaS.MajCheck.NPosS11_c14	A	[Classical.choice, Quot.sound, propext]	0	[]
ZetaS.Majorant.Shards.NPosS11	ZetaS.MajCheck.NPosS11_c15	A	[Classical.choice, Quot.sound, propext]	0	[]
ZetaS.Majorant.Shards.NPosS11	ZetaS.MajCheck.NPosS11_c16	A	[Classical.choice, Quot.sound, propext]	0	[]
ZetaS.Majorant.Shards.NPosS11	ZetaS.MajCheck.NPosS11_c17	A	[Classical.choice, Quot.sound, propext]	0	[]
ZetaS.Majorant.Shards.NPosS11	ZetaS.MajCheck.NPosS11_c18	A	[Classical.choice, Quot.sound, propext]	0	[]
ZetaS.Majorant.Shards.NPosS11	ZetaS.MajCheck.NPosS11_c19	A	[Classical.choice, Quot.sound, propext]	0	[]
ZetaS.Majorant.Shards.NPosS11	ZetaS.MajCheck.NPosS11_c2	A	[Classical.choice, Quot.sound, propext]	0	[]
ZetaS.Majorant.Shards.NPosS11	ZetaS.MajCheck.NPosS11_c20	A	[Classical.choice, Quot.sound, propext]	0	[]
ZetaS.Majorant.Shards.NPosS11	ZetaS.MajCheck.NPosS11_c21	A	[Classical.choice, Quot.sound, propext]	0	[]
ZetaS.Majorant.Shards.NPosS11	ZetaS.MajCheck.NPosS11_c22	A	[Classical.choice, Quot.sound, propext]	0	[]
ZetaS.Majorant.Shards.NPosS11	ZetaS.MajCheck.NPosS11_c23	A	[Classical.choice, Quot.sound, propext]	0	[]
ZetaS.Majorant.Shards.NPosS11	ZetaS.MajCheck.NPosS11_c24	A	[Classical.choice, Quot.sound, propext]	0	[]
ZetaS.Majorant.Shards.NPosS11	ZetaS.MajCheck.NPosS11_c25	A	[Classical.choice, Quot.sound, propext]	0	[]
ZetaS.Majorant.Shards.NPosS11	ZetaS.MajCheck.NPosS11_c26	A	[Classical.choice, Quot.sound, propext]	0	[]
ZetaS.Majorant.Shards.NPosS11	ZetaS.MajCheck.NPosS11_c27	A	[Classical.choice, Quot.sound, propext]	0	[]
ZetaS.Majorant.Shards.NPosS11	ZetaS.MajCheck.NPosS11_c28	A	[Classical.choice, Quot.sound, propext]	0	[]
ZetaS.Majorant.Shards.NPosS11	ZetaS.MajCheck.NPosS11_c29	A	[Classical.choice, Quot.sound, propext]	0	[]
ZetaS.Majorant.Shards.NPosS11	ZetaS.MajCheck.NPosS11_c3	A	[Classical.choice, Quot.sound, propext]	0	[]
ZetaS.Majorant.Shards.NPosS11	ZetaS.MajCheck.NPosS11_c30	A	[Classical.choice, Quot.sound, propext]	0	[]
ZetaS.Majorant.Shards.NPosS11	ZetaS.MajCheck.NPosS11_c31	A	[Classical.choice, Quot.sound, propext]	0	[]
ZetaS.Majorant.Shards.NPosS11	ZetaS.MajCheck.NPosS11_c32	A	[Classical.choice, Quot.sound, propext]	0	[]
ZetaS.Majorant.Shards.NPosS11	ZetaS.MajCheck.NPosS11_c33	A	[Classical.choice, Quot.sound, propext]	0	[]
ZetaS.Majorant.Shards.NPosS11	ZetaS.MajCheck.NPosS11_c34	A	[Classical.choice, Quot.sound, propext]	0	[]
ZetaS.Majorant.Shards.NPosS11	ZetaS.MajCheck.NPosS11_c35	A	[Classical.choice, Quot.sound, propext]	0	[]
ZetaS.Majorant.Shards.NPosS11	ZetaS.MajCheck.NPosS11_c36	A	[Classical.choice, Quot.sound, propext]	0	[]
ZetaS.Majorant.Shards.NPosS11	ZetaS.MajCheck.NPosS11_c37	A	[Classical.choice, Quot.sound, propext]	0	[]
ZetaS.Majorant.Shards.NPosS11	ZetaS.MajCheck.NPosS11_c38	A	[Classical.choice, Quot.sound, propext]	0	[]
ZetaS.Majorant.Shards.NPosS11	ZetaS.MajCheck.NPosS11_c39	A	[Classical.choice, Quot.sound, propext]	0	[]
ZetaS.Majorant.Shards.NPosS11	ZetaS.MajCheck.NPosS11_c4	A	[Classical.choice, Quot.sound, propext]	0	[]
ZetaS.Majorant.Shards.NPosS11	ZetaS.MajCheck.NPosS11_c40	A	[Classical.choice, Quot.sound, propext]	0	[]
ZetaS.Majorant.Shards.NPosS11	ZetaS.MajCheck.NPosS11_c41	A	[Classical.choice, Quot.sound, propext]	0	[]
ZetaS.Majorant.Shards.NPosS11	ZetaS.MajCheck.NPosS11_c42	A	[Classical.choice, Quot.sound, propext]	0	[]
ZetaS.Majorant.Shards.NPosS11	ZetaS.MajCheck.NPosS11_c43	A	[Classical.choice, Quot.sound, propext]	0	[]
ZetaS.Majorant.Shards.NPosS11	ZetaS.MajCheck.NPosS11_c44	A	[Classical.choice, Quot.sound, propext]	0	[]
ZetaS.Majorant.Shards.NPosS11	ZetaS.MajCheck.NPosS11_c45	A	[Classical.choice, Quot.sound, propext]	0	[]
ZetaS.Majorant.Shards.NPosS11	ZetaS.MajCheck.NPosS11_c46	A	[Classical.choice, Quot.sound, propext]	0	[]
ZetaS.Majorant.Shards.NPosS11	ZetaS.MajCheck.NPosS11_c47	A	[Classical.choice, Quot.sound, propext]	0	[]
ZetaS.Majorant.Shards.NPosS11	ZetaS.MajCheck.NPosS11_c48	A	[Classical.choice, Quot.sound, propext]	0	[]
ZetaS.Majorant.Shards.NPosS11	ZetaS.MajCheck.NPosS11_c49	A	[Classical.choice, Quot.sound, propext]	0	[]
ZetaS.Majorant.Shards.NPosS11	ZetaS.MajCheck.NPosS11_c5	A	[Classical.choice, Quot.sound, propext]	0	[]
ZetaS.Majorant.Shards.NPosS11	ZetaS.MajCheck.NPosS11_c6	A	[Classical.choice, Quot.sound, propext]	0	[]
ZetaS.Majorant.Shards.NPosS11	ZetaS.MajCheck.NPosS11_c7	A	[Classical.choice, Quot.sound, propext]	0	[]
ZetaS.Majorant.Shards.NPosS11	ZetaS.MajCheck.NPosS11_c8	A	[Classical.choice, Quot.sound, propext]	0	[]
ZetaS.Majorant.Shards.NPosS11	ZetaS.MajCheck.NPosS11_c9	A	[Classical.choice, Quot.sound, propext]	0	[]
ZetaS.Majorant.Shards.NPosS11	ZetaS.MajCheck.NPosS11_ok	A	[Classical.choice, Quot.sound, propext]	0	[]
ZetaS.Majorant.Shards.NPosS2	ZetaS.MajCheck.NPosS2_c0	A	[Classical.choice, Quot.sound, propext]	0	[]
ZetaS.Majorant.Shards.NPosS2	ZetaS.MajCheck.NPosS2_c1	A	[Classical.choice, Quot.sound, propext]	0	[]
ZetaS.Majorant.Shards.NPosS2	ZetaS.MajCheck.NPosS2_c10	A	[Classical.choice, Quot.sound, propext]	0	[]
ZetaS.Majorant.Shards.NPosS2	ZetaS.MajCheck.NPosS2_c11	A	[Classical.choice, Quot.sound, propext]	0	[]
ZetaS.Majorant.Shards.NPosS2	ZetaS.MajCheck.NPosS2_c12	A	[Classical.choice, Quot.sound, propext]	0	[]
ZetaS.Majorant.Shards.NPosS2	ZetaS.MajCheck.NPosS2_c13	A	[Classical.choice, Quot.sound, propext]	0	[]
ZetaS.Majorant.Shards.NPosS2	ZetaS.MajCheck.NPosS2_c14	A	[Classical.choice, Quot.sound, propext]	0	[]
ZetaS.Majorant.Shards.NPosS2	ZetaS.MajCheck.NPosS2_c15	A	[Classical.choice, Quot.sound, propext]	0	[]
ZetaS.Majorant.Shards.NPosS2	ZetaS.MajCheck.NPosS2_c16	A	[Classical.choice, Quot.sound, propext]	0	[]
ZetaS.Majorant.Shards.NPosS2	ZetaS.MajCheck.NPosS2_c17	A	[Classical.choice, Quot.sound, propext]	0	[]
ZetaS.Majorant.Shards.NPosS2	ZetaS.MajCheck.NPosS2_c18	A	[Classical.choice, Quot.sound, propext]	0	[]
ZetaS.Majorant.Shards.NPosS2	ZetaS.MajCheck.NPosS2_c19	A	[Classical.choice, Quot.sound, propext]	0	[]
ZetaS.Majorant.Shards.NPosS2	ZetaS.MajCheck.NPosS2_c2	A	[Classical.choice, Quot.sound, propext]	0	[]
ZetaS.Majorant.Shards.NPosS2	ZetaS.MajCheck.NPosS2_c20	A	[Classical.choice, Quot.sound, propext]	0	[]
ZetaS.Majorant.Shards.NPosS2	ZetaS.MajCheck.NPosS2_c21	A	[Classical.choice, Quot.sound, propext]	0	[]
ZetaS.Majorant.Shards.NPosS2	ZetaS.MajCheck.NPosS2_c22	A	[Classical.choice, Quot.sound, propext]	0	[]
ZetaS.Majorant.Shards.NPosS2	ZetaS.MajCheck.NPosS2_c23	A	[Classical.choice, Quot.sound, propext]	0	[]
ZetaS.Majorant.Shards.NPosS2	ZetaS.MajCheck.NPosS2_c24	A	[Classical.choice, Quot.sound, propext]	0	[]
ZetaS.Majorant.Shards.NPosS2	ZetaS.MajCheck.NPosS2_c25	A	[Classical.choice, Quot.sound, propext]	0	[]
ZetaS.Majorant.Shards.NPosS2	ZetaS.MajCheck.NPosS2_c26	A	[Classical.choice, Quot.sound, propext]	0	[]
ZetaS.Majorant.Shards.NPosS2	ZetaS.MajCheck.NPosS2_c27	A	[Classical.choice, Quot.sound, propext]	0	[]
ZetaS.Majorant.Shards.NPosS2	ZetaS.MajCheck.NPosS2_c28	A	[Classical.choice, Quot.sound, propext]	0	[]
ZetaS.Majorant.Shards.NPosS2	ZetaS.MajCheck.NPosS2_c29	A	[Classical.choice, Quot.sound, propext]	0	[]
ZetaS.Majorant.Shards.NPosS2	ZetaS.MajCheck.NPosS2_c3	A	[Classical.choice, Quot.sound, propext]	0	[]
ZetaS.Majorant.Shards.NPosS2	ZetaS.MajCheck.NPosS2_c30	A	[Classical.choice, Quot.sound, propext]	0	[]
ZetaS.Majorant.Shards.NPosS2	ZetaS.MajCheck.NPosS2_c31	A	[Classical.choice, Quot.sound, propext]	0	[]
ZetaS.Majorant.Shards.NPosS2	ZetaS.MajCheck.NPosS2_c32	A	[Classical.choice, Quot.sound, propext]	0	[]
ZetaS.Majorant.Shards.NPosS2	ZetaS.MajCheck.NPosS2_c33	A	[Classical.choice, Quot.sound, propext]	0	[]
ZetaS.Majorant.Shards.NPosS2	ZetaS.MajCheck.NPosS2_c34	A	[Classical.choice, Quot.sound, propext]	0	[]
ZetaS.Majorant.Shards.NPosS2	ZetaS.MajCheck.NPosS2_c35	A	[Classical.choice, Quot.sound, propext]	0	[]
ZetaS.Majorant.Shards.NPosS2	ZetaS.MajCheck.NPosS2_c36	A	[Classical.choice, Quot.sound, propext]	0	[]
ZetaS.Majorant.Shards.NPosS2	ZetaS.MajCheck.NPosS2_c37	A	[Classical.choice, Quot.sound, propext]	0	[]
ZetaS.Majorant.Shards.NPosS2	ZetaS.MajCheck.NPosS2_c38	A	[Classical.choice, Quot.sound, propext]	0	[]
ZetaS.Majorant.Shards.NPosS2	ZetaS.MajCheck.NPosS2_c39	A	[Classical.choice, Quot.sound, propext]	0	[]
ZetaS.Majorant.Shards.NPosS2	ZetaS.MajCheck.NPosS2_c4	A	[Classical.choice, Quot.sound, propext]	0	[]
ZetaS.Majorant.Shards.NPosS2	ZetaS.MajCheck.NPosS2_c40	A	[Classical.choice, Quot.sound, propext]	0	[]
ZetaS.Majorant.Shards.NPosS2	ZetaS.MajCheck.NPosS2_c41	A	[Classical.choice, Quot.sound, propext]	0	[]
ZetaS.Majorant.Shards.NPosS2	ZetaS.MajCheck.NPosS2_c42	A	[Classical.choice, Quot.sound, propext]	0	[]
ZetaS.Majorant.Shards.NPosS2	ZetaS.MajCheck.NPosS2_c43	A	[Classical.choice, Quot.sound, propext]	0	[]
ZetaS.Majorant.Shards.NPosS2	ZetaS.MajCheck.NPosS2_c44	A	[Classical.choice, Quot.sound, propext]	0	[]
ZetaS.Majorant.Shards.NPosS2	ZetaS.MajCheck.NPosS2_c45	A	[Classical.choice, Quot.sound, propext]	0	[]
ZetaS.Majorant.Shards.NPosS2	ZetaS.MajCheck.NPosS2_c46	A	[Classical.choice, Quot.sound, propext]	0	[]
ZetaS.Majorant.Shards.NPosS2	ZetaS.MajCheck.NPosS2_c47	A	[Classical.choice, Quot.sound, propext]	0	[]
ZetaS.Majorant.Shards.NPosS2	ZetaS.MajCheck.NPosS2_c48	A	[Classical.choice, Quot.sound, propext]	0	[]
ZetaS.Majorant.Shards.NPosS2	ZetaS.MajCheck.NPosS2_c49	A	[Classical.choice, Quot.sound, propext]	0	[]
ZetaS.Majorant.Shards.NPosS2	ZetaS.MajCheck.NPosS2_c5	A	[Classical.choice, Quot.sound, propext]	0	[]
ZetaS.Majorant.Shards.NPosS2	ZetaS.MajCheck.NPosS2_c6	A	[Classical.choice, Quot.sound, propext]	0	[]
ZetaS.Majorant.Shards.NPosS2	ZetaS.MajCheck.NPosS2_c7	A	[Classical.choice, Quot.sound, propext]	0	[]
ZetaS.Majorant.Shards.NPosS2	ZetaS.MajCheck.NPosS2_c8	A	[Classical.choice, Quot.sound, propext]	0	[]
ZetaS.Majorant.Shards.NPosS2	ZetaS.MajCheck.NPosS2_c9	A	[Classical.choice, Quot.sound, propext]	0	[]
ZetaS.Majorant.Shards.NPosS2	ZetaS.MajCheck.NPosS2_ok	A	[Classical.choice, Quot.sound, propext]	0	[]
ZetaS.Majorant.Shards.NPosS3	ZetaS.MajCheck.NPosS3_c0	A	[Classical.choice, Quot.sound, propext]	0	[]
ZetaS.Majorant.Shards.NPosS3	ZetaS.MajCheck.NPosS3_c1	A	[Classical.choice, Quot.sound, propext]	0	[]
ZetaS.Majorant.Shards.NPosS3	ZetaS.MajCheck.NPosS3_c10	A	[Classical.choice, Quot.sound, propext]	0	[]
ZetaS.Majorant.Shards.NPosS3	ZetaS.MajCheck.NPosS3_c11	A	[Classical.choice, Quot.sound, propext]	0	[]
ZetaS.Majorant.Shards.NPosS3	ZetaS.MajCheck.NPosS3_c12	A	[Classical.choice, Quot.sound, propext]	0	[]
ZetaS.Majorant.Shards.NPosS3	ZetaS.MajCheck.NPosS3_c13	A	[Classical.choice, Quot.sound, propext]	0	[]
ZetaS.Majorant.Shards.NPosS3	ZetaS.MajCheck.NPosS3_c14	A	[Classical.choice, Quot.sound, propext]	0	[]
ZetaS.Majorant.Shards.NPosS3	ZetaS.MajCheck.NPosS3_c15	A	[Classical.choice, Quot.sound, propext]	0	[]
ZetaS.Majorant.Shards.NPosS3	ZetaS.MajCheck.NPosS3_c16	A	[Classical.choice, Quot.sound, propext]	0	[]
ZetaS.Majorant.Shards.NPosS3	ZetaS.MajCheck.NPosS3_c17	A	[Classical.choice, Quot.sound, propext]	0	[]
ZetaS.Majorant.Shards.NPosS3	ZetaS.MajCheck.NPosS3_c18	A	[Classical.choice, Quot.sound, propext]	0	[]
ZetaS.Majorant.Shards.NPosS3	ZetaS.MajCheck.NPosS3_c19	A	[Classical.choice, Quot.sound, propext]	0	[]
ZetaS.Majorant.Shards.NPosS3	ZetaS.MajCheck.NPosS3_c2	A	[Classical.choice, Quot.sound, propext]	0	[]
ZetaS.Majorant.Shards.NPosS3	ZetaS.MajCheck.NPosS3_c20	A	[Classical.choice, Quot.sound, propext]	0	[]
ZetaS.Majorant.Shards.NPosS3	ZetaS.MajCheck.NPosS3_c21	A	[Classical.choice, Quot.sound, propext]	0	[]
ZetaS.Majorant.Shards.NPosS3	ZetaS.MajCheck.NPosS3_c22	A	[Classical.choice, Quot.sound, propext]	0	[]
ZetaS.Majorant.Shards.NPosS3	ZetaS.MajCheck.NPosS3_c23	A	[Classical.choice, Quot.sound, propext]	0	[]
ZetaS.Majorant.Shards.NPosS3	ZetaS.MajCheck.NPosS3_c24	A	[Classical.choice, Quot.sound, propext]	0	[]
ZetaS.Majorant.Shards.NPosS3	ZetaS.MajCheck.NPosS3_c25	A	[Classical.choice, Quot.sound, propext]	0	[]
ZetaS.Majorant.Shards.NPosS3	ZetaS.MajCheck.NPosS3_c26	A	[Classical.choice, Quot.sound, propext]	0	[]
ZetaS.Majorant.Shards.NPosS3	ZetaS.MajCheck.NPosS3_c27	A	[Classical.choice, Quot.sound, propext]	0	[]
ZetaS.Majorant.Shards.NPosS3	ZetaS.MajCheck.NPosS3_c28	A	[Classical.choice, Quot.sound, propext]	0	[]
ZetaS.Majorant.Shards.NPosS3	ZetaS.MajCheck.NPosS3_c29	A	[Classical.choice, Quot.sound, propext]	0	[]
ZetaS.Majorant.Shards.NPosS3	ZetaS.MajCheck.NPosS3_c3	A	[Classical.choice, Quot.sound, propext]	0	[]
ZetaS.Majorant.Shards.NPosS3	ZetaS.MajCheck.NPosS3_c30	A	[Classical.choice, Quot.sound, propext]	0	[]
ZetaS.Majorant.Shards.NPosS3	ZetaS.MajCheck.NPosS3_c31	A	[Classical.choice, Quot.sound, propext]	0	[]
ZetaS.Majorant.Shards.NPosS3	ZetaS.MajCheck.NPosS3_c32	A	[Classical.choice, Quot.sound, propext]	0	[]
ZetaS.Majorant.Shards.NPosS3	ZetaS.MajCheck.NPosS3_c33	A	[Classical.choice, Quot.sound, propext]	0	[]
ZetaS.Majorant.Shards.NPosS3	ZetaS.MajCheck.NPosS3_c34	A	[Classical.choice, Quot.sound, propext]	0	[]
ZetaS.Majorant.Shards.NPosS3	ZetaS.MajCheck.NPosS3_c35	A	[Classical.choice, Quot.sound, propext]	0	[]
ZetaS.Majorant.Shards.NPosS3	ZetaS.MajCheck.NPosS3_c36	A	[Classical.choice, Quot.sound, propext]	0	[]
ZetaS.Majorant.Shards.NPosS3	ZetaS.MajCheck.NPosS3_c37	A	[Classical.choice, Quot.sound, propext]	0	[]
ZetaS.Majorant.Shards.NPosS3	ZetaS.MajCheck.NPosS3_c38	A	[Classical.choice, Quot.sound, propext]	0	[]
ZetaS.Majorant.Shards.NPosS3	ZetaS.MajCheck.NPosS3_c39	A	[Classical.choice, Quot.sound, propext]	0	[]
ZetaS.Majorant.Shards.NPosS3	ZetaS.MajCheck.NPosS3_c4	A	[Classical.choice, Quot.sound, propext]	0	[]
ZetaS.Majorant.Shards.NPosS3	ZetaS.MajCheck.NPosS3_c40	A	[Classical.choice, Quot.sound, propext]	0	[]
ZetaS.Majorant.Shards.NPosS3	ZetaS.MajCheck.NPosS3_c41	A	[Classical.choice, Quot.sound, propext]	0	[]
ZetaS.Majorant.Shards.NPosS3	ZetaS.MajCheck.NPosS3_c42	A	[Classical.choice, Quot.sound, propext]	0	[]
ZetaS.Majorant.Shards.NPosS3	ZetaS.MajCheck.NPosS3_c43	A	[Classical.choice, Quot.sound, propext]	0	[]
ZetaS.Majorant.Shards.NPosS3	ZetaS.MajCheck.NPosS3_c44	A	[Classical.choice, Quot.sound, propext]	0	[]
ZetaS.Majorant.Shards.NPosS3	ZetaS.MajCheck.NPosS3_c45	A	[Classical.choice, Quot.sound, propext]	0	[]
ZetaS.Majorant.Shards.NPosS3	ZetaS.MajCheck.NPosS3_c46	A	[Classical.choice, Quot.sound, propext]	0	[]
ZetaS.Majorant.Shards.NPosS3	ZetaS.MajCheck.NPosS3_c47	A	[Classical.choice, Quot.sound, propext]	0	[]
ZetaS.Majorant.Shards.NPosS3	ZetaS.MajCheck.NPosS3_c48	A	[Classical.choice, Quot.sound, propext]	0	[]
ZetaS.Majorant.Shards.NPosS3	ZetaS.MajCheck.NPosS3_c49	A	[Classical.choice, Quot.sound, propext]	0	[]
ZetaS.Majorant.Shards.NPosS3	ZetaS.MajCheck.NPosS3_c5	A	[Classical.choice, Quot.sound, propext]	0	[]
ZetaS.Majorant.Shards.NPosS3	ZetaS.MajCheck.NPosS3_c6	A	[Classical.choice, Quot.sound, propext]	0	[]
ZetaS.Majorant.Shards.NPosS3	ZetaS.MajCheck.NPosS3_c7	A	[Classical.choice, Quot.sound, propext]	0	[]
ZetaS.Majorant.Shards.NPosS3	ZetaS.MajCheck.NPosS3_c8	A	[Classical.choice, Quot.sound, propext]	0	[]
ZetaS.Majorant.Shards.NPosS3	ZetaS.MajCheck.NPosS3_c9	A	[Classical.choice, Quot.sound, propext]	0	[]
ZetaS.Majorant.Shards.NPosS3	ZetaS.MajCheck.NPosS3_ok	A	[Classical.choice, Quot.sound, propext]	0	[]
ZetaS.Majorant.Shards.NPosS4	ZetaS.MajCheck.NPosS4_c0	A	[Classical.choice, Quot.sound, propext]	0	[]
ZetaS.Majorant.Shards.NPosS4	ZetaS.MajCheck.NPosS4_c1	A	[Classical.choice, Quot.sound, propext]	0	[]
ZetaS.Majorant.Shards.NPosS4	ZetaS.MajCheck.NPosS4_c10	A	[Classical.choice, Quot.sound, propext]	0	[]
ZetaS.Majorant.Shards.NPosS4	ZetaS.MajCheck.NPosS4_c11	A	[Classical.choice, Quot.sound, propext]	0	[]
ZetaS.Majorant.Shards.NPosS4	ZetaS.MajCheck.NPosS4_c12	A	[Classical.choice, Quot.sound, propext]	0	[]
ZetaS.Majorant.Shards.NPosS4	ZetaS.MajCheck.NPosS4_c13	A	[Classical.choice, Quot.sound, propext]	0	[]
ZetaS.Majorant.Shards.NPosS4	ZetaS.MajCheck.NPosS4_c14	A	[Classical.choice, Quot.sound, propext]	0	[]
ZetaS.Majorant.Shards.NPosS4	ZetaS.MajCheck.NPosS4_c15	A	[Classical.choice, Quot.sound, propext]	0	[]
ZetaS.Majorant.Shards.NPosS4	ZetaS.MajCheck.NPosS4_c16	A	[Classical.choice, Quot.sound, propext]	0	[]
ZetaS.Majorant.Shards.NPosS4	ZetaS.MajCheck.NPosS4_c17	A	[Classical.choice, Quot.sound, propext]	0	[]
ZetaS.Majorant.Shards.NPosS4	ZetaS.MajCheck.NPosS4_c18	A	[Classical.choice, Quot.sound, propext]	0	[]
ZetaS.Majorant.Shards.NPosS4	ZetaS.MajCheck.NPosS4_c19	A	[Classical.choice, Quot.sound, propext]	0	[]
ZetaS.Majorant.Shards.NPosS4	ZetaS.MajCheck.NPosS4_c2	A	[Classical.choice, Quot.sound, propext]	0	[]
ZetaS.Majorant.Shards.NPosS4	ZetaS.MajCheck.NPosS4_c20	A	[Classical.choice, Quot.sound, propext]	0	[]
ZetaS.Majorant.Shards.NPosS4	ZetaS.MajCheck.NPosS4_c21	A	[Classical.choice, Quot.sound, propext]	0	[]
ZetaS.Majorant.Shards.NPosS4	ZetaS.MajCheck.NPosS4_c22	A	[Classical.choice, Quot.sound, propext]	0	[]
ZetaS.Majorant.Shards.NPosS4	ZetaS.MajCheck.NPosS4_c23	A	[Classical.choice, Quot.sound, propext]	0	[]
ZetaS.Majorant.Shards.NPosS4	ZetaS.MajCheck.NPosS4_c24	A	[Classical.choice, Quot.sound, propext]	0	[]
ZetaS.Majorant.Shards.NPosS4	ZetaS.MajCheck.NPosS4_c25	A	[Classical.choice, Quot.sound, propext]	0	[]
ZetaS.Majorant.Shards.NPosS4	ZetaS.MajCheck.NPosS4_c26	A	[Classical.choice, Quot.sound, propext]	0	[]
ZetaS.Majorant.Shards.NPosS4	ZetaS.MajCheck.NPosS4_c27	A	[Classical.choice, Quot.sound, propext]	0	[]
ZetaS.Majorant.Shards.NPosS4	ZetaS.MajCheck.NPosS4_c28	A	[Classical.choice, Quot.sound, propext]	0	[]
ZetaS.Majorant.Shards.NPosS4	ZetaS.MajCheck.NPosS4_c29	A	[Classical.choice, Quot.sound, propext]	0	[]
ZetaS.Majorant.Shards.NPosS4	ZetaS.MajCheck.NPosS4_c3	A	[Classical.choice, Quot.sound, propext]	0	[]
ZetaS.Majorant.Shards.NPosS4	ZetaS.MajCheck.NPosS4_c30	A	[Classical.choice, Quot.sound, propext]	0	[]
ZetaS.Majorant.Shards.NPosS4	ZetaS.MajCheck.NPosS4_c31	A	[Classical.choice, Quot.sound, propext]	0	[]
ZetaS.Majorant.Shards.NPosS4	ZetaS.MajCheck.NPosS4_c32	A	[Classical.choice, Quot.sound, propext]	0	[]
ZetaS.Majorant.Shards.NPosS4	ZetaS.MajCheck.NPosS4_c33	A	[Classical.choice, Quot.sound, propext]	0	[]
ZetaS.Majorant.Shards.NPosS4	ZetaS.MajCheck.NPosS4_c34	A	[Classical.choice, Quot.sound, propext]	0	[]
ZetaS.Majorant.Shards.NPosS4	ZetaS.MajCheck.NPosS4_c35	A	[Classical.choice, Quot.sound, propext]	0	[]
ZetaS.Majorant.Shards.NPosS4	ZetaS.MajCheck.NPosS4_c36	A	[Classical.choice, Quot.sound, propext]	0	[]
ZetaS.Majorant.Shards.NPosS4	ZetaS.MajCheck.NPosS4_c37	A	[Classical.choice, Quot.sound, propext]	0	[]
ZetaS.Majorant.Shards.NPosS4	ZetaS.MajCheck.NPosS4_c38	A	[Classical.choice, Quot.sound, propext]	0	[]
ZetaS.Majorant.Shards.NPosS4	ZetaS.MajCheck.NPosS4_c39	A	[Classical.choice, Quot.sound, propext]	0	[]
ZetaS.Majorant.Shards.NPosS4	ZetaS.MajCheck.NPosS4_c4	A	[Classical.choice, Quot.sound, propext]	0	[]
ZetaS.Majorant.Shards.NPosS4	ZetaS.MajCheck.NPosS4_c40	A	[Classical.choice, Quot.sound, propext]	0	[]
ZetaS.Majorant.Shards.NPosS4	ZetaS.MajCheck.NPosS4_c41	A	[Classical.choice, Quot.sound, propext]	0	[]
ZetaS.Majorant.Shards.NPosS4	ZetaS.MajCheck.NPosS4_c42	A	[Classical.choice, Quot.sound, propext]	0	[]
ZetaS.Majorant.Shards.NPosS4	ZetaS.MajCheck.NPosS4_c43	A	[Classical.choice, Quot.sound, propext]	0	[]
ZetaS.Majorant.Shards.NPosS4	ZetaS.MajCheck.NPosS4_c44	A	[Classical.choice, Quot.sound, propext]	0	[]
ZetaS.Majorant.Shards.NPosS4	ZetaS.MajCheck.NPosS4_c45	A	[Classical.choice, Quot.sound, propext]	0	[]
ZetaS.Majorant.Shards.NPosS4	ZetaS.MajCheck.NPosS4_c46	A	[Classical.choice, Quot.sound, propext]	0	[]
ZetaS.Majorant.Shards.NPosS4	ZetaS.MajCheck.NPosS4_c47	A	[Classical.choice, Quot.sound, propext]	0	[]
ZetaS.Majorant.Shards.NPosS4	ZetaS.MajCheck.NPosS4_c48	A	[Classical.choice, Quot.sound, propext]	0	[]
ZetaS.Majorant.Shards.NPosS4	ZetaS.MajCheck.NPosS4_c49	A	[Classical.choice, Quot.sound, propext]	0	[]
ZetaS.Majorant.Shards.NPosS4	ZetaS.MajCheck.NPosS4_c5	A	[Classical.choice, Quot.sound, propext]	0	[]
ZetaS.Majorant.Shards.NPosS4	ZetaS.MajCheck.NPosS4_c6	A	[Classical.choice, Quot.sound, propext]	0	[]
ZetaS.Majorant.Shards.NPosS4	ZetaS.MajCheck.NPosS4_c7	A	[Classical.choice, Quot.sound, propext]	0	[]
ZetaS.Majorant.Shards.NPosS4	ZetaS.MajCheck.NPosS4_c8	A	[Classical.choice, Quot.sound, propext]	0	[]
ZetaS.Majorant.Shards.NPosS4	ZetaS.MajCheck.NPosS4_c9	A	[Classical.choice, Quot.sound, propext]	0	[]
ZetaS.Majorant.Shards.NPosS4	ZetaS.MajCheck.NPosS4_ok	A	[Classical.choice, Quot.sound, propext]	0	[]
ZetaS.Majorant.Shards.NPosS5	ZetaS.MajCheck.NPosS5_c0	A	[Classical.choice, Quot.sound, propext]	0	[]
ZetaS.Majorant.Shards.NPosS5	ZetaS.MajCheck.NPosS5_c1	A	[Classical.choice, Quot.sound, propext]	0	[]
ZetaS.Majorant.Shards.NPosS5	ZetaS.MajCheck.NPosS5_c10	A	[Classical.choice, Quot.sound, propext]	0	[]
ZetaS.Majorant.Shards.NPosS5	ZetaS.MajCheck.NPosS5_c11	A	[Classical.choice, Quot.sound, propext]	0	[]
ZetaS.Majorant.Shards.NPosS5	ZetaS.MajCheck.NPosS5_c12	A	[Classical.choice, Quot.sound, propext]	0	[]
ZetaS.Majorant.Shards.NPosS5	ZetaS.MajCheck.NPosS5_c13	A	[Classical.choice, Quot.sound, propext]	0	[]
ZetaS.Majorant.Shards.NPosS5	ZetaS.MajCheck.NPosS5_c14	A	[Classical.choice, Quot.sound, propext]	0	[]
ZetaS.Majorant.Shards.NPosS5	ZetaS.MajCheck.NPosS5_c15	A	[Classical.choice, Quot.sound, propext]	0	[]
ZetaS.Majorant.Shards.NPosS5	ZetaS.MajCheck.NPosS5_c16	A	[Classical.choice, Quot.sound, propext]	0	[]
ZetaS.Majorant.Shards.NPosS5	ZetaS.MajCheck.NPosS5_c17	A	[Classical.choice, Quot.sound, propext]	0	[]
ZetaS.Majorant.Shards.NPosS5	ZetaS.MajCheck.NPosS5_c18	A	[Classical.choice, Quot.sound, propext]	0	[]
ZetaS.Majorant.Shards.NPosS5	ZetaS.MajCheck.NPosS5_c19	A	[Classical.choice, Quot.sound, propext]	0	[]
ZetaS.Majorant.Shards.NPosS5	ZetaS.MajCheck.NPosS5_c2	A	[Classical.choice, Quot.sound, propext]	0	[]
ZetaS.Majorant.Shards.NPosS5	ZetaS.MajCheck.NPosS5_c20	A	[Classical.choice, Quot.sound, propext]	0	[]
ZetaS.Majorant.Shards.NPosS5	ZetaS.MajCheck.NPosS5_c21	A	[Classical.choice, Quot.sound, propext]	0	[]
ZetaS.Majorant.Shards.NPosS5	ZetaS.MajCheck.NPosS5_c22	A	[Classical.choice, Quot.sound, propext]	0	[]
ZetaS.Majorant.Shards.NPosS5	ZetaS.MajCheck.NPosS5_c23	A	[Classical.choice, Quot.sound, propext]	0	[]
ZetaS.Majorant.Shards.NPosS5	ZetaS.MajCheck.NPosS5_c24	A	[Classical.choice, Quot.sound, propext]	0	[]
ZetaS.Majorant.Shards.NPosS5	ZetaS.MajCheck.NPosS5_c25	A	[Classical.choice, Quot.sound, propext]	0	[]
ZetaS.Majorant.Shards.NPosS5	ZetaS.MajCheck.NPosS5_c26	A	[Classical.choice, Quot.sound, propext]	0	[]
ZetaS.Majorant.Shards.NPosS5	ZetaS.MajCheck.NPosS5_c27	A	[Classical.choice, Quot.sound, propext]	0	[]
ZetaS.Majorant.Shards.NPosS5	ZetaS.MajCheck.NPosS5_c28	A	[Classical.choice, Quot.sound, propext]	0	[]
ZetaS.Majorant.Shards.NPosS5	ZetaS.MajCheck.NPosS5_c29	A	[Classical.choice, Quot.sound, propext]	0	[]
ZetaS.Majorant.Shards.NPosS5	ZetaS.MajCheck.NPosS5_c3	A	[Classical.choice, Quot.sound, propext]	0	[]
ZetaS.Majorant.Shards.NPosS5	ZetaS.MajCheck.NPosS5_c30	A	[Classical.choice, Quot.sound, propext]	0	[]
ZetaS.Majorant.Shards.NPosS5	ZetaS.MajCheck.NPosS5_c31	A	[Classical.choice, Quot.sound, propext]	0	[]
ZetaS.Majorant.Shards.NPosS5	ZetaS.MajCheck.NPosS5_c32	A	[Classical.choice, Quot.sound, propext]	0	[]
ZetaS.Majorant.Shards.NPosS5	ZetaS.MajCheck.NPosS5_c33	A	[Classical.choice, Quot.sound, propext]	0	[]
ZetaS.Majorant.Shards.NPosS5	ZetaS.MajCheck.NPosS5_c34	A	[Classical.choice, Quot.sound, propext]	0	[]
ZetaS.Majorant.Shards.NPosS5	ZetaS.MajCheck.NPosS5_c35	A	[Classical.choice, Quot.sound, propext]	0	[]
ZetaS.Majorant.Shards.NPosS5	ZetaS.MajCheck.NPosS5_c36	A	[Classical.choice, Quot.sound, propext]	0	[]
ZetaS.Majorant.Shards.NPosS5	ZetaS.MajCheck.NPosS5_c37	A	[Classical.choice, Quot.sound, propext]	0	[]
ZetaS.Majorant.Shards.NPosS5	ZetaS.MajCheck.NPosS5_c38	A	[Classical.choice, Quot.sound, propext]	0	[]
ZetaS.Majorant.Shards.NPosS5	ZetaS.MajCheck.NPosS5_c39	A	[Classical.choice, Quot.sound, propext]	0	[]
ZetaS.Majorant.Shards.NPosS5	ZetaS.MajCheck.NPosS5_c4	A	[Classical.choice, Quot.sound, propext]	0	[]
ZetaS.Majorant.Shards.NPosS5	ZetaS.MajCheck.NPosS5_c40	A	[Classical.choice, Quot.sound, propext]	0	[]
ZetaS.Majorant.Shards.NPosS5	ZetaS.MajCheck.NPosS5_c41	A	[Classical.choice, Quot.sound, propext]	0	[]
ZetaS.Majorant.Shards.NPosS5	ZetaS.MajCheck.NPosS5_c42	A	[Classical.choice, Quot.sound, propext]	0	[]
ZetaS.Majorant.Shards.NPosS5	ZetaS.MajCheck.NPosS5_c43	A	[Classical.choice, Quot.sound, propext]	0	[]
ZetaS.Majorant.Shards.NPosS5	ZetaS.MajCheck.NPosS5_c44	A	[Classical.choice, Quot.sound, propext]	0	[]
ZetaS.Majorant.Shards.NPosS5	ZetaS.MajCheck.NPosS5_c45	A	[Classical.choice, Quot.sound, propext]	0	[]
ZetaS.Majorant.Shards.NPosS5	ZetaS.MajCheck.NPosS5_c46	A	[Classical.choice, Quot.sound, propext]	0	[]
ZetaS.Majorant.Shards.NPosS5	ZetaS.MajCheck.NPosS5_c47	A	[Classical.choice, Quot.sound, propext]	0	[]
ZetaS.Majorant.Shards.NPosS5	ZetaS.MajCheck.NPosS5_c48	A	[Classical.choice, Quot.sound, propext]	0	[]
ZetaS.Majorant.Shards.NPosS5	ZetaS.MajCheck.NPosS5_c49	A	[Classical.choice, Quot.sound, propext]	0	[]
ZetaS.Majorant.Shards.NPosS5	ZetaS.MajCheck.NPosS5_c5	A	[Classical.choice, Quot.sound, propext]	0	[]
ZetaS.Majorant.Shards.NPosS5	ZetaS.MajCheck.NPosS5_c6	A	[Classical.choice, Quot.sound, propext]	0	[]
ZetaS.Majorant.Shards.NPosS5	ZetaS.MajCheck.NPosS5_c7	A	[Classical.choice, Quot.sound, propext]	0	[]
ZetaS.Majorant.Shards.NPosS5	ZetaS.MajCheck.NPosS5_c8	A	[Classical.choice, Quot.sound, propext]	0	[]
ZetaS.Majorant.Shards.NPosS5	ZetaS.MajCheck.NPosS5_c9	A	[Classical.choice, Quot.sound, propext]	0	[]
ZetaS.Majorant.Shards.NPosS5	ZetaS.MajCheck.NPosS5_ok	A	[Classical.choice, Quot.sound, propext]	0	[]
ZetaS.Majorant.Shards.NPosS6	ZetaS.MajCheck.NPosS6_c0	A	[Classical.choice, Quot.sound, propext]	0	[]
ZetaS.Majorant.Shards.NPosS6	ZetaS.MajCheck.NPosS6_c1	A	[Classical.choice, Quot.sound, propext]	0	[]
ZetaS.Majorant.Shards.NPosS6	ZetaS.MajCheck.NPosS6_c10	A	[Classical.choice, Quot.sound, propext]	0	[]
ZetaS.Majorant.Shards.NPosS6	ZetaS.MajCheck.NPosS6_c11	A	[Classical.choice, Quot.sound, propext]	0	[]
ZetaS.Majorant.Shards.NPosS6	ZetaS.MajCheck.NPosS6_c12	A	[Classical.choice, Quot.sound, propext]	0	[]
ZetaS.Majorant.Shards.NPosS6	ZetaS.MajCheck.NPosS6_c13	A	[Classical.choice, Quot.sound, propext]	0	[]
ZetaS.Majorant.Shards.NPosS6	ZetaS.MajCheck.NPosS6_c14	A	[Classical.choice, Quot.sound, propext]	0	[]
ZetaS.Majorant.Shards.NPosS6	ZetaS.MajCheck.NPosS6_c15	A	[Classical.choice, Quot.sound, propext]	0	[]
ZetaS.Majorant.Shards.NPosS6	ZetaS.MajCheck.NPosS6_c16	A	[Classical.choice, Quot.sound, propext]	0	[]
ZetaS.Majorant.Shards.NPosS6	ZetaS.MajCheck.NPosS6_c17	A	[Classical.choice, Quot.sound, propext]	0	[]
ZetaS.Majorant.Shards.NPosS6	ZetaS.MajCheck.NPosS6_c18	A	[Classical.choice, Quot.sound, propext]	0	[]
ZetaS.Majorant.Shards.NPosS6	ZetaS.MajCheck.NPosS6_c19	A	[Classical.choice, Quot.sound, propext]	0	[]
ZetaS.Majorant.Shards.NPosS6	ZetaS.MajCheck.NPosS6_c2	A	[Classical.choice, Quot.sound, propext]	0	[]
ZetaS.Majorant.Shards.NPosS6	ZetaS.MajCheck.NPosS6_c20	A	[Classical.choice, Quot.sound, propext]	0	[]
ZetaS.Majorant.Shards.NPosS6	ZetaS.MajCheck.NPosS6_c21	A	[Classical.choice, Quot.sound, propext]	0	[]
ZetaS.Majorant.Shards.NPosS6	ZetaS.MajCheck.NPosS6_c22	A	[Classical.choice, Quot.sound, propext]	0	[]
ZetaS.Majorant.Shards.NPosS6	ZetaS.MajCheck.NPosS6_c23	A	[Classical.choice, Quot.sound, propext]	0	[]
ZetaS.Majorant.Shards.NPosS6	ZetaS.MajCheck.NPosS6_c24	A	[Classical.choice, Quot.sound, propext]	0	[]
ZetaS.Majorant.Shards.NPosS6	ZetaS.MajCheck.NPosS6_c25	A	[Classical.choice, Quot.sound, propext]	0	[]
ZetaS.Majorant.Shards.NPosS6	ZetaS.MajCheck.NPosS6_c26	A	[Classical.choice, Quot.sound, propext]	0	[]
ZetaS.Majorant.Shards.NPosS6	ZetaS.MajCheck.NPosS6_c27	A	[Classical.choice, Quot.sound, propext]	0	[]
ZetaS.Majorant.Shards.NPosS6	ZetaS.MajCheck.NPosS6_c28	A	[Classical.choice, Quot.sound, propext]	0	[]
ZetaS.Majorant.Shards.NPosS6	ZetaS.MajCheck.NPosS6_c29	A	[Classical.choice, Quot.sound, propext]	0	[]
ZetaS.Majorant.Shards.NPosS6	ZetaS.MajCheck.NPosS6_c3	A	[Classical.choice, Quot.sound, propext]	0	[]
ZetaS.Majorant.Shards.NPosS6	ZetaS.MajCheck.NPosS6_c30	A	[Classical.choice, Quot.sound, propext]	0	[]
ZetaS.Majorant.Shards.NPosS6	ZetaS.MajCheck.NPosS6_c31	A	[Classical.choice, Quot.sound, propext]	0	[]
ZetaS.Majorant.Shards.NPosS6	ZetaS.MajCheck.NPosS6_c32	A	[Classical.choice, Quot.sound, propext]	0	[]
ZetaS.Majorant.Shards.NPosS6	ZetaS.MajCheck.NPosS6_c33	A	[Classical.choice, Quot.sound, propext]	0	[]
ZetaS.Majorant.Shards.NPosS6	ZetaS.MajCheck.NPosS6_c34	A	[Classical.choice, Quot.sound, propext]	0	[]
ZetaS.Majorant.Shards.NPosS6	ZetaS.MajCheck.NPosS6_c35	A	[Classical.choice, Quot.sound, propext]	0	[]
ZetaS.Majorant.Shards.NPosS6	ZetaS.MajCheck.NPosS6_c36	A	[Classical.choice, Quot.sound, propext]	0	[]
ZetaS.Majorant.Shards.NPosS6	ZetaS.MajCheck.NPosS6_c37	A	[Classical.choice, Quot.sound, propext]	0	[]
ZetaS.Majorant.Shards.NPosS6	ZetaS.MajCheck.NPosS6_c38	A	[Classical.choice, Quot.sound, propext]	0	[]
ZetaS.Majorant.Shards.NPosS6	ZetaS.MajCheck.NPosS6_c39	A	[Classical.choice, Quot.sound, propext]	0	[]
ZetaS.Majorant.Shards.NPosS6	ZetaS.MajCheck.NPosS6_c4	A	[Classical.choice, Quot.sound, propext]	0	[]
ZetaS.Majorant.Shards.NPosS6	ZetaS.MajCheck.NPosS6_c40	A	[Classical.choice, Quot.sound, propext]	0	[]
ZetaS.Majorant.Shards.NPosS6	ZetaS.MajCheck.NPosS6_c41	A	[Classical.choice, Quot.sound, propext]	0	[]
ZetaS.Majorant.Shards.NPosS6	ZetaS.MajCheck.NPosS6_c42	A	[Classical.choice, Quot.sound, propext]	0	[]
ZetaS.Majorant.Shards.NPosS6	ZetaS.MajCheck.NPosS6_c43	A	[Classical.choice, Quot.sound, propext]	0	[]
ZetaS.Majorant.Shards.NPosS6	ZetaS.MajCheck.NPosS6_c44	A	[Classical.choice, Quot.sound, propext]	0	[]
ZetaS.Majorant.Shards.NPosS6	ZetaS.MajCheck.NPosS6_c45	A	[Classical.choice, Quot.sound, propext]	0	[]
ZetaS.Majorant.Shards.NPosS6	ZetaS.MajCheck.NPosS6_c46	A	[Classical.choice, Quot.sound, propext]	0	[]
ZetaS.Majorant.Shards.NPosS6	ZetaS.MajCheck.NPosS6_c47	A	[Classical.choice, Quot.sound, propext]	0	[]
ZetaS.Majorant.Shards.NPosS6	ZetaS.MajCheck.NPosS6_c48	A	[Classical.choice, Quot.sound, propext]	0	[]
ZetaS.Majorant.Shards.NPosS6	ZetaS.MajCheck.NPosS6_c49	A	[Classical.choice, Quot.sound, propext]	0	[]
ZetaS.Majorant.Shards.NPosS6	ZetaS.MajCheck.NPosS6_c5	A	[Classical.choice, Quot.sound, propext]	0	[]
ZetaS.Majorant.Shards.NPosS6	ZetaS.MajCheck.NPosS6_c6	A	[Classical.choice, Quot.sound, propext]	0	[]
ZetaS.Majorant.Shards.NPosS6	ZetaS.MajCheck.NPosS6_c7	A	[Classical.choice, Quot.sound, propext]	0	[]
ZetaS.Majorant.Shards.NPosS6	ZetaS.MajCheck.NPosS6_c8	A	[Classical.choice, Quot.sound, propext]	0	[]
ZetaS.Majorant.Shards.NPosS6	ZetaS.MajCheck.NPosS6_c9	A	[Classical.choice, Quot.sound, propext]	0	[]
ZetaS.Majorant.Shards.NPosS6	ZetaS.MajCheck.NPosS6_ok	A	[Classical.choice, Quot.sound, propext]	0	[]
ZetaS.Majorant.Shards.NPosS7	ZetaS.MajCheck.NPosS7_c0	A	[Classical.choice, Quot.sound, propext]	0	[]
ZetaS.Majorant.Shards.NPosS7	ZetaS.MajCheck.NPosS7_c1	A	[Classical.choice, Quot.sound, propext]	0	[]
ZetaS.Majorant.Shards.NPosS7	ZetaS.MajCheck.NPosS7_c10	A	[Classical.choice, Quot.sound, propext]	0	[]
ZetaS.Majorant.Shards.NPosS7	ZetaS.MajCheck.NPosS7_c11	A	[Classical.choice, Quot.sound, propext]	0	[]
ZetaS.Majorant.Shards.NPosS7	ZetaS.MajCheck.NPosS7_c12	A	[Classical.choice, Quot.sound, propext]	0	[]
ZetaS.Majorant.Shards.NPosS7	ZetaS.MajCheck.NPosS7_c13	A	[Classical.choice, Quot.sound, propext]	0	[]
ZetaS.Majorant.Shards.NPosS7	ZetaS.MajCheck.NPosS7_c14	A	[Classical.choice, Quot.sound, propext]	0	[]
ZetaS.Majorant.Shards.NPosS7	ZetaS.MajCheck.NPosS7_c15	A	[Classical.choice, Quot.sound, propext]	0	[]
ZetaS.Majorant.Shards.NPosS7	ZetaS.MajCheck.NPosS7_c16	A	[Classical.choice, Quot.sound, propext]	0	[]
ZetaS.Majorant.Shards.NPosS7	ZetaS.MajCheck.NPosS7_c17	A	[Classical.choice, Quot.sound, propext]	0	[]
ZetaS.Majorant.Shards.NPosS7	ZetaS.MajCheck.NPosS7_c18	A	[Classical.choice, Quot.sound, propext]	0	[]
ZetaS.Majorant.Shards.NPosS7	ZetaS.MajCheck.NPosS7_c19	A	[Classical.choice, Quot.sound, propext]	0	[]
ZetaS.Majorant.Shards.NPosS7	ZetaS.MajCheck.NPosS7_c2	A	[Classical.choice, Quot.sound, propext]	0	[]
ZetaS.Majorant.Shards.NPosS7	ZetaS.MajCheck.NPosS7_c20	A	[Classical.choice, Quot.sound, propext]	0	[]
ZetaS.Majorant.Shards.NPosS7	ZetaS.MajCheck.NPosS7_c21	A	[Classical.choice, Quot.sound, propext]	0	[]
ZetaS.Majorant.Shards.NPosS7	ZetaS.MajCheck.NPosS7_c22	A	[Classical.choice, Quot.sound, propext]	0	[]
ZetaS.Majorant.Shards.NPosS7	ZetaS.MajCheck.NPosS7_c23	A	[Classical.choice, Quot.sound, propext]	0	[]
ZetaS.Majorant.Shards.NPosS7	ZetaS.MajCheck.NPosS7_c24	A	[Classical.choice, Quot.sound, propext]	0	[]
ZetaS.Majorant.Shards.NPosS7	ZetaS.MajCheck.NPosS7_c25	A	[Classical.choice, Quot.sound, propext]	0	[]
ZetaS.Majorant.Shards.NPosS7	ZetaS.MajCheck.NPosS7_c26	A	[Classical.choice, Quot.sound, propext]	0	[]
ZetaS.Majorant.Shards.NPosS7	ZetaS.MajCheck.NPosS7_c27	A	[Classical.choice, Quot.sound, propext]	0	[]
ZetaS.Majorant.Shards.NPosS7	ZetaS.MajCheck.NPosS7_c28	A	[Classical.choice, Quot.sound, propext]	0	[]
ZetaS.Majorant.Shards.NPosS7	ZetaS.MajCheck.NPosS7_c29	A	[Classical.choice, Quot.sound, propext]	0	[]
ZetaS.Majorant.Shards.NPosS7	ZetaS.MajCheck.NPosS7_c3	A	[Classical.choice, Quot.sound, propext]	0	[]
ZetaS.Majorant.Shards.NPosS7	ZetaS.MajCheck.NPosS7_c30	A	[Classical.choice, Quot.sound, propext]	0	[]
ZetaS.Majorant.Shards.NPosS7	ZetaS.MajCheck.NPosS7_c31	A	[Classical.choice, Quot.sound, propext]	0	[]
ZetaS.Majorant.Shards.NPosS7	ZetaS.MajCheck.NPosS7_c32	A	[Classical.choice, Quot.sound, propext]	0	[]
ZetaS.Majorant.Shards.NPosS7	ZetaS.MajCheck.NPosS7_c33	A	[Classical.choice, Quot.sound, propext]	0	[]
ZetaS.Majorant.Shards.NPosS7	ZetaS.MajCheck.NPosS7_c34	A	[Classical.choice, Quot.sound, propext]	0	[]
ZetaS.Majorant.Shards.NPosS7	ZetaS.MajCheck.NPosS7_c35	A	[Classical.choice, Quot.sound, propext]	0	[]
ZetaS.Majorant.Shards.NPosS7	ZetaS.MajCheck.NPosS7_c36	A	[Classical.choice, Quot.sound, propext]	0	[]
ZetaS.Majorant.Shards.NPosS7	ZetaS.MajCheck.NPosS7_c37	A	[Classical.choice, Quot.sound, propext]	0	[]
ZetaS.Majorant.Shards.NPosS7	ZetaS.MajCheck.NPosS7_c38	A	[Classical.choice, Quot.sound, propext]	0	[]
ZetaS.Majorant.Shards.NPosS7	ZetaS.MajCheck.NPosS7_c39	A	[Classical.choice, Quot.sound, propext]	0	[]
ZetaS.Majorant.Shards.NPosS7	ZetaS.MajCheck.NPosS7_c4	A	[Classical.choice, Quot.sound, propext]	0	[]
ZetaS.Majorant.Shards.NPosS7	ZetaS.MajCheck.NPosS7_c40	A	[Classical.choice, Quot.sound, propext]	0	[]
ZetaS.Majorant.Shards.NPosS7	ZetaS.MajCheck.NPosS7_c41	A	[Classical.choice, Quot.sound, propext]	0	[]
ZetaS.Majorant.Shards.NPosS7	ZetaS.MajCheck.NPosS7_c42	A	[Classical.choice, Quot.sound, propext]	0	[]
ZetaS.Majorant.Shards.NPosS7	ZetaS.MajCheck.NPosS7_c43	A	[Classical.choice, Quot.sound, propext]	0	[]
ZetaS.Majorant.Shards.NPosS7	ZetaS.MajCheck.NPosS7_c44	A	[Classical.choice, Quot.sound, propext]	0	[]
ZetaS.Majorant.Shards.NPosS7	ZetaS.MajCheck.NPosS7_c45	A	[Classical.choice, Quot.sound, propext]	0	[]
ZetaS.Majorant.Shards.NPosS7	ZetaS.MajCheck.NPosS7_c46	A	[Classical.choice, Quot.sound, propext]	0	[]
ZetaS.Majorant.Shards.NPosS7	ZetaS.MajCheck.NPosS7_c47	A	[Classical.choice, Quot.sound, propext]	0	[]
ZetaS.Majorant.Shards.NPosS7	ZetaS.MajCheck.NPosS7_c48	A	[Classical.choice, Quot.sound, propext]	0	[]
ZetaS.Majorant.Shards.NPosS7	ZetaS.MajCheck.NPosS7_c49	A	[Classical.choice, Quot.sound, propext]	0	[]
ZetaS.Majorant.Shards.NPosS7	ZetaS.MajCheck.NPosS7_c5	A	[Classical.choice, Quot.sound, propext]	0	[]
ZetaS.Majorant.Shards.NPosS7	ZetaS.MajCheck.NPosS7_c6	A	[Classical.choice, Quot.sound, propext]	0	[]
ZetaS.Majorant.Shards.NPosS7	ZetaS.MajCheck.NPosS7_c7	A	[Classical.choice, Quot.sound, propext]	0	[]
ZetaS.Majorant.Shards.NPosS7	ZetaS.MajCheck.NPosS7_c8	A	[Classical.choice, Quot.sound, propext]	0	[]
ZetaS.Majorant.Shards.NPosS7	ZetaS.MajCheck.NPosS7_c9	A	[Classical.choice, Quot.sound, propext]	0	[]
ZetaS.Majorant.Shards.NPosS7	ZetaS.MajCheck.NPosS7_ok	A	[Classical.choice, Quot.sound, propext]	0	[]
ZetaS.Majorant.Shards.NPosS8	ZetaS.MajCheck.NPosS8_c0	A	[Classical.choice, Quot.sound, propext]	0	[]
ZetaS.Majorant.Shards.NPosS8	ZetaS.MajCheck.NPosS8_c1	A	[Classical.choice, Quot.sound, propext]	0	[]
ZetaS.Majorant.Shards.NPosS8	ZetaS.MajCheck.NPosS8_c10	A	[Classical.choice, Quot.sound, propext]	0	[]
ZetaS.Majorant.Shards.NPosS8	ZetaS.MajCheck.NPosS8_c11	A	[Classical.choice, Quot.sound, propext]	0	[]
ZetaS.Majorant.Shards.NPosS8	ZetaS.MajCheck.NPosS8_c12	A	[Classical.choice, Quot.sound, propext]	0	[]
ZetaS.Majorant.Shards.NPosS8	ZetaS.MajCheck.NPosS8_c13	A	[Classical.choice, Quot.sound, propext]	0	[]
ZetaS.Majorant.Shards.NPosS8	ZetaS.MajCheck.NPosS8_c14	A	[Classical.choice, Quot.sound, propext]	0	[]
ZetaS.Majorant.Shards.NPosS8	ZetaS.MajCheck.NPosS8_c15	A	[Classical.choice, Quot.sound, propext]	0	[]
ZetaS.Majorant.Shards.NPosS8	ZetaS.MajCheck.NPosS8_c16	A	[Classical.choice, Quot.sound, propext]	0	[]
ZetaS.Majorant.Shards.NPosS8	ZetaS.MajCheck.NPosS8_c17	A	[Classical.choice, Quot.sound, propext]	0	[]
ZetaS.Majorant.Shards.NPosS8	ZetaS.MajCheck.NPosS8_c18	A	[Classical.choice, Quot.sound, propext]	0	[]
ZetaS.Majorant.Shards.NPosS8	ZetaS.MajCheck.NPosS8_c19	A	[Classical.choice, Quot.sound, propext]	0	[]
ZetaS.Majorant.Shards.NPosS8	ZetaS.MajCheck.NPosS8_c2	A	[Classical.choice, Quot.sound, propext]	0	[]
ZetaS.Majorant.Shards.NPosS8	ZetaS.MajCheck.NPosS8_c20	A	[Classical.choice, Quot.sound, propext]	0	[]
ZetaS.Majorant.Shards.NPosS8	ZetaS.MajCheck.NPosS8_c21	A	[Classical.choice, Quot.sound, propext]	0	[]
ZetaS.Majorant.Shards.NPosS8	ZetaS.MajCheck.NPosS8_c22	A	[Classical.choice, Quot.sound, propext]	0	[]
ZetaS.Majorant.Shards.NPosS8	ZetaS.MajCheck.NPosS8_c23	A	[Classical.choice, Quot.sound, propext]	0	[]
ZetaS.Majorant.Shards.NPosS8	ZetaS.MajCheck.NPosS8_c24	A	[Classical.choice, Quot.sound, propext]	0	[]
ZetaS.Majorant.Shards.NPosS8	ZetaS.MajCheck.NPosS8_c25	A	[Classical.choice, Quot.sound, propext]	0	[]
ZetaS.Majorant.Shards.NPosS8	ZetaS.MajCheck.NPosS8_c26	A	[Classical.choice, Quot.sound, propext]	0	[]
ZetaS.Majorant.Shards.NPosS8	ZetaS.MajCheck.NPosS8_c27	A	[Classical.choice, Quot.sound, propext]	0	[]
ZetaS.Majorant.Shards.NPosS8	ZetaS.MajCheck.NPosS8_c28	A	[Classical.choice, Quot.sound, propext]	0	[]
ZetaS.Majorant.Shards.NPosS8	ZetaS.MajCheck.NPosS8_c29	A	[Classical.choice, Quot.sound, propext]	0	[]
ZetaS.Majorant.Shards.NPosS8	ZetaS.MajCheck.NPosS8_c3	A	[Classical.choice, Quot.sound, propext]	0	[]
ZetaS.Majorant.Shards.NPosS8	ZetaS.MajCheck.NPosS8_c30	A	[Classical.choice, Quot.sound, propext]	0	[]
ZetaS.Majorant.Shards.NPosS8	ZetaS.MajCheck.NPosS8_c31	A	[Classical.choice, Quot.sound, propext]	0	[]
ZetaS.Majorant.Shards.NPosS8	ZetaS.MajCheck.NPosS8_c32	A	[Classical.choice, Quot.sound, propext]	0	[]
ZetaS.Majorant.Shards.NPosS8	ZetaS.MajCheck.NPosS8_c33	A	[Classical.choice, Quot.sound, propext]	0	[]
ZetaS.Majorant.Shards.NPosS8	ZetaS.MajCheck.NPosS8_c34	A	[Classical.choice, Quot.sound, propext]	0	[]
ZetaS.Majorant.Shards.NPosS8	ZetaS.MajCheck.NPosS8_c35	A	[Classical.choice, Quot.sound, propext]	0	[]
ZetaS.Majorant.Shards.NPosS8	ZetaS.MajCheck.NPosS8_c36	A	[Classical.choice, Quot.sound, propext]	0	[]
ZetaS.Majorant.Shards.NPosS8	ZetaS.MajCheck.NPosS8_c37	A	[Classical.choice, Quot.sound, propext]	0	[]
ZetaS.Majorant.Shards.NPosS8	ZetaS.MajCheck.NPosS8_c38	A	[Classical.choice, Quot.sound, propext]	0	[]
ZetaS.Majorant.Shards.NPosS8	ZetaS.MajCheck.NPosS8_c39	A	[Classical.choice, Quot.sound, propext]	0	[]
ZetaS.Majorant.Shards.NPosS8	ZetaS.MajCheck.NPosS8_c4	A	[Classical.choice, Quot.sound, propext]	0	[]
ZetaS.Majorant.Shards.NPosS8	ZetaS.MajCheck.NPosS8_c40	A	[Classical.choice, Quot.sound, propext]	0	[]
ZetaS.Majorant.Shards.NPosS8	ZetaS.MajCheck.NPosS8_c41	A	[Classical.choice, Quot.sound, propext]	0	[]
ZetaS.Majorant.Shards.NPosS8	ZetaS.MajCheck.NPosS8_c42	A	[Classical.choice, Quot.sound, propext]	0	[]
ZetaS.Majorant.Shards.NPosS8	ZetaS.MajCheck.NPosS8_c43	A	[Classical.choice, Quot.sound, propext]	0	[]
ZetaS.Majorant.Shards.NPosS8	ZetaS.MajCheck.NPosS8_c44	A	[Classical.choice, Quot.sound, propext]	0	[]
ZetaS.Majorant.Shards.NPosS8	ZetaS.MajCheck.NPosS8_c45	A	[Classical.choice, Quot.sound, propext]	0	[]
ZetaS.Majorant.Shards.NPosS8	ZetaS.MajCheck.NPosS8_c46	A	[Classical.choice, Quot.sound, propext]	0	[]
ZetaS.Majorant.Shards.NPosS8	ZetaS.MajCheck.NPosS8_c47	A	[Classical.choice, Quot.sound, propext]	0	[]
ZetaS.Majorant.Shards.NPosS8	ZetaS.MajCheck.NPosS8_c48	A	[Classical.choice, Quot.sound, propext]	0	[]
ZetaS.Majorant.Shards.NPosS8	ZetaS.MajCheck.NPosS8_c49	A	[Classical.choice, Quot.sound, propext]	0	[]
ZetaS.Majorant.Shards.NPosS8	ZetaS.MajCheck.NPosS8_c5	A	[Classical.choice, Quot.sound, propext]	0	[]
ZetaS.Majorant.Shards.NPosS8	ZetaS.MajCheck.NPosS8_c6	A	[Classical.choice, Quot.sound, propext]	0	[]
ZetaS.Majorant.Shards.NPosS8	ZetaS.MajCheck.NPosS8_c7	A	[Classical.choice, Quot.sound, propext]	0	[]
ZetaS.Majorant.Shards.NPosS8	ZetaS.MajCheck.NPosS8_c8	A	[Classical.choice, Quot.sound, propext]	0	[]
ZetaS.Majorant.Shards.NPosS8	ZetaS.MajCheck.NPosS8_c9	A	[Classical.choice, Quot.sound, propext]	0	[]
ZetaS.Majorant.Shards.NPosS8	ZetaS.MajCheck.NPosS8_ok	A	[Classical.choice, Quot.sound, propext]	0	[]
ZetaS.Majorant.Shards.NPosS9	ZetaS.MajCheck.NPosS9_c0	A	[Classical.choice, Quot.sound, propext]	0	[]
ZetaS.Majorant.Shards.NPosS9	ZetaS.MajCheck.NPosS9_c1	A	[Classical.choice, Quot.sound, propext]	0	[]
ZetaS.Majorant.Shards.NPosS9	ZetaS.MajCheck.NPosS9_c10	A	[Classical.choice, Quot.sound, propext]	0	[]
ZetaS.Majorant.Shards.NPosS9	ZetaS.MajCheck.NPosS9_c11	A	[Classical.choice, Quot.sound, propext]	0	[]
ZetaS.Majorant.Shards.NPosS9	ZetaS.MajCheck.NPosS9_c12	A	[Classical.choice, Quot.sound, propext]	0	[]
ZetaS.Majorant.Shards.NPosS9	ZetaS.MajCheck.NPosS9_c13	A	[Classical.choice, Quot.sound, propext]	0	[]
ZetaS.Majorant.Shards.NPosS9	ZetaS.MajCheck.NPosS9_c14	A	[Classical.choice, Quot.sound, propext]	0	[]
ZetaS.Majorant.Shards.NPosS9	ZetaS.MajCheck.NPosS9_c15	A	[Classical.choice, Quot.sound, propext]	0	[]
ZetaS.Majorant.Shards.NPosS9	ZetaS.MajCheck.NPosS9_c16	A	[Classical.choice, Quot.sound, propext]	0	[]
ZetaS.Majorant.Shards.NPosS9	ZetaS.MajCheck.NPosS9_c17	A	[Classical.choice, Quot.sound, propext]	0	[]
ZetaS.Majorant.Shards.NPosS9	ZetaS.MajCheck.NPosS9_c18	A	[Classical.choice, Quot.sound, propext]	0	[]
ZetaS.Majorant.Shards.NPosS9	ZetaS.MajCheck.NPosS9_c19	A	[Classical.choice, Quot.sound, propext]	0	[]
ZetaS.Majorant.Shards.NPosS9	ZetaS.MajCheck.NPosS9_c2	A	[Classical.choice, Quot.sound, propext]	0	[]
ZetaS.Majorant.Shards.NPosS9	ZetaS.MajCheck.NPosS9_c20	A	[Classical.choice, Quot.sound, propext]	0	[]
ZetaS.Majorant.Shards.NPosS9	ZetaS.MajCheck.NPosS9_c21	A	[Classical.choice, Quot.sound, propext]	0	[]
ZetaS.Majorant.Shards.NPosS9	ZetaS.MajCheck.NPosS9_c22	A	[Classical.choice, Quot.sound, propext]	0	[]
ZetaS.Majorant.Shards.NPosS9	ZetaS.MajCheck.NPosS9_c23	A	[Classical.choice, Quot.sound, propext]	0	[]
ZetaS.Majorant.Shards.NPosS9	ZetaS.MajCheck.NPosS9_c24	A	[Classical.choice, Quot.sound, propext]	0	[]
ZetaS.Majorant.Shards.NPosS9	ZetaS.MajCheck.NPosS9_c25	A	[Classical.choice, Quot.sound, propext]	0	[]
ZetaS.Majorant.Shards.NPosS9	ZetaS.MajCheck.NPosS9_c26	A	[Classical.choice, Quot.sound, propext]	0	[]
ZetaS.Majorant.Shards.NPosS9	ZetaS.MajCheck.NPosS9_c27	A	[Classical.choice, Quot.sound, propext]	0	[]
ZetaS.Majorant.Shards.NPosS9	ZetaS.MajCheck.NPosS9_c28	A	[Classical.choice, Quot.sound, propext]	0	[]
ZetaS.Majorant.Shards.NPosS9	ZetaS.MajCheck.NPosS9_c29	A	[Classical.choice, Quot.sound, propext]	0	[]
ZetaS.Majorant.Shards.NPosS9	ZetaS.MajCheck.NPosS9_c3	A	[Classical.choice, Quot.sound, propext]	0	[]
ZetaS.Majorant.Shards.NPosS9	ZetaS.MajCheck.NPosS9_c30	A	[Classical.choice, Quot.sound, propext]	0	[]
ZetaS.Majorant.Shards.NPosS9	ZetaS.MajCheck.NPosS9_c31	A	[Classical.choice, Quot.sound, propext]	0	[]
ZetaS.Majorant.Shards.NPosS9	ZetaS.MajCheck.NPosS9_c32	A	[Classical.choice, Quot.sound, propext]	0	[]
ZetaS.Majorant.Shards.NPosS9	ZetaS.MajCheck.NPosS9_c33	A	[Classical.choice, Quot.sound, propext]	0	[]
ZetaS.Majorant.Shards.NPosS9	ZetaS.MajCheck.NPosS9_c34	A	[Classical.choice, Quot.sound, propext]	0	[]
ZetaS.Majorant.Shards.NPosS9	ZetaS.MajCheck.NPosS9_c35	A	[Classical.choice, Quot.sound, propext]	0	[]
ZetaS.Majorant.Shards.NPosS9	ZetaS.MajCheck.NPosS9_c36	A	[Classical.choice, Quot.sound, propext]	0	[]
ZetaS.Majorant.Shards.NPosS9	ZetaS.MajCheck.NPosS9_c37	A	[Classical.choice, Quot.sound, propext]	0	[]
ZetaS.Majorant.Shards.NPosS9	ZetaS.MajCheck.NPosS9_c38	A	[Classical.choice, Quot.sound, propext]	0	[]
ZetaS.Majorant.Shards.NPosS9	ZetaS.MajCheck.NPosS9_c39	A	[Classical.choice, Quot.sound, propext]	0	[]
ZetaS.Majorant.Shards.NPosS9	ZetaS.MajCheck.NPosS9_c4	A	[Classical.choice, Quot.sound, propext]	0	[]
ZetaS.Majorant.Shards.NPosS9	ZetaS.MajCheck.NPosS9_c40	A	[Classical.choice, Quot.sound, propext]	0	[]
ZetaS.Majorant.Shards.NPosS9	ZetaS.MajCheck.NPosS9_c41	A	[Classical.choice, Quot.sound, propext]	0	[]
ZetaS.Majorant.Shards.NPosS9	ZetaS.MajCheck.NPosS9_c42	A	[Classical.choice, Quot.sound, propext]	0	[]
ZetaS.Majorant.Shards.NPosS9	ZetaS.MajCheck.NPosS9_c43	A	[Classical.choice, Quot.sound, propext]	0	[]
ZetaS.Majorant.Shards.NPosS9	ZetaS.MajCheck.NPosS9_c44	A	[Classical.choice, Quot.sound, propext]	0	[]
ZetaS.Majorant.Shards.NPosS9	ZetaS.MajCheck.NPosS9_c45	A	[Classical.choice, Quot.sound, propext]	0	[]
ZetaS.Majorant.Shards.NPosS9	ZetaS.MajCheck.NPosS9_c46	A	[Classical.choice, Quot.sound, propext]	0	[]
ZetaS.Majorant.Shards.NPosS9	ZetaS.MajCheck.NPosS9_c47	A	[Classical.choice, Quot.sound, propext]	0	[]
ZetaS.Majorant.Shards.NPosS9	ZetaS.MajCheck.NPosS9_c48	A	[Classical.choice, Quot.sound, propext]	0	[]
ZetaS.Majorant.Shards.NPosS9	ZetaS.MajCheck.NPosS9_c49	A	[Classical.choice, Quot.sound, propext]	0	[]
ZetaS.Majorant.Shards.NPosS9	ZetaS.MajCheck.NPosS9_c5	A	[Classical.choice, Quot.sound, propext]	0	[]
ZetaS.Majorant.Shards.NPosS9	ZetaS.MajCheck.NPosS9_c6	A	[Classical.choice, Quot.sound, propext]	0	[]
ZetaS.Majorant.Shards.NPosS9	ZetaS.MajCheck.NPosS9_c7	A	[Classical.choice, Quot.sound, propext]	0	[]
ZetaS.Majorant.Shards.NPosS9	ZetaS.MajCheck.NPosS9_c8	A	[Classical.choice, Quot.sound, propext]	0	[]
ZetaS.Majorant.Shards.NPosS9	ZetaS.MajCheck.NPosS9_c9	A	[Classical.choice, Quot.sound, propext]	0	[]
ZetaS.Majorant.Shards.NPosS9	ZetaS.MajCheck.NPosS9_ok	A	[Classical.choice, Quot.sound, propext]	0	[]
ZetaS.SigmaDist.A1_OnSlackIdentity	ZetaS.onslack_identity	A	[Classical.choice, Quot.sound, propext]	0	[]
ZetaS.SigmaDist.A1b_BetaBound	ZetaS.beta_bound	A	[Classical.choice, Quot.sound, propext]	0	[]
ZetaS.SigmaDist.A2_AggTrueWindow	ZetaS.A2fix.agg_core	A	[Classical.choice, Quot.sound, propext]	0	[]
ZetaS.SigmaDist.A2_AggTrueWindow	ZetaS.A2fix.agg_true_window_of_even	A	[Classical.choice, Quot.sound, propext]	0	[]
ZetaS.SigmaDist.A2_AggTrueWindow	ZetaS.A2fix.agg_true_window_of_symm	A	[Classical.choice, Quot.sound, propext]	0	[]
ZetaS.SigmaDist.A2_AggTrueWindow	ZetaS.A2fix.filter_image_val	A	[Classical.choice, Quot.sound, propext]	0	[]
ZetaS.SigmaDist.A2_AggTrueWindow	ZetaS.A2fix.gapSpan_tele	A	[Classical.choice, Quot.sound, propext]	0	[]
ZetaS.SigmaDist.A2_AggTrueWindow	ZetaS.A2fix.sq_sub_sq_le	A	[Classical.choice, Quot.sound, propext]	0	[]
ZetaS.SigmaDist.A2_AggTrueWindow	ZetaS.A2fix.sqrt_le_avg	A	[Classical.choice, Quot.sound, propext]	0	[]
ZetaS.SigmaDist.A2_AggTrueWindow	ZetaS.A2fix.sum_Icc_range_le	A	[Classical.choice, Quot.sound, propext]	0	[]
ZetaS.SigmaDist.A2_AggTrueWindow	ZetaS.A2fix.sum_shift_le	A	[Classical.choice, Quot.sound, propext]	0	[]
ZetaS.SigmaDist.A2_AggTrueWindow	ZetaS.A2fix.tele	A	[Classical.choice, Quot.sound, propext]	0	[]
ZetaS.SigmaDist.A2_AggTrueWindow	ZetaS.agg_true_window	A	[Classical.choice, Quot.sound, propext]	0	[]
ZetaS.SigmaDist.A2_AggTrueWindow	ZetaS.markVal.eq_1	A	[Classical.choice, Quot.sound, propext]	0	[]
ZetaS.SigmaDist.A5_SeparatedRoom	ZetaS.A5aux.close_le_two	A	[Classical.choice, Quot.sound, propext]	0	[]
ZetaS.SigmaDist.A5_SeparatedRoom	ZetaS.A5aux.left_le_one	A	[Classical.choice, Quot.sound, propext]	0	[]
ZetaS.SigmaDist.A5_SeparatedRoom	ZetaS.A5aux.quad_of_posDef	A	[Classical.choice, Quot.sound, propext]	0	[]
ZetaS.SigmaDist.A5_SeparatedRoom	ZetaS.A5aux.right_le_one	A	[Classical.choice, Quot.sound, propext]	0	[]
ZetaS.SigmaDist.A5_SeparatedRoom	ZetaS.separated_room	A	[Classical.choice, Quot.sound, propext]	0	[]
ZetaS.SigmaDist.A6_BlockBounds	ZetaS.A6aux.block11_ge	A	[Classical.choice, Quot.sound, propext]	0	[]
ZetaS.SigmaDist.A6_BlockBounds	ZetaS.A6aux.block12_ge	A	[Classical.choice, Quot.sound, propext]	0	[]
ZetaS.SigmaDist.A6_BlockBounds	ZetaS.A6aux.block22_ge	A	[Classical.choice, Quot.sound, propext]	0	[]
ZetaS.SigmaDist.A6_BlockBounds	ZetaS.A6aux.fT_antitone	A	[Classical.choice, Quot.sound, propext]	0	[]
ZetaS.SigmaDist.A6_BlockBounds	ZetaS.A6aux.fT_nonneg	A	[Classical.choice, Quot.sound, propext]	0	[]
ZetaS.SigmaDist.A6_BlockBounds	ZetaS.A6aux.fT_of_le	A	[Classical.choice, Quot.sound, propext]	0	[]
ZetaS.SigmaDist.A6_BlockBounds	ZetaS.A6aux.rayleigh_two	A	[Classical.choice, Quot.sound, propext]	0	[]
ZetaS.SigmaDist.A6_BlockBounds	ZetaS.A6aux.trFun_two_eq	A	[Classical.choice, Quot.sound, propext]	0	[]
ZetaS.SigmaDist.A6_BlockBounds	ZetaS.A6aux.trFun_two_ge	A	[Classical.choice, Quot.sound, propext]	0	[]
ZetaS.SigmaDist.A6_BlockBounds	ZetaS.A6aux.two_eig	A	[Classical.choice, Quot.sound, propext]	0	[]
ZetaS.SigmaDist.A6_TightChains	ZetaS.A6aux.fT.eq_1	A	[Classical.choice, Quot.sound, propext]	0	[]
ZetaS.SigmaDist.A6_TightChains	ZetaS.A6pf.blk_eq_iff	A	[Quot.sound, propext]	0	[]
ZetaS.SigmaDist.A6_TightChains	ZetaS.A6pf.fT_convex	A	[Classical.choice, Quot.sound, propext]	0	[]
ZetaS.SigmaDist.A6_TightChains	ZetaS.A6pf.psd_entry_sq	A	[Classical.choice, Quot.sound, propext]	0	[]
ZetaS.SigmaDist.A6_TightChains	ZetaS.A6pf.secB.eq_1	A	[]	0	[]
ZetaS.SigmaDist.A6_TightChains	ZetaS.A6pf.secB.eq_2	A	[]	0	[]
ZetaS.SigmaDist.A6_TightChains	ZetaS.A6pf.secB.eq_def	A	[]	0	[]
ZetaS.SigmaDist.A6_TightChains	ZetaS.A6pf.secB_succ	A	[]	0	[]
ZetaS.SigmaDist.A6_TightChains	ZetaS.A6pf.tB_iff	A	[Classical.choice, Quot.sound, propext]	0	[]
ZetaS.SigmaDist.A6_TightChains	ZetaS.A6pf.trFun_empty	A	[Classical.choice, Quot.sound, propext]	0	[]
ZetaS.SigmaDist.A6_TightChains	ZetaS.A6pf.trFun_eq_roots	A	[Classical.choice, Quot.sound, propext]	0	[]
ZetaS.SigmaDist.A6_TightChains	ZetaS.A6pf.trFun_single	A	[Classical.choice, Quot.sound, propext]	0	[]
ZetaS.SigmaDist.A6_TightChains	ZetaS.A6pf.trFun_submatrix_equiv	A	[Classical.choice, Quot.sound, propext]	0	[]
ZetaS.SigmaDist.A6_TightChains	ZetaS.tight_chains	A	[Classical.choice, Quot.sound, propext]	0	[]
ZetaS.SigmaDist.A6_TightChains	ZetaS.trFun.congr_simp	A	[Classical.choice, Quot.sound, propext]	0	[]
ZetaS.SigmaDist.A7_OLL	ZetaS.OLL	A	[Classical.choice, Quot.sound, propext]	0	[]
ZetaS.SigmaDist.A7_OLL	ZetaS.OLL.dom_nonneg	A	[Classical.choice, Quot.sound, propext]	0	[]
ZetaS.SigmaDist.A7_OLL	ZetaS.OLL.n_le_Nw	A	[Classical.choice, Quot.sound, propext]	0	[]
ZetaS.SigmaDist.A8_SigmaDistAbstract	ZetaS.A8aux.NH_ge	A	[Classical.choice, Quot.sound, propext]	0	[]
ZetaS.SigmaDist.A8_SigmaDistAbstract	ZetaS.A8aux.Noff_ge'	A	[Classical.choice, Quot.sound, propext]	0	[]
ZetaS.SigmaDist.A8_SigmaDistAbstract	ZetaS.A8aux.Nw_eq	A	[Classical.choice, Quot.sound, propext]	0	[]
ZetaS.SigmaDist.A8_SigmaDistAbstract	ZetaS.A8aux.eps_form	A	[Classical.choice, Quot.sound, propext]	0	[]
ZetaS.SigmaDist.A8_SigmaDistAbstract	ZetaS.A8aux.n_eq	A	[Classical.choice, Quot.sound, propext]	0	[]
ZetaS.SigmaDist.A8_SigmaDistAbstract	ZetaS.A8aux.pw1	A	[Classical.choice, Quot.sound, propext]	0	[]
ZetaS.SigmaDist.A8_SigmaDistAbstract	ZetaS.A8aux.pw2	A	[Classical.choice, Quot.sound, propext]	0	[]
ZetaS.SigmaDist.A8_SigmaDistAbstract	ZetaS.A8aux.summ_eq	A	[Classical.choice, Quot.sound, propext]	0	[]
ZetaS.SigmaDist.A8_SigmaDistAbstract	ZetaS.A8b.GHm_psd	A	[Classical.choice, Quot.sound, propext]	0	[]
ZetaS.SigmaDist.A8_SigmaDistAbstract	ZetaS.A8b.GLm_eq_VL	A	[Classical.choice, Quot.sound, propext]	0	[]
ZetaS.SigmaDist.A8_SigmaDistAbstract	ZetaS.A8b.GLm_psd	A	[Classical.choice, Quot.sound, propext]	0	[]
ZetaS.SigmaDist.A8_SigmaDistAbstract	ZetaS.A8b.Gt_split	A	[Classical.choice, Quot.sound, propext]	0	[]
ZetaS.SigmaDist.A8_SigmaDistAbstract	ZetaS.A8b.ML_eq_VL	A	[Classical.choice, Quot.sound, propext]	0	[]
ZetaS.SigmaDist.A8_SigmaDistAbstract	ZetaS.A8b.ML_herm	A	[Classical.choice, Quot.sound, propext]	0	[]
ZetaS.SigmaDist.A8_SigmaDistAbstract	ZetaS.A8b.VL.eq_1	A	[Classical.choice, Quot.sound, propext]	0	[]
ZetaS.SigmaDist.A8_SigmaDistAbstract	ZetaS.A8b.diag_le_one	A	[Classical.choice, Quot.sound, propext]	0	[]
ZetaS.SigmaDist.A8_SigmaDistAbstract	ZetaS.A8b.frame_ineq_at	A	[Classical.choice, Quot.sound, propext]	0	[]
ZetaS.SigmaDist.A8_SigmaDistAbstract	ZetaS.A8b.kappa_bound	A	[Classical.choice, Quot.sound, propext]	0	[]
ZetaS.SigmaDist.A8_SigmaDistAbstract	ZetaS.A8b.kappa_nonneg	A	[Classical.choice, Quot.sound, propext]	0	[]
ZetaS.SigmaDist.A8_SigmaDistAbstract	ZetaS.A8b.light_iff	A	[Classical.choice, Quot.sound, propext]	0	[]
ZetaS.SigmaDist.A8_SigmaDistAbstract	ZetaS.A8b.negIndex_GHm	A	[Classical.choice, Quot.sound, propext]	0	[]
ZetaS.SigmaDist.A8_SigmaDistAbstract	ZetaS.A8b.posIndex_GHm	A	[Classical.choice, Quot.sound, propext]	0	[]
ZetaS.SigmaDist.A8_SigmaDistAbstract	ZetaS.A8b.psd_UDUt	A	[Classical.choice, Quot.sound, propext]	0	[]
ZetaS.SigmaDist.A8_SigmaDistAbstract	ZetaS.A8b.rank_GHm	A	[Classical.choice, Quot.sound, propext]	0	[]
ZetaS.SigmaDist.A8_SigmaDistAbstract	ZetaS.A8b.rtrace_UDUt	A	[Classical.choice, Quot.sound, propext]	0	[]
ZetaS.SigmaDist.A8_SigmaDistAbstract	ZetaS.A8b.rtrace_add	A	[Classical.choice, Quot.sound, propext]	0	[]
ZetaS.SigmaDist.A8_SigmaDistAbstract	ZetaS.A8b.sum_wL	A	[Classical.choice, Quot.sound, propext]	0	[]
ZetaS.SigmaDist.A8_SigmaDistAbstract	ZetaS.A8b.top_sum_le	A	[Classical.choice, Quot.sound, propext]	0	[]
ZetaS.SigmaDist.A8_SigmaDistAbstract	ZetaS.A8b.trFun_congr	A	[Classical.choice, Quot.sound, propext]	0	[]
ZetaS.SigmaDist.A8_SigmaDistAbstract	ZetaS.A8b.trace_GLm_le	A	[Classical.choice, Quot.sound, propext]	0	[]
ZetaS.SigmaDist.A8_SigmaDistAbstract	ZetaS.A8b.wH_nonneg	A	[Classical.choice, Quot.sound, propext]	0	[]
ZetaS.SigmaDist.A8_SigmaDistAbstract	ZetaS.A8b.wL_nonneg	A	[Classical.choice, Quot.sound, propext]	0	[]
ZetaS.SigmaDist.A8_SigmaDistAbstract	ZetaS.dist_abstract	A	[Classical.choice, Quot.sound, propext]	0	[]
ZetaS.SigmaDist.A8_SigmaDistAbstract	ZetaS.frame_step2	A	[Classical.choice, Quot.sound, propext]	0	[]
ZetaS.SigmaDist.A8_SigmaDistAbstract	ZetaS.sigma_abstract	A	[Classical.choice, Quot.sound, propext]	0	[]
ZetaS.SigmaDist.A8_SigmaDistAbstract	ZetaS.trFun_mul_transpose_comm	A	[Classical.choice, Quot.sound, propext]	0	[]
ZetaS.SigmaDist.C1_ReversalClasses	ZetaS.localCertAM_of_classes	A	[Classical.choice, Quot.sound, propext]	0	[]
ZetaS.SigmaDist.M1_MajorantKernel	ZetaS.M1aux.isPosDefKernel_of	A	[Classical.choice, Quot.sound, propext]	0	[]
ZetaS.SigmaDist.M1_MajorantKernel	ZetaS.M1aux.phi_eq	A	[Classical.choice, Quot.sound, propext]	0	[]
ZetaS.SigmaDist.M1_MajorantKernel	ZetaS.M1aux.phi_nonneg	A	[Classical.choice, Quot.sound, propext]	0	[]
ZetaS.SigmaDist.M1_MajorantKernel	ZetaS.M1aux.quad_kerMat	A	[Classical.choice, Quot.sound, propext]	0	[]
ZetaS.SigmaDist.M1_MajorantKernel	ZetaS.kerMat.eq_1	A	[Classical.choice, Quot.sound, propext]	0	[]
ZetaS.SigmaDist.M1_MajorantKernel	ZetaS.majorant_kernel	A	[Classical.choice, Quot.sound, propext]	0	[]
ZetaS.SigmaDist.M1_MajorantKernel	ZetaS.majorant_kernel_gen	A	[Classical.choice, Quot.sound, propext]	0	[]
ZetaS.SigmaDist.N2_KPsiThreeQuarters	ZetaS.N2.den_eq	A	[Classical.choice, Quot.sound, propext]	0	[]
ZetaS.SigmaDist.N2_KPsiThreeQuarters	ZetaS.N2.hasDerivAt_sin_div	A	[Classical.choice, Quot.sound, propext]	0	[]
ZetaS.SigmaDist.N2_KPsiThreeQuarters	ZetaS.N2.num_eq	A	[Classical.choice, Quot.sound, propext]	0	[]
ZetaS.SigmaDist.N2_KPsiThreeQuarters	ZetaS.kPsi_cos16_three_quarters	A	[Classical.choice, Quot.sound, propext]	0	[]
ZetaS.SigmaDist.N3_KernelAntitone	ZetaS.kPsi_antitoneOn	A	[Classical.choice, Quot.sound, propext]	0	[]
ZetaS.SigmaDist.OLLHeight	ZetaS.OLL.Cg.eq_1	A	[Classical.choice, Quot.sound, propext]	0	[]
ZetaS.SigmaDist.OLLHeight	ZetaS.OLL.Cg_abs_le_one	A	[Classical.choice, Quot.sound, propext]	0	[]
ZetaS.SigmaDist.OLLHeight	ZetaS.OLL.Cg_apply	A	[Classical.choice, Quot.sound, propext]	0	[]
ZetaS.SigmaDist.OLLHeight	ZetaS.OLL.Cg_close	A	[Classical.choice, Quot.sound, propext]	0	[]
ZetaS.SigmaDist.OLLHeight	ZetaS.OLL.Cg_diag	A	[Classical.choice, Quot.sound, propext]	0	[]
ZetaS.SigmaDist.OLLHeight	ZetaS.OLL.Cg_eq	A	[Classical.choice, Quot.sound, propext]	0	[]
ZetaS.SigmaDist.OLLHeight	ZetaS.OLL.Cg_psd	A	[Classical.choice, Quot.sound, propext]	0	[]
ZetaS.SigmaDist.OLLHeight	ZetaS.OLL.Cg_symm	A	[Classical.choice, Quot.sound, propext]	0	[]
ZetaS.SigmaDist.OLLHeight	ZetaS.OLL.E_R	A	[Classical.choice, Quot.sound, propext]	0	[]
ZetaS.SigmaDist.OLLHeight	ZetaS.OLL.Etr_abs_le	A	[Classical.choice, Quot.sound, propext]	0	[]
ZetaS.SigmaDist.OLLHeight	ZetaS.OLL.MR.eq_1	A	[Classical.choice, Quot.sound, propext]	0	[]
ZetaS.SigmaDist.OLLHeight	ZetaS.OLL.MR_eig	A	[Classical.choice, Quot.sound, propext]	0	[]
ZetaS.SigmaDist.OLLHeight	ZetaS.OLL.MR_form	A	[Classical.choice, Quot.sound, propext]	0	[]
ZetaS.SigmaDist.OLLHeight	ZetaS.OLL.MR_herm	A	[Classical.choice, Quot.sound, propext]	0	[]
ZetaS.SigmaDist.OLLHeight	ZetaS.OLL.MT.eq_1	A	[Classical.choice, Quot.sound, propext]	0	[]
ZetaS.SigmaDist.OLLHeight	ZetaS.OLL.MT_eq	A	[Classical.choice, Quot.sound, propext]	0	[]
ZetaS.SigmaDist.OLLHeight	ZetaS.OLL.MT_herm	A	[Classical.choice, Quot.sound, propext]	0	[]
ZetaS.SigmaDist.OLLHeight	ZetaS.OLL.MY.eq_1	A	[Classical.choice, Quot.sound, propext]	0	[]
ZetaS.SigmaDist.OLLHeight	ZetaS.OLL.Mf.eq_1	A	[Classical.choice, Quot.sound, propext]	0	[]
ZetaS.SigmaDist.OLLHeight	ZetaS.OLL.Mf_diag	A	[Classical.choice, Quot.sound, propext]	0	[]
ZetaS.SigmaDist.OLLHeight	ZetaS.OLL.Mf_sq	A	[Classical.choice, Quot.sound, propext]	0	[]
ZetaS.SigmaDist.OLLHeight	ZetaS.OLL.Mf_symm	A	[Classical.choice, Quot.sound, propext]	0	[]
ZetaS.SigmaDist.OLLHeight	ZetaS.OLL.P.eq_1	A	[Classical.choice, Quot.sound, propext]	0	[]
ZetaS.SigmaDist.OLLHeight	ZetaS.OLL.PP_split	A	[Classical.choice, Quot.sound, propext]	0	[]
ZetaS.SigmaDist.OLLHeight	ZetaS.OLL.PPt.eq_1	A	[Classical.choice, Quot.sound, propext]	0	[]
ZetaS.SigmaDist.OLLHeight	ZetaS.OLL.P_symm	A	[Classical.choice, Quot.sound, propext]	0	[]
ZetaS.SigmaDist.OLLHeight	ZetaS.OLL.R_sep	A	[Classical.choice, Quot.sound, propext]	0	[]
ZetaS.SigmaDist.OLLHeight	ZetaS.OLL.R_sub	A	[Classical.choice, Quot.sound, propext]	0	[]
ZetaS.SigmaDist.OLLHeight	ZetaS.OLL.TR_disj	A	[Classical.choice, Quot.sound, propext]	0	[]
ZetaS.SigmaDist.OLLHeight	ZetaS.OLL.TR_union	A	[Classical.choice, Quot.sound, propext]	0	[]
ZetaS.SigmaDist.OLLHeight	ZetaS.OLL.T_adj	A	[Classical.choice, Quot.sound, propext]	0	[]
ZetaS.SigmaDist.OLLHeight	ZetaS.OLL.T_sub	A	[Classical.choice, Quot.sound, propext]	0	[]
ZetaS.SigmaDist.OLLHeight	ZetaS.OLL.T_tight	A	[Classical.choice, Quot.sound, propext]	0	[]
ZetaS.SigmaDist.OLLHeight	ZetaS.OLL.Y_T	A	[Classical.choice, Quot.sound, propext]	0	[]
ZetaS.SigmaDist.OLLHeight	ZetaS.OLL.agg_R	A	[Classical.choice, Quot.sound, propext]	0	[]
ZetaS.SigmaDist.OLLHeight	ZetaS.OLL.bet.eq_1	A	[Classical.choice, Quot.sound, propext]	0	[]
ZetaS.SigmaDist.OLLHeight	ZetaS.OLL.bet_R	A	[Classical.choice, Quot.sound, propext]	0	[]
ZetaS.SigmaDist.OLLHeight	ZetaS.OLL.blocks_eq	A	[Classical.choice, Quot.sound, propext]	0	[]
ZetaS.SigmaDist.OLLHeight	ZetaS.OLL.cnt_R	A	[Classical.choice, Quot.sound, propext]	0	[]
ZetaS.SigmaDist.OLLHeight	ZetaS.OLL.cnt_R2	A	[Classical.choice, Quot.sound, propext]	0	[]
ZetaS.SigmaDist.OLLHeight	ZetaS.OLL.cnt_T	A	[Classical.choice, Quot.sound, propext]	0	[]
ZetaS.SigmaDist.OLLHeight	ZetaS.OLL.cstar_bounds	A	[Classical.choice, Quot.sound, propext]	0	[]
ZetaS.SigmaDist.OLLHeight	ZetaS.OLL.delta_le_one	A	[Classical.choice, Quot.sound, propext]	0	[]
ZetaS.SigmaDist.OLLHeight	ZetaS.OLL.delta_nonneg	A	[Classical.choice, Quot.sound, propext]	0	[]
ZetaS.SigmaDist.OLLHeight	ZetaS.OLL.dg_bet	A	[Classical.choice, Quot.sound, propext]	0	[]
ZetaS.SigmaDist.OLLHeight	ZetaS.OLL.dgf.eq_1	A	[Classical.choice, Quot.sound, propext]	0	[]
ZetaS.SigmaDist.OLLHeight	ZetaS.OLL.double_emb	A	[Classical.choice, Quot.sound, propext]	0	[]
ZetaS.SigmaDist.OLLHeight	ZetaS.OLL.eR.eq_1	A	[Classical.choice, Quot.sound, propext]	0	[]
ZetaS.SigmaDist.OLLHeight	ZetaS.OLL.eR_mem	A	[Classical.choice, Quot.sound, propext]	0	[]
ZetaS.SigmaDist.OLLHeight	ZetaS.OLL.eT.eq_1	A	[Classical.choice, Quot.sound, propext]	0	[]
ZetaS.SigmaDist.OLLHeight	ZetaS.OLL.eT_mem	A	[Classical.choice, Quot.sound, propext]	0	[]
ZetaS.SigmaDist.OLLHeight	ZetaS.OLL.form_eq	A	[Classical.choice, Quot.sound, propext]	0	[]
ZetaS.SigmaDist.OLLHeight	ZetaS.OLL.frob_T	A	[Classical.choice, Quot.sound, propext]	0	[]
ZetaS.SigmaDist.OLLHeight	ZetaS.OLL.k_abs_le_one	A	[Classical.choice, Quot.sound, propext]	0	[]
ZetaS.SigmaDist.OLLHeight	ZetaS.OLL.kpsi_abs	A	[Classical.choice, Quot.sound, propext]	0	[]
ZetaS.SigmaDist.OLLHeight	ZetaS.OLL.kpsi_close	A	[Classical.choice, Quot.sound, propext]	0	[]
ZetaS.SigmaDist.OLLHeight	ZetaS.OLL.light_iff	A	[Classical.choice, Quot.sound, propext]	0	[]
ZetaS.SigmaDist.OLLHeight	ZetaS.OLL.light_m	A	[Classical.choice, Quot.sound, propext]	0	[]
ZetaS.SigmaDist.OLLHeight	ZetaS.OLL.mem_R_notclose	A	[Classical.choice, Quot.sound, propext]	0	[]
ZetaS.SigmaDist.OLLHeight	ZetaS.OLL.mem_T_close	A	[Classical.choice, Quot.sound, propext]	0	[]
ZetaS.SigmaDist.OLLHeight	ZetaS.OLL.mem_range_eR	A	[Classical.choice, Quot.sound, propext]	0	[]
ZetaS.SigmaDist.OLLHeight	ZetaS.OLL.mem_range_eT	A	[Classical.choice, Quot.sound, propext]	0	[]
ZetaS.SigmaDist.OLLHeight	ZetaS.OLL.mu_ge	A	[Classical.choice, Quot.sound, propext]	0	[]
ZetaS.SigmaDist.OLLHeight	ZetaS.OLL.oll_height	A	[Classical.choice, Quot.sound, propext]	0	[]
ZetaS.SigmaDist.OLLHeight	ZetaS.OLL.psi_cont	A	[Classical.choice, Quot.sound, propext]	0	[]
ZetaS.SigmaDist.OLLHeight	ZetaS.OLL.psi_pos	A	[Classical.choice, Quot.sound, propext]	0	[]
ZetaS.SigmaDist.OLLHeight	ZetaS.OLL.sEq_split	A	[Classical.choice, Quot.sound, propext]	0	[]
ZetaS.SigmaDist.OLLHeight	ZetaS.OLL.schur_step	A	[Classical.choice, Quot.sound, propext]	0	[]
ZetaS.SigmaDist.OLLHeight	ZetaS.OLL.sig.eq_1	A	[Classical.choice, Quot.sound, propext]	0	[]
ZetaS.SigmaDist.OLLHeight	ZetaS.OLL.sig_bij	A	[Classical.choice, Quot.sound, propext]	0	[]
ZetaS.SigmaDist.OLLHeight	ZetaS.OLL.slack_light	A	[Classical.choice, Quot.sound, propext]	0	[]
ZetaS.SigmaDist.OLLHeight	ZetaS.OLL.sum_diag_split	A	[Classical.choice, Quot.sound, propext]	0	[]
ZetaS.SigmaDist.OLLHeight	ZetaS.OLL.sum_eR	A	[Classical.choice, Quot.sound, propext]	0	[]
ZetaS.SigmaDist.OLLHeight	ZetaS.OLL.sum_eT	A	[Classical.choice, Quot.sound, propext]	0	[]
ZetaS.SigmaDist.OLLHeight	ZetaS.OLL.sum_light	A	[Classical.choice, Quot.sound, propext]	0	[]
ZetaS.SigmaDist.OLLHeight	ZetaS.OLL.tight_part	A	[Classical.choice, Quot.sound, propext]	0	[]
ZetaS.SigmaDist.OLLHeight	ZetaS.ZeroFrame.delta.eq_1	A	[Classical.choice, Quot.sound, propext]	0	[]
ZetaS.SigmaDist.OLLHeight	ZetaS.ZeroFrame.light.eq_1	A	[Classical.choice, Quot.sound, propext]	0	[]
ZetaS.SigmaDist.OLLHelpers	ZetaS.OLL.eig_le_of_form	A	[Classical.choice, Quot.sound, propext]	0	[]
ZetaS.SigmaDist.OLLHelpers	ZetaS.OLL.frobSq_eq_sum	A	[Classical.choice, Quot.sound, propext]	0	[]
ZetaS.SigmaDist.OLLHelpers	ZetaS.OLL.psd_entry_sq_le	A	[Classical.choice, Quot.sound, propext]	0	[]
ZetaS.SigmaDist.OLLHelpers	ZetaS.OLL.sum_orderEmb	A	[Classical.choice, Quot.sound, propext]	0	[]
ZetaS.SigmaDist.OLLHelpers	ZetaS.OLL.trFun_congr	A	[Classical.choice, Quot.sound, propext]	0	[]
ZetaS.SigmaDist.OLLHelpers	ZetaS.OLL.trFun_reindex	A	[Classical.choice, Quot.sound, propext]	0	[]
ZetaS.SigmaDist.SigmaHelpers	ZetaS.SigmaHelpers.kPsi_abs_le_one	A	[Classical.choice, Quot.sound, propext]	0	[]
ZetaS.SigmaDist.SigmaHelpers	ZetaS.SigmaHelpers.kPsi_den_pos	A	[Classical.choice, Quot.sound, propext]	0	[]
ZetaS.SigmaDist.SigmaHelpers	ZetaS.SigmaHelpers.kPsi_neg	A	[Classical.choice, Quot.sound, propext]	0	[]
ZetaS.SigmaDist.SigmaHelpers	ZetaS.SigmaHelpers.kPsi_zero	A	[Classical.choice, Quot.sound, propext]	0	[]
ZetaS.Skeleton.A8g_SigmaDistGeneral	ZetaS.OLL_gen	SORRY	[Classical.choice, Quot.sound, propext, sorryAx]	1	[ZetaS.OLL_gen [ZetaS.Skeleton.A8g_SigmaDistGeneral]]
ZetaS.Skeleton.A8g_SigmaDistGeneral	ZetaS.dist_abstract_gen	SORRY	[Classical.choice, Quot.sound, propext, sorryAx]	1	[ZetaS.dist_abstract_gen [ZetaS.Skeleton.A8g_SigmaDistGeneral]]
ZetaS.Skeleton.A8g_SigmaDistGeneral	ZetaS.dist_abstract_of_gen	SORRY	[Classical.choice, Quot.sound, propext, sorryAx]	1	[ZetaS.dist_abstract_gen [ZetaS.Skeleton.A8g_SigmaDistGeneral]]
ZetaS.Skeleton.A8g_SigmaDistGeneral	ZetaS.sigma_abstract_gen	SORRY	[Classical.choice, Quot.sound, propext, sorryAx]	1	[ZetaS.sigma_abstract_gen [ZetaS.Skeleton.A8g_SigmaDistGeneral]]
ZetaS.Skeleton.A8g_SigmaDistGeneral	ZetaS.sigma_abstract_of_gen	SORRY	[Classical.choice, Quot.sound, propext, sorryAx]	1	[ZetaS.sigma_abstract_gen [ZetaS.Skeleton.A8g_SigmaDistGeneral]]
ZetaS.Top.A7K5	ZetaS.A7K5.OLL_K5	A	[Classical.choice, Quot.sound, propext]	0	[]
ZetaS.Top.A7K5	ZetaS.A7K5.dist_K5'	A	[Classical.choice, Quot.sound, propext]	0	[]
ZetaS.Top.A7K5	ZetaS.A7K5.dom_nonneg	A	[Classical.choice, Quot.sound, propext]	0	[]
ZetaS.Top.A7K5	ZetaS.A7K5.frame_step2_K5'	A	[Classical.choice, Quot.sound, propext]	0	[]
ZetaS.Top.A7K5	ZetaS.A7K5.n_le_Nw	A	[Classical.choice, Quot.sound, propext]	0	[]
ZetaS.Top.A7K5	ZetaS.A7K5.sigma_K5'	A	[Classical.choice, Quot.sound, propext]	0	[]
ZetaS.Top.A7K7b	ZetaS.A7K7b.OLL_K7b	A	[Classical.choice, Quot.sound, propext]	0	[]
ZetaS.Top.A7K7b	ZetaS.A7K7b.dist_K7'	A	[Classical.choice, Quot.sound, propext]	0	[]
ZetaS.Top.A7K7b	ZetaS.A7K7b.frame_step2_K7'	A	[Classical.choice, Quot.sound, propext]	0	[]
ZetaS.Top.A7K7b	ZetaS.A7K7b.sigma_K7'	A	[Classical.choice, Quot.sound, propext]	0	[]
ZetaS.Top.A8K	ZetaS.A8K.dist_K5	A	[Classical.choice, Quot.sound, propext]	0	[]
ZetaS.Top.A8K	ZetaS.A8K.dist_K5_of_FI	A	[Classical.choice, Quot.sound, propext]	0	[]
ZetaS.Top.A8K	ZetaS.A8K.dist_K7b	A	[Classical.choice, Quot.sound, propext]	0	[]
ZetaS.Top.A8K	ZetaS.A8K.dist_K7b_of_FI	A	[Classical.choice, Quot.sound, propext]	0	[]
ZetaS.Top.A8K	ZetaS.A8K.frame_step2_K5	A	[Classical.choice, Quot.sound, propext]	0	[]
ZetaS.Top.A8K	ZetaS.A8K.frame_step2_K7	A	[Classical.choice, Quot.sound, propext]	0	[]
ZetaS.Top.A8K	ZetaS.A8K.frame_step2_gen	A	[Classical.choice, Quot.sound, propext]	0	[]
ZetaS.Top.A8K	ZetaS.A8K.sigma_K5	A	[Classical.choice, Quot.sound, propext]	0	[]
ZetaS.Top.A8K	ZetaS.A8K.sigma_K5_of_FI	A	[Classical.choice, Quot.sound, propext]	0	[]
ZetaS.Top.A8K	ZetaS.A8K.sigma_K7b	A	[Classical.choice, Quot.sound, propext]	0	[]
ZetaS.Top.A8K	ZetaS.A8K.sigma_K7b_of_FI	A	[Classical.choice, Quot.sound, propext]	0	[]
ZetaS.Top.KPsiCos	ZetaS.kPsi_cos_eq_kPsi_psiCos16	A	[Classical.choice, Quot.sound, propext]	0	[]
ZetaS.Top.N1_Numerics	ZetaS.Hpsi_cos16	A	[Classical.choice, Quot.sound, propext]	0	[]
ZetaS.Top.N1_Numerics	ZetaS.distConst_eq_cos	A	[Classical.choice, Quot.sound, propext]	0	[]
ZetaS.Top.N1_Numerics	ZetaS.num_dist	A	[Classical.choice, Quot.sound, propext]	0	[]
ZetaS.Top.N1_Numerics	ZetaS.num_dist_K5	A	[Classical.choice, Quot.sound, propext]	0	[]
ZetaS.Top.N1_Numerics	ZetaS.num_sc	A	[Classical.choice, Quot.sound, propext]	0	[]
ZetaS.Top.N1_Numerics	ZetaS.num_sigma	A	[Classical.choice, Quot.sound, propext]	0	[]
ZetaS.Top.N1_Numerics	ZetaS.num_sigma_K5	A	[Classical.choice, Quot.sound, propext]	0	[]
ZetaS.Top.N1_Numerics	ZetaS.num_stab	A	[Classical.choice, Quot.sound, propext]	0	[]
ZetaS.Top.N1_Numerics	ZetaS.sigmaConst_eq_cos	A	[Classical.choice, Quot.sound, propext]	0	[]
ZetaS.Top.N1_Numerics	ZetaS.stabConst.eq_1	A	[Classical.choice, Quot.sound, propext]	0	[]
ZetaS.Top.N2_Robust	ZetaS.N2r.den_eq	A	[Classical.choice, Quot.sound, propext]	0	[]
ZetaS.Top.N2_Robust	ZetaS.N2r.hasDerivAt_sin_div	A	[Classical.choice, Quot.sound, propext]	0	[]
ZetaS.Top.N2_Robust	ZetaS.N2r.kPsi_34_eq	A	[Classical.choice, Quot.sound, propext]	0	[]
ZetaS.Top.N2_Robust	ZetaS.N2r.num_eq	A	[Classical.choice, Quot.sound, propext]	0	[]
ZetaS.Top.N2_Robust	ZetaS.RobustAM.a₁_nonneg	A	[Classical.choice, Quot.sound, propext]	0	[]
ZetaS.Top.N2_Robust	ZetaS.RobustAM.a₂_nonneg	A	[Classical.choice, Quot.sound, propext]	0	[]
ZetaS.Top.N2_Robust	ZetaS.RobustAM.beta_lt	A	[Classical.choice, Quot.sound, propext]	0	[]
ZetaS.Top.N2_Robust	ZetaS.RobustAM.cstar_pos	A	[Classical.choice, Quot.sound, propext]	0	[]
ZetaS.Top.N2_Robust	ZetaS.RobustAM.den_d	A	[Classical.choice, Quot.sound, propext]	0	[]
ZetaS.Top.N2_Robust	ZetaS.RobustAM.den_s	A	[Classical.choice, Quot.sound, propext]	0	[]
ZetaS.Top.N2_Robust	ZetaS.RobustAM.heavy_d	A	[Classical.choice, Quot.sound, propext]	0	[]
ZetaS.Top.N2_Robust	ZetaS.RobustAM.heavy_s	A	[Classical.choice, Quot.sound, propext]	0	[]
ZetaS.Top.N2_Robust	ZetaS.RobustAM.pair_d	A	[Classical.choice, Quot.sound, propext]	0	[]
ZetaS.Top.N2_Robust	ZetaS.RobustAM.pair_s	A	[Classical.choice, Quot.sound, propext]	0	[]
ZetaS.Top.N2_Robust	ZetaS.RobustAM.tight	A	[Classical.choice, Quot.sound, propext]	0	[]
ZetaS.Top.N2_Robust	ZetaS.RobustAM.ν_nonneg	A	[Classical.choice, Quot.sound, propext]	0	[]
ZetaS.Top.N2_Robust	ZetaS.beta33_lt_K5	A	[Classical.choice, Quot.sound, propext]	0	[]
ZetaS.Top.N2_Robust	ZetaS.beta33_lt_K7	A	[Classical.choice, Quot.sound, propext]	0	[]
ZetaS.Top.N2_Robust	ZetaS.certMaj_lt_K7	A	[Classical.choice, Quot.sound, propext]	0	[]
ZetaS.Top.N2_Robust	ZetaS.kPsi_cos16_34_bounds	A	[Classical.choice, Quot.sound, propext]	0	[]
ZetaS.Top.N2_Robust	ZetaS.robustAM_of_small	A	[Classical.choice, Quot.sound, propext]	0	[]
ZetaS.Top.N2_Robust	ZetaS.robust_K5	A	[Classical.choice, Quot.sound, propext]	0	[]
ZetaS.Top.N2_Robust	ZetaS.robust_K7	A	[Classical.choice, Quot.sound, propext]	0	[]
ZetaS.Top.N2_Robust	ZetaS.thirtythree_lt_lambdaC	A	[Classical.choice, Quot.sound, propext]	0	[]
ZetaS.Top.OLLHeight5	ZetaS.OLL5.Cg.eq_1	A	[Classical.choice, Quot.sound, propext]	0	[]
ZetaS.Top.OLLHeight5	ZetaS.OLL5.Cg_abs_le_one	A	[Classical.choice, Quot.sound, propext]	0	[]
ZetaS.Top.OLLHeight5	ZetaS.OLL5.Cg_apply	A	[Classical.choice, Quot.sound, propext]	0	[]
ZetaS.Top.OLLHeight5	ZetaS.OLL5.Cg_close	A	[Classical.choice, Quot.sound, propext]	0	[]
ZetaS.Top.OLLHeight5	ZetaS.OLL5.Cg_diag	A	[Classical.choice, Quot.sound, propext]	0	[]
ZetaS.Top.OLLHeight5	ZetaS.OLL5.Cg_eq	A	[Classical.choice, Quot.sound, propext]	0	[]
ZetaS.Top.OLLHeight5	ZetaS.OLL5.Cg_psd	A	[Classical.choice, Quot.sound, propext]	0	[]
ZetaS.Top.OLLHeight5	ZetaS.OLL5.Cg_symm	A	[Classical.choice, Quot.sound, propext]	0	[]
ZetaS.Top.OLLHeight5	ZetaS.OLL5.E_R	A	[Classical.choice, Quot.sound, propext]	0	[]
ZetaS.Top.OLLHeight5	ZetaS.OLL5.Etr_abs_le	A	[Classical.choice, Quot.sound, propext]	0	[]
ZetaS.Top.OLLHeight5	ZetaS.OLL5.MR.eq_1	A	[Classical.choice, Quot.sound, propext]	0	[]
ZetaS.Top.OLLHeight5	ZetaS.OLL5.MR_eig	A	[Classical.choice, Quot.sound, propext]	0	[]
ZetaS.Top.OLLHeight5	ZetaS.OLL5.MR_form	A	[Classical.choice, Quot.sound, propext]	0	[]
ZetaS.Top.OLLHeight5	ZetaS.OLL5.MR_herm	A	[Classical.choice, Quot.sound, propext]	0	[]
ZetaS.Top.OLLHeight5	ZetaS.OLL5.MT.eq_1	A	[Classical.choice, Quot.sound, propext]	0	[]
ZetaS.Top.OLLHeight5	ZetaS.OLL5.MT_eq	A	[Classical.choice, Quot.sound, propext]	0	[]
ZetaS.Top.OLLHeight5	ZetaS.OLL5.MT_herm	A	[Classical.choice, Quot.sound, propext]	0	[]
ZetaS.Top.OLLHeight5	ZetaS.OLL5.MY.eq_1	A	[Classical.choice, Quot.sound, propext]	0	[]
ZetaS.Top.OLLHeight5	ZetaS.OLL5.Mf.eq_1	A	[Classical.choice, Quot.sound, propext]	0	[]
ZetaS.Top.OLLHeight5	ZetaS.OLL5.Mf_diag	A	[Classical.choice, Quot.sound, propext]	0	[]
ZetaS.Top.OLLHeight5	ZetaS.OLL5.Mf_sq	A	[Classical.choice, Quot.sound, propext]	0	[]
ZetaS.Top.OLLHeight5	ZetaS.OLL5.Mf_symm	A	[Classical.choice, Quot.sound, propext]	0	[]
ZetaS.Top.OLLHeight5	ZetaS.OLL5.P.eq_1	A	[Classical.choice, Quot.sound, propext]	0	[]
ZetaS.Top.OLLHeight5	ZetaS.OLL5.PP_split	A	[Classical.choice, Quot.sound, propext]	0	[]
ZetaS.Top.OLLHeight5	ZetaS.OLL5.PPt.eq_1	A	[Classical.choice, Quot.sound, propext]	0	[]
ZetaS.Top.OLLHeight5	ZetaS.OLL5.P_symm	A	[Classical.choice, Quot.sound, propext]	0	[]
ZetaS.Top.OLLHeight5	ZetaS.OLL5.R_sep	A	[Classical.choice, Quot.sound, propext]	0	[]
ZetaS.Top.OLLHeight5	ZetaS.OLL5.R_sub	A	[Classical.choice, Quot.sound, propext]	0	[]
ZetaS.Top.OLLHeight5	ZetaS.OLL5.TR_disj	A	[Classical.choice, Quot.sound, propext]	0	[]
ZetaS.Top.OLLHeight5	ZetaS.OLL5.TR_union	A	[Classical.choice, Quot.sound, propext]	0	[]
ZetaS.Top.OLLHeight5	ZetaS.OLL5.T_adj	A	[Classical.choice, Quot.sound, propext]	0	[]
ZetaS.Top.OLLHeight5	ZetaS.OLL5.T_sub	A	[Classical.choice, Quot.sound, propext]	0	[]
ZetaS.Top.OLLHeight5	ZetaS.OLL5.T_tight	A	[Classical.choice, Quot.sound, propext]	0	[]
ZetaS.Top.OLLHeight5	ZetaS.OLL5.Y_T	A	[Classical.choice, Quot.sound, propext]	0	[]
ZetaS.Top.OLLHeight5	ZetaS.OLL5.agg_R	A	[Classical.choice, Quot.sound, propext]	0	[]
ZetaS.Top.OLLHeight5	ZetaS.OLL5.bet.eq_1	A	[Classical.choice, Quot.sound, propext]	0	[]
ZetaS.Top.OLLHeight5	ZetaS.OLL5.bet_R	A	[Classical.choice, Quot.sound, propext]	0	[]
ZetaS.Top.OLLHeight5	ZetaS.OLL5.blocks_eq	A	[Classical.choice, Quot.sound, propext]	0	[]
ZetaS.Top.OLLHeight5	ZetaS.OLL5.cnt_R	A	[Classical.choice, Quot.sound, propext]	0	[]
ZetaS.Top.OLLHeight5	ZetaS.OLL5.cnt_R2	A	[Classical.choice, Quot.sound, propext]	0	[]
ZetaS.Top.OLLHeight5	ZetaS.OLL5.cnt_T	A	[Classical.choice, Quot.sound, propext]	0	[]
ZetaS.Top.OLLHeight5	ZetaS.OLL5.cstar_bounds	A	[Classical.choice, Quot.sound, propext]	0	[]
ZetaS.Top.OLLHeight5	ZetaS.OLL5.delta_le_one	A	[Classical.choice, Quot.sound, propext]	0	[]
ZetaS.Top.OLLHeight5	ZetaS.OLL5.delta_nonneg	A	[Classical.choice, Quot.sound, propext]	0	[]
ZetaS.Top.OLLHeight5	ZetaS.OLL5.dg_bet	A	[Classical.choice, Quot.sound, propext]	0	[]
ZetaS.Top.OLLHeight5	ZetaS.OLL5.dgf.eq_1	A	[Classical.choice, Quot.sound, propext]	0	[]
ZetaS.Top.OLLHeight5	ZetaS.OLL5.double_emb	A	[Classical.choice, Quot.sound, propext]	0	[]
ZetaS.Top.OLLHeight5	ZetaS.OLL5.eR.eq_1	A	[Classical.choice, Quot.sound, propext]	0	[]
ZetaS.Top.OLLHeight5	ZetaS.OLL5.eR_mem	A	[Classical.choice, Quot.sound, propext]	0	[]
ZetaS.Top.OLLHeight5	ZetaS.OLL5.eT.eq_1	A	[Classical.choice, Quot.sound, propext]	0	[]
ZetaS.Top.OLLHeight5	ZetaS.OLL5.eT_mem	A	[Classical.choice, Quot.sound, propext]	0	[]
ZetaS.Top.OLLHeight5	ZetaS.OLL5.form_eq	A	[Classical.choice, Quot.sound, propext]	0	[]
ZetaS.Top.OLLHeight5	ZetaS.OLL5.frob_T	A	[Classical.choice, Quot.sound, propext]	0	[]
ZetaS.Top.OLLHeight5	ZetaS.OLL5.k_abs_le_one	A	[Classical.choice, Quot.sound, propext]	0	[]
ZetaS.Top.OLLHeight5	ZetaS.OLL5.kpsi_abs	A	[Classical.choice, Quot.sound, propext]	0	[]
ZetaS.Top.OLLHeight5	ZetaS.OLL5.kpsi_close	A	[Classical.choice, Quot.sound, propext]	0	[]
ZetaS.Top.OLLHeight5	ZetaS.OLL5.light_iff	A	[Classical.choice, Quot.sound, propext]	0	[]
ZetaS.Top.OLLHeight5	ZetaS.OLL5.light_m	A	[Classical.choice, Quot.sound, propext]	0	[]
ZetaS.Top.OLLHeight5	ZetaS.OLL5.mem_R_notclose	A	[Classical.choice, Quot.sound, propext]	0	[]
ZetaS.Top.OLLHeight5	ZetaS.OLL5.mem_T_close	A	[Classical.choice, Quot.sound, propext]	0	[]
ZetaS.Top.OLLHeight5	ZetaS.OLL5.mem_range_eR	A	[Classical.choice, Quot.sound, propext]	0	[]
ZetaS.Top.OLLHeight5	ZetaS.OLL5.mem_range_eT	A	[Classical.choice, Quot.sound, propext]	0	[]
ZetaS.Top.OLLHeight5	ZetaS.OLL5.mu_ge	A	[Classical.choice, Quot.sound, propext]	0	[]
ZetaS.Top.OLLHeight5	ZetaS.OLL5.oll_height	A	[Classical.choice, Quot.sound, propext]	0	[]
ZetaS.Top.OLLHeight5	ZetaS.OLL5.psi_cont	A	[Classical.choice, Quot.sound, propext]	0	[]
ZetaS.Top.OLLHeight5	ZetaS.OLL5.psi_pos	A	[Classical.choice, Quot.sound, propext]	0	[]
ZetaS.Top.OLLHeight5	ZetaS.OLL5.sEq_split	A	[Classical.choice, Quot.sound, propext]	0	[]
ZetaS.Top.OLLHeight5	ZetaS.OLL5.schur_step	A	[Classical.choice, Quot.sound, propext]	0	[]
ZetaS.Top.OLLHeight5	ZetaS.OLL5.sig.eq_1	A	[Classical.choice, Quot.sound, propext]	0	[]
ZetaS.Top.OLLHeight5	ZetaS.OLL5.sig_bij	A	[Classical.choice, Quot.sound, propext]	0	[]
ZetaS.Top.OLLHeight5	ZetaS.OLL5.slack_light	A	[Classical.choice, Quot.sound, propext]	0	[]
ZetaS.Top.OLLHeight5	ZetaS.OLL5.sum_diag_split	A	[Classical.choice, Quot.sound, propext]	0	[]
ZetaS.Top.OLLHeight5	ZetaS.OLL5.sum_eR	A	[Classical.choice, Quot.sound, propext]	0	[]
ZetaS.Top.OLLHeight5	ZetaS.OLL5.sum_eT	A	[Classical.choice, Quot.sound, propext]	0	[]
ZetaS.Top.OLLHeight5	ZetaS.OLL5.sum_light	A	[Classical.choice, Quot.sound, propext]	0	[]
ZetaS.Top.OLLHeight5	ZetaS.OLL5.tight_part	A	[Classical.choice, Quot.sound, propext]	0	[]
ZetaS.Top.PolyMoments	ZetaS.Hpsi_poly8A	A	[Classical.choice, Quot.sound, propext]	0	[]
ZetaS.Top.PolyMoments	ZetaS.PolyMom.Gpsi_eq	A	[Classical.choice, Quot.sound, propext]	0	[]
ZetaS.Top.PolyMoments	ZetaS.PolyMom.cG.eq_1	A	[Classical.choice, Quot.sound, propext]	0	[]
ZetaS.Top.PolyMoments	ZetaS.PolyMom.cGψ.eq_1	A	[Classical.choice, Quot.sound, propext]	0	[]
ZetaS.Top.PolyMoments	ZetaS.PolyMom.cont_psi	A	[Classical.choice, Quot.sound, propext]	0	[]
ZetaS.Top.PolyMoments	ZetaS.PolyMom.cψ.eq_1	A	[Classical.choice, Quot.sound, propext]	0	[]
ZetaS.Top.PolyMoments	ZetaS.PolyMom.cψ1.eq_1	A	[Classical.choice, Quot.sound, propext]	0	[]
ZetaS.Top.PolyMoments	ZetaS.PolyMom.cψ2.eq_1	A	[Classical.choice, Quot.sound, propext]	0	[]
ZetaS.Top.PolyMoments	ZetaS.PolyMom.int_psi	A	[Classical.choice, Quot.sound, propext]	0	[]
ZetaS.Top.PolyMoments	ZetaS.PolyMom.int_psi_sq	A	[Classical.choice, Quot.sound, propext]	0	[]
ZetaS.Top.PolyMoments	ZetaS.PolyMom.jInt_psi	A	[Classical.choice, Quot.sound, propext]	0	[]
ZetaS.Top.PolyMoments	ZetaS.PolyMom.kernel_psi	A	[Classical.choice, Quot.sound, propext]	0	[]
ZetaS.Top.PolyMoments	ZetaS.PolyMom.psi1_eq	A	[Classical.choice, Quot.sound, propext]	0	[]
ZetaS.Top.PolyMoments	ZetaS.PolyMom.psi2_eq	A	[Classical.choice, Quot.sound, propext]	0	[]
ZetaS.Top.PolyMoments	ZetaS.PolyMom.psi_eq	A	[Classical.choice, Quot.sound, propext]	0	[]
ZetaS.Top.PolyMoments	ZetaS.psiPoly8A.eq_1	A	[Classical.choice, Quot.sound, propext]	0	[]
ZetaS.Top.TopFinal	ZetaS.Top.zeta_distinct_K5_final	A	[Classical.choice, Quot.sound, propext]	0	[]
ZetaS.Top.TopFinal	ZetaS.Top.zeta_distinct_K7_final	A	[Classical.choice, Quot.sound, propext]	0	[]
ZetaS.Top.TopFinal	ZetaS.Top.zeta_simple_K5_final	A	[Classical.choice, Quot.sound, propext]	0	[]
ZetaS.Top.TopFinal	ZetaS.Top.zeta_simple_K7_final	A	[Classical.choice, Quot.sound, propext]	0	[]
ZetaS.Top.TopSSC	ZetaS.Top.hBm	A	[Classical.choice, Quot.sound, propext]	0	[]
ZetaS.Top.TopSSC	ZetaS.Top.int_psiPoly8A_ne	A	[Classical.choice, Quot.sound, propext]	0	[]
ZetaS.Top.TopSSC	ZetaS.Top.psiPoly8A_cont	A	[Classical.choice, Quot.sound, propext]	0	[]
ZetaS.Top.TopSSC	ZetaS.Top.psiPoly8A_pos	A	[Classical.choice, Quot.sound, propext]	0	[]
ZetaS.Top.TopSSC	ZetaS.Top.sc_lim	A	[Classical.choice, Quot.sound, propext]	0	[]
ZetaS.Top.TopSSC	ZetaS.Top.stab_affine	A	[Classical.choice, Quot.sound, propext]	0	[]
ZetaS.Top.TopSSC	ZetaS.Top.stab_lim	A	[Classical.choice, Quot.sound, propext]	0	[]
ZetaS.Top.TopSSC	ZetaS.Top.zeta_simple_on_line	A	[Classical.choice, Quot.sound, propext]	0	[]
ZetaS.Top.TopSSC	ZetaS.Top.zeta_simple_or_critical	A	[Classical.choice, Quot.sound, propext]	0	[]
ZetaS.Top.TopSolution	ZetaS.Top.dist_at_lam	A	[Classical.choice, Quot.sound, propext]	0	[]
ZetaS.Top.TopSolution	ZetaS.Top.dist_lim	A	[Classical.choice, Quot.sound, propext]	0	[]
ZetaS.Top.TopSolution	ZetaS.Top.eps_seam	A	[Classical.choice, Quot.sound, propext]	0	[]
ZetaS.Top.TopSolution	ZetaS.Top.headline_dist	A	[Classical.choice, Quot.sound, propext]	0	[]
ZetaS.Top.TopSolution	ZetaS.Top.headline_simple	A	[Classical.choice, Quot.sound, propext]	0	[]
ZetaS.Top.TopSolution	ZetaS.Top.int_psiCos16_ne	A	[Classical.choice, Quot.sound, propext]	0	[]
ZetaS.Top.TopSolution	ZetaS.Top.sigma_lim	A	[Classical.choice, Quot.sound, propext]	0	[]
ZetaS.Top.TopSolution	ZetaS.Top.simple_at_lam	A	[Classical.choice, Quot.sound, propext]	0	[]
ZetaS.Top.TopSolution	ZetaS.Top.w2l_holds	A	[Classical.choice, Quot.sound, propext]	0	[]
ZetaS.Top.TopSolution	ZetaS.Top.zeta_distinct_K5_V2	A	[Classical.choice, Quot.sound, propext]	0	[]
ZetaS.Top.TopSolution	ZetaS.Top.zeta_distinct_K7_V2	A	[Classical.choice, Quot.sound, propext]	0	[]
ZetaS.Top.TopSolution	ZetaS.Top.zeta_simple_K5_V2	A	[Classical.choice, Quot.sound, propext]	0	[]
ZetaS.Top.TopSolution	ZetaS.Top.zeta_simple_K7_V2	A	[Classical.choice, Quot.sound, propext]	0	[]
ZetaS.Top.TopSolutionGeneral	ZetaS.A8K.a7g_holds	SORRY	[Classical.choice, Quot.sound, propext, sorryAx]	1	[ZetaS.OLL_gen [ZetaS.Skeleton.A8g_SigmaDistGeneral]]
ZetaS.Top.TopSolutionGeneral	ZetaS.Top.a8g_dist_holds	SORRY	[Classical.choice, Quot.sound, propext, sorryAx]	1	[ZetaS.dist_abstract_gen [ZetaS.Skeleton.A8g_SigmaDistGeneral]]
ZetaS.Top.TopSolutionGeneral	ZetaS.Top.a8g_simple_holds	SORRY	[Classical.choice, Quot.sound, propext, sorryAx]	1	[ZetaS.sigma_abstract_gen [ZetaS.Skeleton.A8g_SigmaDistGeneral]]
ZetaS.Top.TopSolutionGeneral	ZetaS.Top.zeta_distinct_K5_cond	A	[Classical.choice, Quot.sound, propext]	0	[]
ZetaS.Top.TopSolutionGeneral	ZetaS.Top.zeta_distinct_K5_cond7	A	[Classical.choice, Quot.sound, propext]	0	[]
ZetaS.Top.TopSolutionGeneral	ZetaS.Top.zeta_distinct_K5_of_majorant	SORRY	[Classical.choice, Quot.sound, propext, sorryAx]	1	[ZetaS.OLL_gen [ZetaS.Skeleton.A8g_SigmaDistGeneral]]
ZetaS.Top.TopSolutionGeneral	ZetaS.Top.zeta_distinct_K7_cond	A	[Classical.choice, Quot.sound, propext]	0	[]
ZetaS.Top.TopSolutionGeneral	ZetaS.Top.zeta_distinct_K7_cond7	A	[Classical.choice, Quot.sound, propext]	0	[]
ZetaS.Top.TopSolutionGeneral	ZetaS.Top.zeta_distinct_K7_of_majorant	SORRY	[Classical.choice, Quot.sound, propext, sorryAx]	1	[ZetaS.OLL_gen [ZetaS.Skeleton.A8g_SigmaDistGeneral]]
ZetaS.Top.TopSolutionGeneral	ZetaS.Top.zeta_simple_K5_cond	A	[Classical.choice, Quot.sound, propext]	0	[]
ZetaS.Top.TopSolutionGeneral	ZetaS.Top.zeta_simple_K5_cond7	A	[Classical.choice, Quot.sound, propext]	0	[]
ZetaS.Top.TopSolutionGeneral	ZetaS.Top.zeta_simple_K5_of_majorant	SORRY	[Classical.choice, Quot.sound, propext, sorryAx]	1	[ZetaS.OLL_gen [ZetaS.Skeleton.A8g_SigmaDistGeneral]]
ZetaS.Top.TopSolutionGeneral	ZetaS.Top.zeta_simple_K7_cond	A	[Classical.choice, Quot.sound, propext]	0	[]
ZetaS.Top.TopSolutionGeneral	ZetaS.Top.zeta_simple_K7_cond7	A	[Classical.choice, Quot.sound, propext]	0	[]
ZetaS.Top.TopSolutionGeneral	ZetaS.Top.zeta_simple_K7_of_majorant	SORRY	[Classical.choice, Quot.sound, propext, sorryAx]	1	[ZetaS.OLL_gen [ZetaS.Skeleton.A8g_SigmaDistGeneral]]
ZetaS.Window.CosWindow	ZetaS.CosWindow.HC_37_25	A	[Classical.choice, Quot.sound, propext]	0	[]
ZetaS.Window.CosWindow	ZetaS.CosWindow.HC_37_25_eq	A	[Classical.choice, Quot.sound, propext]	0	[]
ZetaS.Window.CosWindow	ZetaS.CosWindow.HC_eight_fifths	A	[Classical.choice, Quot.sound, propext]	0	[]
ZetaS.Window.CosWindow	ZetaS.CosWindow.HC_eight_fifths_eq	A	[Classical.choice, Quot.sound, propext]	0	[]
ZetaS.Window.CosWindow	ZetaS.CosWindow.HC_eq	A	[Classical.choice, Quot.sound, propext]	0	[]
ZetaS.Window.CosWindow	ZetaS.CosWindow.Rquot_cosW	A	[Classical.choice, Quot.sound, propext]	0	[]
ZetaS.Window.CosWindow	ZetaS.CosWindow.abs_deriv2_fC_le	A	[Classical.choice, Quot.sound, propext]	0	[]
ZetaS.Window.CosWindow	ZetaS.CosWindow.abs_deriv2_hC_le	A	[Classical.choice, Quot.sound, propext]	0	[]
ZetaS.Window.CosWindow	ZetaS.CosWindow.abs_deriv_fC_le	A	[Classical.choice, Quot.sound, propext]	0	[]
ZetaS.Window.CosWindow	ZetaS.CosWindow.abs_deriv_hC_le	A	[Classical.choice, Quot.sound, propext]	0	[]
ZetaS.Window.CosWindow	ZetaS.CosWindow.admWindow_cos	A	[Classical.choice, Quot.sound, propext]	0	[]
ZetaS.Window.CosWindow	ZetaS.CosWindow.admWindow_phiV_cos	A	[Classical.choice, Quot.sound, propext]	0	[]
ZetaS.Window.CosWindow	ZetaS.CosWindow.arg_bound	A	[Classical.choice, Quot.sound, propext]	0	[]
ZetaS.Window.CosWindow	ZetaS.CosWindow.cosW_even	A	[Classical.choice, Quot.sound, propext]	0	[]
ZetaS.Window.CosWindow	ZetaS.CosWindow.cos_37_50	A	[Classical.choice, Quot.sound, propext]	0	[]
ZetaS.Window.CosWindow	ZetaS.CosWindow.cos_four_fifths	A	[Classical.choice, Quot.sound, propext]	0	[]
ZetaS.Window.CosWindow	ZetaS.CosWindow.cos_taylor_bounds	A	[Classical.choice, Quot.sound, propext]	0	[]
ZetaS.Window.CosWindow	ZetaS.CosWindow.deriv2_hC	A	[Classical.choice, Quot.sound, propext]	0	[]
ZetaS.Window.CosWindow	ZetaS.CosWindow.deriv_hC	A	[Classical.choice, Quot.sound, propext]	0	[]
ZetaS.Window.CosWindow	ZetaS.CosWindow.dist_K5	A	[Classical.choice, Quot.sound, propext]	0	[]
ZetaS.Window.CosWindow	ZetaS.CosWindow.dist_K7	A	[Classical.choice, Quot.sound, propext]	0	[]
ZetaS.Window.CosWindow	ZetaS.CosWindow.fC.eq_1	A	[Classical.choice, Quot.sound, propext]	0	[]
ZetaS.Window.CosWindow	ZetaS.CosWindow.fC_contDiffOn	A	[Classical.choice, Quot.sound, propext]	0	[]
ZetaS.Window.CosWindow	ZetaS.CosWindow.fC_core_ge	A	[Classical.choice, Quot.sound, propext]	0	[]
ZetaS.Window.CosWindow	ZetaS.CosWindow.fC_eq_sqrt_of_mem	A	[Classical.choice, Quot.sound, propext]	0	[]
ZetaS.Window.CosWindow	ZetaS.CosWindow.fC_even	A	[Classical.choice, Quot.sound, propext]	0	[]
ZetaS.Window.CosWindow	ZetaS.CosWindow.fC_le_one	A	[Classical.choice, Quot.sound, propext]	0	[]
ZetaS.Window.CosWindow	ZetaS.CosWindow.fC_mul_self_of_mem	A	[Classical.choice, Quot.sound, propext]	0	[]
ZetaS.Window.CosWindow	ZetaS.CosWindow.fC_nonneg	A	[Classical.choice, Quot.sound, propext]	0	[]
ZetaS.Window.CosWindow	ZetaS.CosWindow.hC_contDiff	A	[Classical.choice, Quot.sound, propext]	0	[]
ZetaS.Window.CosWindow	ZetaS.CosWindow.hC_core_ge	A	[Classical.choice, Quot.sound, propext]	0	[]
ZetaS.Window.CosWindow	ZetaS.CosWindow.hC_pos_of_mem	A	[Classical.choice, Quot.sound, propext]	0	[]
ZetaS.Window.CosWindow	ZetaS.CosWindow.hasDerivAt_hC	A	[Classical.choice, Quot.sound, propext]	0	[]
ZetaS.Window.CosWindow	ZetaS.CosWindow.hasDerivAt_left'	A	[Classical.choice, Quot.sound, propext]	0	[]
ZetaS.Window.CosWindow	ZetaS.CosWindow.hasDerivAt_right'	A	[Classical.choice, Quot.sound, propext]	0	[]
ZetaS.Window.CosWindow	ZetaS.CosWindow.integral_cosW	A	[Classical.choice, Quot.sound, propext]	0	[]
ZetaS.Window.CosWindow	ZetaS.CosWindow.integral_cosW_sq	A	[Classical.choice, Quot.sound, propext]	0	[]
ZetaS.Window.CosWindow	ZetaS.CosWindow.jInt_cosW	A	[Classical.choice, Quot.sound, propext]	0	[]
ZetaS.Window.CosWindow	ZetaS.CosWindow.kernel_cos	A	[Classical.choice, Quot.sound, propext]	0	[]
ZetaS.Window.CosWindow	ZetaS.CosWindow.modFactor_fC	A	[Classical.choice, Quot.sound, propext]	0	[]
ZetaS.Window.CosWindow	ZetaS.CosWindow.phiV_cos_eq	A	[Classical.choice, Quot.sound, propext]	0	[]
ZetaS.Window.CosWindow	ZetaS.CosWindow.sigma_K5	A	[Classical.choice, Quot.sound, propext]	0	[]
ZetaS.Window.CosWindow	ZetaS.CosWindow.sigma_K7	A	[Classical.choice, Quot.sound, propext]	0	[]
ZetaS.Window.CosWindow	ZetaS.CosWindow.sin_37_50	A	[Classical.choice, Quot.sound, propext]	0	[]
ZetaS.Window.CosWindow	ZetaS.CosWindow.sin_four_fifths	A	[Classical.choice, Quot.sound, propext]	0	[]
ZetaS.Window.CosWindow	ZetaS.CosWindow.sin_taylor_bounds	A	[Classical.choice, Quot.sound, propext]	0	[]
ZetaS.Window.EndgameV	ZetaS.EndgameV.thmV_mult2_abstract	A	[Classical.choice, Quot.sound, propext]	0	[]
ZetaS.Window.EndgameV	ZetaS.EndgameV.thmV_mult3_abstract	A	[Classical.choice, Quot.sound, propext]	0	[]
ZetaS.Window.GramV	ZetaS.GramV.frob_two_sided_alg	A	[Classical.choice, Quot.sound, propext]	0	[]
ZetaS.Window.GramV	ZetaS.GramV.gram_asymptotics_V	A	[Classical.choice, Quot.sound, propext]	0	[]
ZetaS.Window.GramV	ZetaS.GramV.zeta_gram_cos85_lam	A	[Classical.choice, Quot.sound, propext]	0	[]
ZetaS.Window.GramV	ZetaS.GramV.zeta_gram_poly8A_lam	A	[Classical.choice, Quot.sound, propext]	0	[]
ZetaS.Window.HeadlineV	ZetaS.HeadlineV.aC_eight_fifths	A	[Classical.choice, Quot.sound, propext]	0	[]
ZetaS.Window.HeadlineV	ZetaS.HeadlineV.dist_V_lam_abstract	A	[Classical.choice, Quot.sound, propext]	0	[]
ZetaS.Window.HeadlineV	ZetaS.HeadlineV.eps_lift	A	[Classical.choice, Quot.sound, propext]	0	[]
ZetaS.Window.HeadlineV	ZetaS.HeadlineV.eps_lift_dist	A	[Classical.choice, Quot.sound, propext]	0	[]
ZetaS.Window.HeadlineV	ZetaS.HeadlineV.jC_nonneg	A	[Classical.choice, Quot.sound, propext]	0	[]
ZetaS.Window.HeadlineV	ZetaS.HeadlineV.jWin_cosW	A	[Classical.choice, Quot.sound, propext]	0	[]
ZetaS.Window.HeadlineV	ZetaS.HeadlineV.simple_V_lam_abstract	A	[Classical.choice, Quot.sound, propext]	0	[]
ZetaS.Window.HeadlineV	ZetaS.HeadlineV.zeta_dist_cos85	A	[Classical.choice, Quot.sound, propext]	0	[]
ZetaS.Window.HeadlineV	ZetaS.HeadlineV.zeta_dist_cos85_lam	A	[Classical.choice, Quot.sound, propext]	0	[]
ZetaS.Window.HeadlineV	ZetaS.HeadlineV.zeta_dist_poly8A	A	[Classical.choice, Quot.sound, propext]	0	[]
ZetaS.Window.HeadlineV	ZetaS.HeadlineV.zeta_dist_poly8A_lam	A	[Classical.choice, Quot.sound, propext]	0	[]
ZetaS.Window.HeadlineV	ZetaS.HeadlineV.zeta_simple_cos85	A	[Classical.choice, Quot.sound, propext]	0	[]
ZetaS.Window.HeadlineV	ZetaS.HeadlineV.zeta_simple_cos85'	A	[Classical.choice, Quot.sound, propext]	0	[]
ZetaS.Window.HeadlineV	ZetaS.HeadlineV.zeta_simple_cos85_lam	A	[Classical.choice, Quot.sound, propext]	0	[]
ZetaS.Window.HeadlineV	ZetaS.HeadlineV.zeta_simple_poly8A	A	[Classical.choice, Quot.sound, propext]	0	[]
ZetaS.Window.HeadlineV	ZetaS.HeadlineV.zeta_simple_poly8A_lam	A	[Classical.choice, Quot.sound, propext]	0	[]
ZetaS.Window.PolyWindow	ZetaS.PolyWindow.H_P8	A	[Classical.choice, Quot.sound, propext]	0	[]
ZetaS.Window.PolyWindow	ZetaS.PolyWindow.PU_ge	A	[Classical.choice, Quot.sound, propext]	0	[]
ZetaS.Window.PolyWindow	ZetaS.PolyWindow.PU_le	A	[Classical.choice, Quot.sound, propext]	0	[]
ZetaS.Window.PolyWindow	ZetaS.PolyWindow.abs_ddg_core	A	[Classical.choice, Quot.sound, propext]	0	[]
ZetaS.Window.PolyWindow	ZetaS.PolyWindow.abs_ddv_core	A	[Classical.choice, Quot.sound, propext]	0	[]
ZetaS.Window.PolyWindow	ZetaS.PolyWindow.abs_dg_le	A	[Classical.choice, Quot.sound, propext]	0	[]
ZetaS.Window.PolyWindow	ZetaS.PolyWindow.abs_dv_core	A	[Classical.choice, Quot.sound, propext]	0	[]
ZetaS.Window.PolyWindow	ZetaS.PolyWindow.abs_dv_edge	A	[Classical.choice, Quot.sound, propext]	0	[]
ZetaS.Window.PolyWindow	ZetaS.PolyWindow.abs_dv_small	A	[Classical.choice, Quot.sound, propext]	0	[]
ZetaS.Window.PolyWindow	ZetaS.PolyWindow.admWindow_phiP8	A	[Classical.choice, Quot.sound, propext]	0	[]
ZetaS.Window.PolyWindow	ZetaS.PolyWindow.bN_margin	A	[Classical.choice, Quot.sound, propext]	0	[]
ZetaS.Window.PolyWindow	ZetaS.PolyWindow.cP8.eq_1	A	[Classical.choice, Quot.sound, propext]	0	[]
ZetaS.Window.PolyWindow	ZetaS.PolyWindow.cRatio_scale	A	[Classical.choice, Quot.sound, propext]	0	[]
ZetaS.Window.PolyWindow	ZetaS.PolyWindow.coeffS8.eq_1	A	[Classical.choice, Quot.sound, propext]	0	[]
ZetaS.Window.PolyWindow	ZetaS.PolyWindow.convP8.eq_1	A	[Classical.choice, Quot.sound, propext]	0	[]
ZetaS.Window.PolyWindow	ZetaS.PolyWindow.core_div	A	[Classical.choice, Quot.sound, propext]	0	[]
ZetaS.Window.PolyWindow	ZetaS.PolyWindow.core_t	A	[Classical.choice, Quot.sound, propext]	0	[]
ZetaS.Window.PolyWindow	ZetaS.PolyWindow.core_u	A	[Classical.choice, Quot.sound, propext]	0	[]
ZetaS.Window.PolyWindow	ZetaS.PolyWindow.deriv2_fP8	A	[Classical.choice, Quot.sound, propext]	0	[]
ZetaS.Window.PolyWindow	ZetaS.PolyWindow.deriv_fP8	A	[Classical.choice, Quot.sound, propext]	0	[]
ZetaS.Window.PolyWindow	ZetaS.PolyWindow.dv_continuous	A	[Classical.choice, Quot.sound, propext]	0	[]
ZetaS.Window.PolyWindow	ZetaS.PolyWindow.dv_eq	A	[Classical.choice, Quot.sound, propext]	0	[]
ZetaS.Window.PolyWindow	ZetaS.PolyWindow.dv_nonpos	A	[Classical.choice, Quot.sound, propext]	0	[]
ZetaS.Window.PolyWindow	ZetaS.PolyWindow.dv_odd	A	[Classical.choice, Quot.sound, propext]	0	[]
ZetaS.Window.PolyWindow	ZetaS.PolyWindow.edge_mem	A	[Classical.choice, Quot.sound, propext]	0	[]
ZetaS.Window.PolyWindow	ZetaS.PolyWindow.fP8.eq_1	A	[Classical.choice, Quot.sound, propext]	0	[]
ZetaS.Window.PolyWindow	ZetaS.PolyWindow.fP8_contDiff	A	[Classical.choice, Quot.sound, propext]	0	[]
ZetaS.Window.PolyWindow	ZetaS.PolyWindow.fP8_core0	A	[Classical.choice, Quot.sound, propext]	0	[]
ZetaS.Window.PolyWindow	ZetaS.PolyWindow.fP8_core1	A	[Classical.choice, Quot.sound, propext]	0	[]
ZetaS.Window.PolyWindow	ZetaS.PolyWindow.fP8_core2	A	[Classical.choice, Quot.sound, propext]	0	[]
ZetaS.Window.PolyWindow	ZetaS.PolyWindow.fP8_eq	A	[Classical.choice, Quot.sound, propext]	0	[]
ZetaS.Window.PolyWindow	ZetaS.PolyWindow.fP8_even	A	[Classical.choice, Quot.sound, propext]	0	[]
ZetaS.Window.PolyWindow	ZetaS.PolyWindow.hasDerivAt_dg	A	[Classical.choice, Quot.sound, propext]	0	[]
ZetaS.Window.PolyWindow	ZetaS.PolyWindow.hasDerivAt_dv	A	[Classical.choice, Quot.sound, propext]	0	[]
ZetaS.Window.PolyWindow	ZetaS.PolyWindow.hasDerivAt_psiN	A	[Classical.choice, Quot.sound, propext]	0	[]
ZetaS.Window.PolyWindow	ZetaS.PolyWindow.hasDerivAt_sqrt_psiN	A	[Classical.choice, Quot.sound, propext]	0	[]
ZetaS.Window.PolyWindow	ZetaS.PolyWindow.hasDerivAt_vP8	A	[Classical.choice, Quot.sound, propext]	0	[]
ZetaS.Window.PolyWindow	ZetaS.PolyWindow.integral_abs_deriv2_phiP8_le	A	[Classical.choice, Quot.sound, propext]	0	[]
ZetaS.Window.PolyWindow	ZetaS.PolyWindow.integral_abs_deriv2_phiP8_sq_le	A	[Classical.choice, Quot.sound, propext]	0	[]
ZetaS.Window.PolyWindow	ZetaS.PolyWindow.integral_abs_deriv_comp_div	A	[Classical.choice, Quot.sound, propext]	0	[]
ZetaS.Window.PolyWindow	ZetaS.PolyWindow.integral_abs_deriv_phiP8_le	A	[Classical.choice, Quot.sound, propext]	0	[]
ZetaS.Window.PolyWindow	ZetaS.PolyWindow.integral_abs_deriv_phiP8_sq_le	A	[Classical.choice, Quot.sound, propext]	0	[]
ZetaS.Window.PolyWindow	ZetaS.PolyWindow.integral_abs_dv	A	[Classical.choice, Quot.sound, propext]	0	[]
ZetaS.Window.PolyWindow	ZetaS.PolyWindow.integral_abs_dv_half	A	[Classical.choice, Quot.sound, propext]	0	[]
ZetaS.Window.PolyWindow	ZetaS.PolyWindow.integral_abs_le_const	A	[Classical.choice, Quot.sound, propext]	0	[]
ZetaS.Window.PolyWindow	ZetaS.PolyWindow.integral_psiN	A	[Classical.choice, Quot.sound, propext]	0	[]
ZetaS.Window.PolyWindow	ZetaS.PolyWindow.integral_psiN_sq	A	[Classical.choice, Quot.sound, propext]	0	[]
ZetaS.Window.PolyWindow	ZetaS.PolyWindow.integral_vP8	A	[Classical.choice, Quot.sound, propext]	0	[]
ZetaS.Window.PolyWindow	ZetaS.PolyWindow.integral_vP8_sq	A	[Classical.choice, Quot.sound, propext]	0	[]
ZetaS.Window.PolyWindow	ZetaS.PolyWindow.jP8	A	[Classical.choice, Quot.sound, propext]	0	[]
ZetaS.Window.PolyWindow	ZetaS.PolyWindow.phiP8.eq_1	A	[Classical.choice, Quot.sound, propext]	0	[]
ZetaS.Window.PolyWindow	ZetaS.PolyWindow.phiP8_contDiff	A	[Classical.choice, Quot.sound, propext]	0	[]
ZetaS.Window.PolyWindow	ZetaS.PolyWindow.phiP8_eq_zero	A	[Classical.choice, Quot.sound, propext]	0	[]
ZetaS.Window.PolyWindow	ZetaS.PolyWindow.phiP8_even	A	[Classical.choice, Quot.sound, propext]	0	[]
ZetaS.Window.PolyWindow	ZetaS.PolyWindow.phiP8_le_one	A	[Classical.choice, Quot.sound, propext]	0	[]
ZetaS.Window.PolyWindow	ZetaS.PolyWindow.phiP8_nonneg	A	[Classical.choice, Quot.sound, propext]	0	[]
ZetaS.Window.PolyWindow	ZetaS.PolyWindow.phiV_eq_phiP8	A	[Classical.choice, Quot.sound, propext]	0	[]
ZetaS.Window.PolyWindow	ZetaS.PolyWindow.psiN.eq_1	A	[Classical.choice, Quot.sound, propext]	0	[]
ZetaS.Window.PolyWindow	ZetaS.PolyWindow.psiN_continuous	A	[Classical.choice, Quot.sound, propext]	0	[]
ZetaS.Window.PolyWindow	ZetaS.PolyWindow.psiN_ge	A	[Classical.choice, Quot.sound, propext]	0	[]
ZetaS.Window.PolyWindow	ZetaS.PolyWindow.psiN_le_one	A	[Classical.choice, Quot.sound, propext]	0	[]
ZetaS.Window.PolyWindow	ZetaS.PolyWindow.psiN_pos	A	[Classical.choice, Quot.sound, propext]	0	[]
ZetaS.Window.PolyWindow	ZetaS.PolyWindow.psiTilde_pos_le	A	[Classical.choice, Quot.sound, propext]	0	[]
ZetaS.Window.PolyWindow	ZetaS.PolyWindow.sqrt_psiN_bounds	A	[Classical.choice, Quot.sound, propext]	0	[]
ZetaS.Window.PolyWindow	ZetaS.PolyWindow.tv_mul_ramp_le	A	[Classical.choice, Quot.sound, propext]	0	[]
ZetaS.Window.PolyWindow	ZetaS.PolyWindow.vConv_vP8	A	[Classical.choice, Quot.sound, propext]	0	[]
ZetaS.Window.PolyWindow	ZetaS.PolyWindow.vP8.eq_1	A	[Classical.choice, Quot.sound, propext]	0	[]
ZetaS.Window.PolyWindow	ZetaS.PolyWindow.vP8_edge_le	A	[Classical.choice, Quot.sound, propext]	0	[]
ZetaS.Window.PolyWindow	ZetaS.PolyWindow.vP8_edge_le8	A	[Classical.choice, Quot.sound, propext]	0	[]
ZetaS.Window.PolyWindow	ZetaS.PolyWindow.vP8_edge_rise	A	[Classical.choice, Quot.sound, propext]	0	[]
ZetaS.Window.PolyWindow	ZetaS.PolyWindow.vP8_eq	A	[Classical.choice, Quot.sound, propext]	0	[]
ZetaS.Window.PolyWindow	ZetaS.PolyWindow.vP8_eq_PU	A	[Classical.choice, Quot.sound, propext]	0	[]
ZetaS.Window.PolyWindow	ZetaS.PolyWindow.vP8_even	A	[Classical.choice, Quot.sound, propext]	0	[]
ZetaS.Window.PolyWindow	ZetaS.PolyWindow.vP8_ge	A	[Classical.choice, Quot.sound, propext]	0	[]
ZetaS.Window.PolyWindow	ZetaS.PolyWindow.vP8_le	A	[Classical.choice, Quot.sound, propext]	0	[]
ZetaS.Window.PolyWindow	ZetaS.PolyWindow.vP8_not_antitoneOn	A	[Classical.choice, Quot.sound, propext]	0	[]
ZetaS.Window.PolyWindow	ZetaS.PolyWindow.vP8_pos	A	[Classical.choice, Quot.sound, propext]	0	[]
ZetaS.Window.ProfileAutocorr	ZetaS.ProfileAutocorr.gv_close	A	[Classical.choice, Quot.sound, propext]	0	[]
ZetaS.Window.ProfileAutocorr	ZetaS.ProfileAutocorr.integral_abs_phiVsq_sub_sharp	A	[Classical.choice, Quot.sound, propext]	0	[]
ZetaS.Window.ProfileAutocorr	ZetaS.ProfileAutocorr.sharpV_autocorr_eq	A	[Classical.choice, Quot.sound, propext]	0	[]
ZetaS.Window.ProfileAutocorr	ZetaS.ProfileAutocorr.tendsto_JTV	A	[Classical.choice, Quot.sound, propext]	0	[]
ZetaS.Window.ProfileAutocorr	ZetaS.ProfileAutocorr.tendsto_cRatioV	A	[Classical.choice, Quot.sound, propext]	0	[]
ZetaS.Window.ProfileMoments	ZetaS.ProfileMoments.CoreProfile.cont	A	[Classical.choice, Quot.sound, propext]	0	[]
ZetaS.Window.ProfileMoments	ZetaS.ProfileMoments.CoreProfile.le_one	A	[Classical.choice, Quot.sound, propext]	0	[]
ZetaS.Window.ProfileMoments	ZetaS.ProfileMoments.CoreProfile.nonneg	A	[Classical.choice, Quot.sound, propext]	0	[]
ZetaS.Window.ProfileMoments	ZetaS.ProfileMoments.abs_mV_le_one	A	[Classical.choice, Quot.sound, propext]	0	[]
ZetaS.Window.ProfileMoments	ZetaS.ProfileMoments.av_close	A	[Classical.choice, Quot.sound, propext]	0	[]
ZetaS.Window.ProfileMoments	ZetaS.ProfileMoments.bv_close	A	[Classical.choice, Quot.sound, propext]	0	[]
ZetaS.Window.ProfileMoments	ZetaS.ProfileMoments.bv_ge_half	A	[Classical.choice, Quot.sound, propext]	0	[]
ZetaS.Window.ProfileMoments	ZetaS.ProfileMoments.core_abs	A	[Classical.choice, Quot.sound, propext]	0	[]
ZetaS.Window.ProfileMoments	ZetaS.ProfileMoments.fV.eq_1	A	[Classical.choice, Quot.sound, propext]	0	[]
ZetaS.Window.ProfileMoments	ZetaS.ProfileMoments.localHypsCore_eventually	A	[Classical.choice, Quot.sound, propext]	0	[]
ZetaS.Window.ProfileMoments	ZetaS.ProfileMoments.mV_continuous	A	[Classical.choice, Quot.sound, propext]	0	[]
ZetaS.Window.ProfileMoments	ZetaS.ProfileMoments.mV_core	A	[Classical.choice, Quot.sound, propext]	0	[]
ZetaS.Window.ProfileMoments	ZetaS.ProfileMoments.mV_le_one	A	[Classical.choice, Quot.sound, propext]	0	[]
ZetaS.Window.ProfileMoments	ZetaS.ProfileMoments.mV_nonneg	A	[Classical.choice, Quot.sound, propext]	0	[]
ZetaS.Window.ProfileMoments	ZetaS.ProfileMoments.phiV_eq_phiM	A	[Classical.choice, Quot.sound, propext]	0	[]
ZetaS.Window.ProfileMoments	ZetaS.ProfileMoments.phiV_pow_four_eq	A	[Classical.choice, Quot.sound, propext]	0	[]
ZetaS.Window.ProfileMoments	ZetaS.ProfileMoments.phiV_sq_eq	A	[Classical.choice, Quot.sound, propext]	0	[]
ZetaS.Window.TracesV	ZetaS.TracesV.concreteFactsV	A	[Classical.choice, Quot.sound, propext]	0	[]
ZetaS.Window.TracesV	ZetaS.TracesV.evBound_of_eventuallyAtCoreV	A	[Classical.choice, Quot.sound, propext]	0	[]
ZetaS.Window.TracesV	ZetaS.TracesV.tracesBoundsV	A	[Classical.choice, Quot.sound, propext]	0	[]
ZetaS.Window.W1L_ZetaGramPoly	ZetaS.W1L_heq_traces	A	[Classical.choice, Quot.sound, propext]	0	[]
ZetaS.Window.W1L_ZetaGramPoly	ZetaS.W1L_trunc_le	A	[Classical.choice, Quot.sound, propext]	0	[]
ZetaS.Window.W1L_ZetaGramPoly	ZetaS.zeta_gramFamily_poly	A	[Classical.choice, Quot.sound, propext]	0	[]
ZetaS.Window.W2L_ZetaFrameCos	ZetaS.zeta_frameFamily_cos	A	[Classical.choice, Quot.sound, propext]	0	[]
ZetaS.Window.W2L_ZetaFramePoly	ZetaS.zeta_frameFamily_poly	A	[Classical.choice, Quot.sound, propext]	0	[]
ZetaS.Window.W2L_ZetaFramePoly_fix	ZetaS.zeta_frameFamily_poly_fix	A	[Classical.choice, Quot.sound, propext]	0	[]
ZetaS.Window.WindowInstances	ZetaS.WindowInstances.aCos_close	A	[Classical.choice, Quot.sound, propext]	0	[]
ZetaS.Window.WindowInstances	ZetaS.WindowInstances.aP8_close	A	[Classical.choice, Quot.sound, propext]	0	[]
ZetaS.Window.WindowInstances	ZetaS.WindowInstances.bCos_close	A	[Classical.choice, Quot.sound, propext]	0	[]
ZetaS.Window.WindowInstances	ZetaS.WindowInstances.bP8_close	A	[Classical.choice, Quot.sound, propext]	0	[]
ZetaS.Window.WindowInstances	ZetaS.WindowInstances.coreProfile_cosW	A	[Classical.choice, Quot.sound, propext]	0	[]
ZetaS.Window.WindowInstances	ZetaS.WindowInstances.coreProfile_psiN	A	[Classical.choice, Quot.sound, propext]	0	[]
ZetaS.Window.WindowInstances	ZetaS.WindowInstances.half_interval	A	[Classical.choice, Quot.sound, propext]	0	[]
ZetaS.Window.WindowInstances	ZetaS.WindowInstances.half_lt_bC	A	[Classical.choice, Quot.sound, propext]	0	[]
ZetaS.Window.WindowInstances	ZetaS.WindowInstances.localHypsCoreCos_eventually	A	[Classical.choice, Quot.sound, propext]	0	[]
ZetaS.Window.WindowInstances	ZetaS.WindowInstances.localHypsCoreP8_eventually	A	[Classical.choice, Quot.sound, propext]	0	[]
ZetaS.Window.WindowLimits	ZetaS.WindowLimits.HD_P8	A	[Classical.choice, Quot.sound, propext]	0	[]
ZetaS.Window.WindowLimits	ZetaS.WindowLimits.HD_cos	A	[Classical.choice, Quot.sound, propext]	0	[]
ZetaS.Window.WindowLimits	ZetaS.WindowLimits.cWin_cosW	A	[Classical.choice, Quot.sound, propext]	0	[]
ZetaS.Window.WindowLimits	ZetaS.WindowLimits.cWin_psiN	A	[Classical.choice, Quot.sound, propext]	0	[]
ZetaS.Window.WindowLimits	ZetaS.WindowLimits.jC_eq	A	[Classical.choice, Quot.sound, propext]	0	[]
ZetaS.Window.WindowLimits	ZetaS.WindowLimits.jWin_psiN	A	[Classical.choice, Quot.sound, propext]	0	[]
ZetaS.Window.WindowLimits	ZetaS.WindowLimits.jvConv_cosW	A	[Classical.choice, Quot.sound, propext]	0	[]
ZetaS.Window.WindowLimits	ZetaS.WindowLimits.tendsto_cRatioCos	A	[Classical.choice, Quot.sound, propext]	0	[]
ZetaS.Window.WindowLimits	ZetaS.WindowLimits.tendsto_cRatioCos'	A	[Classical.choice, Quot.sound, propext]	0	[]
ZetaS.Window.WindowLimits	ZetaS.WindowLimits.tendsto_cRatioP8	A	[Classical.choice, Quot.sound, propext]	0	[]
ZetaS.Window.WindowLimits	ZetaS.WindowLimits.vConv_cosW	A	[Classical.choice, Quot.sound, propext]	0	[]
ZetaS.Window.WindowLimits	ZetaS.WindowLimits.vConv_psiN	A	[Classical.choice, Quot.sound, propext]	0	[]
ZetaS.ZeroSide.Helpers	ZetaS.ZeroSide.deltaW_le_one	A	[Classical.choice, Quot.sound, propext]	0	[]
ZetaS.ZeroSide.Helpers	ZetaS.ZeroSide.deltaW_nonneg	A	[Classical.choice, Quot.sound, propext]	0	[]
ZetaS.ZeroSide.Helpers	ZetaS.ZeroSide.gram_eq_matrix	A	[Classical.choice, Quot.sound, propext]	0	[]
ZetaS.ZeroSide.Helpers	ZetaS.ZeroSide.hasSum_uR_mul	A	[Classical.choice, Quot.sound, propext]	0	[]
ZetaS.ZeroSide.Helpers	ZetaS.ZeroSide.integral_sq_pos	A	[Classical.choice, Quot.sound, propext]	0	[]
ZetaS.ZeroSide.Helpers	ZetaS.ZeroSide.kWin_even	A	[Classical.choice, Quot.sound, propext]	0	[]
ZetaS.ZeroSide.Helpers	ZetaS.ZeroSide.kWin_zero	A	[Classical.choice, Quot.sound, propext]	0	[]
ZetaS.ZeroSide.Helpers	ZetaS.ZeroSide.offGrid_diag	A	[Classical.choice, Quot.sound, propext]	0	[]
ZetaS.ZeroSide.Helpers	ZetaS.ZeroSide.posSemidef_of_hasSum	A	[Classical.choice, Quot.sound, propext]	0	[]
ZetaS.ZeroSide.Helpers	ZetaS.ZeroSide.sum_fin_add_tsum_offGrid	A	[Classical.choice, Quot.sound, propext]	0	[]
ZetaS.ZeroSide.Helpers	ZetaS.ZeroSide.sum_sq_add_deltaW	A	[Classical.choice, Quot.sound, propext]	0	[]
ZetaS.ZeroSide.Helpers	ZetaS.ZeroSide.uC_ofReal	A	[Classical.choice, Quot.sound, propext]	0	[]
ZetaS.ZeroSide.Helpers	ZetaS.ZeroSide.vHat_conj	A	[Classical.choice, Quot.sound, propext]	0	[]
ZetaS.ZeroSide.Helpers	ZetaS.deltaW.eq_1	A	[Classical.choice, Quot.sound, propext]	0	[]
ZetaS.ZeroSide.Helpers	ZetaS.kWin.eq_1	A	[Classical.choice, Quot.sound, propext]	0	[]
ZetaS.ZeroSide.Helpers	ZetaS.uC.eq_1	A	[Classical.choice, Quot.sound, propext]	0	[]
ZetaS.ZeroSide.Helpers	ZetaS.uR.eq_1	A	[Classical.choice, Quot.sound, propext]	0	[]
ZetaS.ZeroSide.KWinHelpers	ZetaS.KWinHelpers.Nphi_Npsi_close	A	[Classical.choice, Quot.sound, propext]	0	[]
ZetaS.ZeroSide.KWinHelpers	ZetaS.KWinHelpers.Nphi_eq_set	A	[Classical.choice, Quot.sound, propext]	0	[]
ZetaS.ZeroSide.KWinHelpers	ZetaS.KWinHelpers.Npsi_abs_le	A	[Classical.choice, Quot.sound, propext]	0	[]
ZetaS.ZeroSide.KWinHelpers	ZetaS.KWinHelpers.VPhiR_eq_integral	A	[Classical.choice, Quot.sound, propext]	0	[]
ZetaS.ZeroSide.KWinHelpers	ZetaS.KWinHelpers.abs_ge_of_not_mem	A	[Classical.choice, Quot.sound, propext]	0	[]
ZetaS.ZeroSide.KWinHelpers	ZetaS.KWinHelpers.alg_close	A	[Classical.choice, Quot.sound, propext]	0	[]
ZetaS.ZeroSide.KWinHelpers	ZetaS.KWinHelpers.integral_psi_cos_eq	A	[Classical.choice, Quot.sound, propext]	0	[]
ZetaS.ZeroSide.KWinHelpers	ZetaS.KWinHelpers.integral_psi_eq	A	[Classical.choice, Quot.sound, propext]	0	[]
ZetaS.ZeroSide.KWinHelpers	ZetaS.KWinHelpers.isPosDefKernel_of_density	A	[Classical.choice, Quot.sound, propext]	0	[]
ZetaS.ZeroSide.KWinHelpers	ZetaS.KWinHelpers.kPsi_eq	A	[Classical.choice, Quot.sound, propext]	0	[]
ZetaS.ZeroSide.KWinHelpers	ZetaS.KWinHelpers.kWin_close_at	A	[Classical.choice, Quot.sound, propext]	0	[]
ZetaS.ZeroSide.KWinHelpers	ZetaS.KWinHelpers.kWin_dominated_at	A	[Classical.choice, Quot.sound, propext]	0	[]
ZetaS.ZeroSide.KWinHelpers	ZetaS.KWinHelpers.kWin_eq	A	[Classical.choice, Quot.sound, propext]	0	[]
ZetaS.ZeroSide.KWinHelpers	ZetaS.KWinHelpers.norms_bounds	A	[Classical.choice, Quot.sound, propext]	0	[]
ZetaS.ZeroSide.KWinHelpers	ZetaS.KWinHelpers.phiM_continuous	A	[Classical.choice, Quot.sound, propext]	0	[]
ZetaS.ZeroSide.KWinHelpers	ZetaS.KWinHelpers.phiM_sq_integrable	A	[Classical.choice, Quot.sound, propext]	0	[]
ZetaS.ZeroSide.KWinHelpers	ZetaS.KWinHelpers.sum_sum_cos_sub	A	[Classical.choice, Quot.sound, propext]	0	[]
ZetaS.ZeroSide.Z1_GramPoisson	ZetaS.gram_eq_poisson	A	[Classical.choice, Quot.sound, propext]	0	[]
ZetaS.ZeroSide.Z2_KWinPosDef	ZetaS.kWin_isPosDefKernel	A	[Classical.choice, Quot.sound, propext]	0	[]
ZetaS.ZeroSide.Z2_KWinPosDef	ZetaS.kWin_posDef	A	[Classical.choice, Quot.sound, propext]	0	[]
ZetaS.ZeroSide.Z2_KWinPosDef	ZetaS.kWin_posDef_false	A	[Classical.choice, Quot.sound, propext]	0	[]
ZetaS.ZeroSide.Z2_KWinPosDef	ZetaS.kWin_posDef_fix	A	[Classical.choice, Quot.sound, propext]	0	[]
ZetaS.ZeroSide.Z2_KWinPosDef	ZetaS.kWin_posDef_of_ne_zero	A	[Classical.choice, Quot.sound, propext]	0	[]
ZetaS.ZeroSide.Z3_OffGridPSD	ZetaS.offGrid_psd	A	[Classical.choice, Quot.sound, propext]	0	[]
ZetaS.ZeroSide.Z4_KWinClose	ZetaS.kWin_close	A	[Classical.choice, Quot.sound, propext]	0	[]
ZetaS.ZeroSide.Z5_KWinDominated	ZetaS.kWin_dominated	A	[Classical.choice, Quot.sound, propext]	0	[]
ZetaS.ZeroSide.Z6Core	ZetaS.Z6.count_le	A	[Classical.choice, Quot.sound, propext]	0	[]
ZetaS.ZeroSide.Z6Core	ZetaS.Z6.d_mul_h_gt	A	[Classical.choice, Quot.sound, propext]	0	[]
ZetaS.ZeroSide.Z6Core	ZetaS.Z6.defect_core	A	[Classical.choice, Quot.sound, propext]	0	[]
ZetaS.ZeroSide.Z6Core	ZetaS.Z6.deltaW_le_bulk	A	[Classical.choice, Quot.sound, propext]	0	[]
ZetaS.ZeroSide.Z6Core	ZetaS.Z6.deltaW_le_one	A	[Classical.choice, Quot.sound, propext]	0	[]
ZetaS.ZeroSide.Z6Core	ZetaS.Z6.deltaW_nonneg	A	[Classical.choice, Quot.sound, propext]	0	[]
ZetaS.ZeroSide.Z6Core	ZetaS.Z6.integral_sq_eq_Nphi	A	[Classical.choice, Quot.sound, propext]	0	[]
ZetaS.ZeroSide.Z6Core	ZetaS.Z6.side_sum_le	A	[Classical.choice, Quot.sound, propext]	0	[]
ZetaS.ZeroSide.Z6Core	ZetaS.Z6.sum_mult_le_N	A	[Classical.choice, Quot.sound, propext]	0	[]
ZetaS.ZeroSide.Z6Core	ZetaS.Z6.toNat_cast_real	A	[Classical.choice, Quot.sound, propext]	0	[]
ZetaS.ZeroSide.Z6Core	ZetaS.Z6.uR_sq_hasSum	A	[Classical.choice, Quot.sound, propext]	0	[]
ZetaS.ZeroSide.Z6Core	ZetaS.Z6.uR_sq_le	A	[Classical.choice, Quot.sound, propext]	0	[]
ZetaS.ZeroSide.Z6_Defect	ZetaS.Z6.L_mono	A	[Classical.choice, Quot.sound, propext]	0	[]
ZetaS.ZeroSide.Z6_Defect	ZetaS.Z6.a_eq	A	[Classical.choice, Quot.sound, propext]	0	[]
ZetaS.ZeroSide.Z6_Defect	ZetaS.Z6.a_mono	A	[Classical.choice, Quot.sound, propext]	0	[]
ZetaS.ZeroSide.Z6_Defect	ZetaS.Z6.deltaW_eq_zero_of	A	[Classical.choice, Quot.sound, propext]	0	[]
ZetaS.ZeroSide.Z6_Defect	ZetaS.Z6.phiV_scaled_sq	A	[Classical.choice, Quot.sound, propext]	0	[]
ZetaS.ZeroSide.Z6_Defect	ZetaS.Z6.ramp_sq_mono	A	[Classical.choice, Quot.sound, propext]	0	[]
ZetaS.ZeroSide.Z6_Defect	ZetaS.defect_littleO	A	[Classical.choice, Quot.sound, propext]	0	[]
ZetaS.ZeroSide.Z6_Defect_fix	ZetaS.Z6.defect_littleO_fix	A	[Classical.choice, Quot.sound, propext]	0	[]
ZetaS.ZeroSide.Z7_PairBlockInertia	ZetaS.pairBlock_inertia	A	[Classical.choice, Quot.sound, propext]	0	[]
ZetaS.ZeroSide.Z8_VHatConj	ZetaS.uC_conj	A	[Classical.choice, Quot.sound, propext]	0	[]
ZetaS.ZeroSide.Z9_FrameOfZeroConfig	ZetaS.frameFamily_of_zeroConfig	A	[Classical.choice, Quot.sound, propext]	0	[]
ZetaS.ZeroSide.Z9_FrameOfZeroConfig_fix	ZetaS.frameFamily_of_zeroConfig_fix	A	[Classical.choice, Quot.sound, propext]	0	[]
ZetaS.ZeroSide.Z9a1_OnLineSort	ZetaS.Z9.onLine_enum	A	[Classical.choice, Quot.sound, propext]	0	[]
ZetaS.ZeroSide.Z9a2_OffBlock	ZetaS.Z9.idx_congr	A	[Classical.choice, Quot.sound, propext]	0	[]
ZetaS.ZeroSide.Z9a2_OffBlock	ZetaS.Z9.offBlock.eq_1	A	[Classical.choice, Quot.sound, propext]	0	[]
ZetaS.ZeroSide.Z9a2_OffBlock	ZetaS.Z9.offBlock_herm	A	[Classical.choice, Quot.sound, propext]	0	[]
ZetaS.ZeroSide.Z9a2_OffBlock	ZetaS.Z9.offBlock_inertia	A	[Classical.choice, Quot.sound, propext]	0	[]
ZetaS.ZeroSide.Z9a2_OffBlock	ZetaS.Z9.term_eq	A	[Classical.choice, Quot.sound, propext]	0	[]
ZetaS.ZeroSide.Z9a2_OffBlock	ZetaS.Z9.term_herm	A	[Classical.choice, Quot.sound, propext]	0	[]
ZetaS.ZeroSide.Z9a2_OffBlock	ZetaS.Z9.zero_index	A	[Classical.choice, Quot.sound, propext]	0	[]
ZetaS.ZeroSide.Z9a3_HatDecomp	ZetaS.Z9.hatAz_decomp	A	[Classical.choice, Quot.sound, propext]	0	[]
ZetaS.ZeroSide.Z9a3_HatDecomp	ZetaS.Z9.uvec.eq_1	A	[Classical.choice, Quot.sound, propext]	0	[]
ZetaS.ZeroSide.Z9a4_Frame	ZetaS.Z9.Son_re	A	[Classical.choice, Quot.sound, propext]	0	[]
ZetaS.ZeroSide.Z9a4_Frame	ZetaS.Z9.eOn_eq	A	[Classical.choice, Quot.sound, propext]	0	[]
ZetaS.ZeroSide.Z9a4_Frame	ZetaS.Z9.eOn_im	A	[Classical.choice, Quot.sound, propext]	0	[]
ZetaS.ZeroSide.Z9a4_Frame	ZetaS.Z9.eOn_mem_ZIprime	A	[Classical.choice, Quot.sound, propext]	0	[]
ZetaS.ZeroSide.Z9a4_Frame	ZetaS.Z9.gOn_mem	A	[Classical.choice, Quot.sound, propext]	0	[]
ZetaS.ZeroSide.Z9a4_Frame	ZetaS.Z9.gOn_mono	A	[Classical.choice, Quot.sound, propext]	0	[]
ZetaS.ZeroSide.Z9a5_FrameSpec	ZetaS.Z9.frameAt_defect	A	[Classical.choice, Quot.sound, propext]	0	[]
ZetaS.ZeroSide.Z9a5_FrameSpec	ZetaS.Z9.frameAt_spec	A	[Classical.choice, Quot.sound, propext]	0	[]
ZetaS.ZeroSide.Z9a5_FrameSpec	ZetaS.Z9.frameAt_toC	A	[Classical.choice, Quot.sound, propext]	0	[]
ZetaS.ZeroSide.Z9a5_FrameSpec	ZetaS.Z9.frameAt_trfrob	A	[Classical.choice, Quot.sound, propext]	0	[]
ZetaS.ZeroSide.Z9a5_FrameSpec	ZetaS.Z9.frobSq_toC	A	[Classical.choice, Quot.sound, propext]	0	[]
ZetaS.ZeroSide.Z9a5_FrameSpec	ZetaS.Z9.rtrace_toC	A	[Classical.choice, Quot.sound, propext]	0	[]
ZetaS.ZeroSide.Z9a6_Counts	ZetaS.Z9.frameAt_counts	A	[Classical.choice, Quot.sound, propext]	0	[]
ZetaS.ZeroSide.Z9a6_Counts	ZetaS.Z9.mult_reflect_of_mem	A	[Classical.choice, Quot.sound, propext]	0	[]
ZetaS.ZeroSide.Z9a6_Counts	ZetaS.Z9.sum_Son	A	[Classical.choice, Quot.sound, propext]	0	[]
ZetaS.ZeroSide.Z9a6_Counts	ZetaS.Z9.sum_ZI_split	A	[Classical.choice, Quot.sound, propext]	0	[]
ZetaS.ZeroSide.Z9a6_Counts	ZetaS.Z9.window_eq_ZI	A	[Classical.choice, Quot.sound, propext]	0	[]
ZetaS.ZeroSide.Z9a_FrameAt	ZetaS.Z9.frameAt_exists	A	[Classical.choice, Quot.sound, propext]	0	[]
ZetaS.ZeroSide.Z9b0_Asymp	ZetaS.Z9.frobSq_close	A	[Classical.choice, Quot.sound, propext]	0	[]
ZetaS.ZeroSide.Z9b0_Asymp	ZetaS.Z9.sqrt_isLittleO	A	[Classical.choice, Quot.sound, propext]	0	[]
ZetaS.ZeroSide.Z9b_TailTransfer	ZetaS.GramV.Ghat.eq_1	A	[Classical.choice, Quot.sound, propext]	0	[]
ZetaS.ZeroSide.Z9b_TailTransfer	ZetaS.Z9.eventually_a_ge_half	A	[Classical.choice, Quot.sound, propext]	0	[]
ZetaS.ZeroSide.Z9b_TailTransfer	ZetaS.Z9.eventually_int_sq_ne_zero	A	[Classical.choice, Quot.sound, propext]	0	[]
ZetaS.ZeroSide.Z9b_TailTransfer	ZetaS.Z9.hatAz_asymptotics	A	[Classical.choice, Quot.sound, propext]	0	[]
ZetaS.ZeroSide.Z9c_JIdentity	ZetaS.Z9.cWin_inv_eq_Rlam	A	[Classical.choice, Quot.sound, propext]	0	[]
ZetaS.ZeroSide.Z9c_JIdentity	ZetaS.Z9.int_int_sub_eq_zero	A	[Classical.choice, Quot.sound, propext]	0	[]
ZetaS.ZeroSide.Z9c_JIdentity	ZetaS.Z9.int_r_slice_eq_max	A	[Classical.choice, Quot.sound, propext]	0	[]
ZetaS.ZeroSide.Z9c_JIdentity	ZetaS.Z9.int_r_vConv_eq_iter	A	[Classical.choice, Quot.sound, propext]	0	[]
ZetaS.ZeroSide.Z9c_JIdentity	ZetaS.Z9.jWin_id_eq	A	[Classical.choice, Quot.sound, propext]	0	[]
ZetaS.ZeroSide.Z9c_JIdentity	ZetaS.Z9.jWin_nonneg	A	[Classical.choice, Quot.sound, propext]	0	[]
ZetaS.ZeroSide.Z9c_JIdentity	ZetaS.Z9.two_int_r_vConv_eq_Jpsi	A	[Classical.choice, Quot.sound, propext]	0	[]
ZetaS.ZeroSide.Z9d_Span	ZetaS.Z9.span_bound	A	[Classical.choice, Quot.sound, propext]	0	[]
ZetaS.ZeroSide.Z9e_Seams	ZetaS.Z9.count_seams	A	[Classical.choice, Quot.sound, propext]	0	[]
ZetaS.ZeroSide.Z9e_Seams	ZetaS.Z9.finsum_eq_sum	A	[Classical.choice, Quot.sound, propext]	0	[]
ZetaS.ZeroSide.Z9e_Seams	ZetaS.Z9.finsum_inter_eq_sum	A	[Classical.choice, Quot.sound, propext]	0	[]
ZetaS.ZeroSide.Z9e_Seams	ZetaS.Z9.ncard_eq_sum	A	[Classical.choice, Quot.sound, propext]	0	[]
ZetaS.ZeroSide.Z9e_Seams	ZetaS.Z9.ncard_inter_eq_sum	A	[Classical.choice, Quot.sound, propext]	0	[]
ZetaS.ZeroSide.Z9e_Seams	ZetaS.Z9.sum_le_sum_add_diff	A	[Classical.choice, Quot.sound, propext]	0	[]
ZetaS.ZeroSide.Z9e_Seams	ZetaS.Z9.window_subset	A	[Classical.choice, Quot.sound, propext]	0	[]
ZetaS.ZeroSide.Z9s_Spec	ZetaS.Z9.FrameSpec.NdW_eq	A	[Classical.choice, Quot.sound, propext]	0	[]
ZetaS.ZeroSide.Z9s_Spec	ZetaS.Z9.FrameSpec.NsW_eq	A	[Classical.choice, Quot.sound, propext]	0	[]
ZetaS.ZeroSide.Z9s_Spec	ZetaS.Z9.FrameSpec.NscW_eq	A	[Classical.choice, Quot.sound, propext]	0	[]
ZetaS.ZeroSide.Z9s_Spec	ZetaS.Z9.FrameSpec.Nw_eq	A	[Classical.choice, Quot.sound, propext]	0	[]
ZetaS.ZeroSide.Z9s_Spec	ZetaS.Z9.FrameSpec.defect_eq	A	[Classical.choice, Quot.sound, propext]	0	[]
ZetaS.ZeroSide.Z9s_Spec	ZetaS.Z9.FrameSpec.frob_eq	A	[Classical.choice, Quot.sound, propext]	0	[]
ZetaS.ZeroSide.Z9s_Spec	ZetaS.Z9.FrameSpec.k_eq	A	[Classical.choice, Quot.sound, propext]	0	[]
ZetaS.ZeroSide.Z9s_Spec	ZetaS.Z9.FrameSpec.sEq1_eq	A	[Classical.choice, Quot.sound, propext]	0	[]
ZetaS.ZeroSide.Z9s_Spec	ZetaS.Z9.FrameSpec.tr_eq	A	[Classical.choice, Quot.sound, propext]	0	[]
ZetaS.ZeroSide.Z9s_Spec	ZetaS.Z9.FrameSpec.Λ_eq	A	[Classical.choice, Quot.sound, propext]	0	[]
ZetaS.ZeroSide.ZetaSeams	ZetaS.ZSeam.N0s_eq	A	[Classical.choice, Quot.sound, propext]	0	[]
ZetaS.ZeroSide.ZetaSeams	ZetaS.ZSeam.N_eq	A	[Classical.choice, Quot.sound, propext]	0	[]
ZetaS.ZeroSide.ZetaSeams	ZetaS.ZSeam.Nd_eq	A	[Classical.choice, Quot.sound, propext]	0	[]
ZetaS.ZeroSide.ZetaSeams	ZetaS.ZSeam.Ns_eq	A	[Classical.choice, Quot.sound, propext]	0	[]
ZetaS.ZeroSide.ZetaSeams	ZetaS.ZSeam.Nsc_eq	A	[Classical.choice, Quot.sound, propext]	0	[]
ZetaS.ZeroSide.ZetaSeams	ZetaS.ZSeam.half_lt_aC	A	[Classical.choice, Quot.sound, propext]	0	[]
ZetaShell.Basic	ZetaQ.NcountQ.eq_1	A	[Classical.choice, Quot.sound, propext]	0	[]
ZetaShell.Basic	ZetaShell.NcountQ_modulus_zero	A	[Classical.choice, Quot.sound, propext]	0	[]
ZetaShell.Cert.R1_CplusBounds	ZetaShell.D53L75.eq_1	A	[Classical.choice, Quot.sound, propext]	0	[]
ZetaShell.Cert.R1_CplusBounds	ZetaShell.S53L75.eq_1	A	[Classical.choice, Quot.sound, propext]	0	[]
ZetaShell.Cert.R1_CplusBounds	ZetaShell.pi4_div18_le_Cplus	A	[Classical.choice, Quot.sound, propext]	0	[]
ZetaShell.Cert.R1_CplusBounds	ZetaShell.two_pi4_div27_le_Cplus	A	[Classical.choice, Quot.sound, propext]	0	[]
ZetaShell.Cert.R2_BshellMono	ZetaShell.Bshell_mono	A	[Classical.choice, Quot.sound, propext]	0	[]
ZetaShell.Cert.R3_ShellPayoffFormula	ZetaShell.Bshell_eq_shellBq	A	[Classical.choice, Quot.sound, propext]	0	[]
ZetaShell.Cert.R4_CertS53	ZetaShell.PcertD53.eq_1	A	[Classical.choice, Quot.sound, propext]	0	[]
ZetaShell.Cert.R4_CertS53	ZetaShell.PcertS53.eq_1	A	[Classical.choice, Quot.sound, propext]	0	[]
ZetaShell.Cert.R4_CertS53	ZetaShell.certD53	A	[Classical.choice, Quot.sound, propext]	0	[]
ZetaShell.Cert.R4_CertS53	ZetaShell.certS53	A	[Classical.choice, Quot.sound, propext]	0	[]
ZetaShell.Cert.R4_CertS53	ZetaShell.shellBq_D53	A	[Classical.choice, Quot.sound, propext]	0	[]
ZetaShell.Cert.R4_CertS53	ZetaShell.shellBq_S53	A	[Classical.choice, Quot.sound, propext]	0	[]
ZetaShell.Cert.R5_D53	ZetaShell.TR.D53L75_L75'	A	[Classical.choice, Quot.sound, propext]	0	[]
ZetaShell.Cert.R5_D53	ZetaShell.TR.bernD53.eq_1	A	[Classical.choice, Quot.sound, propext]	0	[]
ZetaShell.Cert.R5_D53	ZetaShell.TR.bernD53_pos	A	[Classical.choice, Quot.sound, propext]	0	[]
ZetaShell.Cert.R5_D53	ZetaShell.TR.negderiv_D53	A	[Classical.choice, Quot.sound, propext]	0	[]
ZetaShell.Cert.R5_D53	ZetaShell.TR.strictAnti_D53	A	[Classical.choice, Quot.sound, propext]	0	[]
ZetaShell.Cert.R5_ProfileL75	ZetaShell.D53L75_L75	A	[Classical.choice, Quot.sound, propext]	0	[]
ZetaShell.Cert.R5_ProfileL75	ZetaShell.S53L75_L75	A	[Classical.choice, Quot.sound, propext]	0	[]
ZetaShell.Cert.R5_S53	ZetaShell.TR.S53L75_L75'	A	[Classical.choice, Quot.sound, propext]	0	[]
ZetaShell.Cert.R5_S53	ZetaShell.TR.bernS53.eq_1	A	[Classical.choice, Quot.sound, propext]	0	[]
ZetaShell.Cert.R5_S53	ZetaShell.TR.bernS53_pos	A	[Classical.choice, Quot.sound, propext]	0	[]
ZetaShell.Cert.R5_S53	ZetaShell.TR.negderiv_S53	A	[Classical.choice, Quot.sound, propext]	0	[]
ZetaShell.Cert.R5_S53	ZetaShell.TR.pRd.eq_1	A	[Classical.choice, Quot.sound, propext]	0	[]
ZetaShell.Cert.R5_S53	ZetaShell.TR.pRd.eq_2	A	[Classical.choice, Quot.sound, propext]	0	[]
ZetaShell.Cert.R5_S53	ZetaShell.TR.pRd.eq_def	A	[Classical.choice, Quot.sound, propext]	0	[]
ZetaShell.Cert.R5_S53	ZetaShell.TR.strictAnti_S53	A	[Classical.choice, Quot.sound, propext]	0	[]
ZetaShell.Cert.R6_AdmissibleOfL75	ZetaShell.admissible_of_L75	A	[Classical.choice, Quot.sound, propext]	0	[]
ZetaShell.Cert.R6_AdmissibleOfL75	ZetaShell.mass_pos_of_L75	A	[Classical.choice, Quot.sound, propext]	0	[]
ZetaShell.Cert.R6_AdmissibleOfL75	ZetaShell.p_continuous	A	[Classical.choice, Quot.sound, propext]	0	[]
ZetaShell.Cert.R6_AdmissibleOfL75	ZetaShell.v_eq_indicator	A	[Classical.choice, Quot.sound, propext]	0	[]
ZetaShell.Cert.ShellCertQ	ZetaShell.CertQ.BD53_le	A	[Classical.choice, Quot.sound, propext]	0	[]
ZetaShell.Cert.ShellCertQ	ZetaShell.CertQ.BD53_not_le_next	A	[Classical.choice, Quot.sound, propext]	0	[]
ZetaShell.Cert.ShellCertQ	ZetaShell.CertQ.BS53_Cplus_control	A	[Classical.choice, Quot.sound, propext]	0	[]
ZetaShell.Cert.ShellCertQ	ZetaShell.CertQ.BS53_le	A	[Classical.choice, Quot.sound, propext]	0	[]
ZetaShell.Cert.ShellCertQ	ZetaShell.CertQ.BS53_not_le_next	A	[Classical.choice, Quot.sound, propext]	0	[]
ZetaShell.Cert.ShellCertQ	ZetaShell.CertQ.l75_D53	A	[Classical.choice, Quot.sound, propext]	0	[]
ZetaShell.Cert.ShellCertQ	ZetaShell.CertQ.l75_D53_noelev	A	[Classical.choice, Quot.sound, propext]	0	[]
ZetaShell.Cert.ShellCertQ	ZetaShell.CertQ.l75_S53	A	[Classical.choice, Quot.sound, propext]	0	[]
ZetaShell.Cert.TR_Biv	ZetaShell.CertQ.mulYpoly.eq_1	A	[Classical.choice, Quot.sound, propext]	0	[]
ZetaShell.Cert.TR_Biv	ZetaShell.CertQ.psiHat.eq_1	A	[Classical.choice, Quot.sound, propext]	0	[]
ZetaShell.Cert.TR_Biv	ZetaShell.CertQ.qadd.eq_1	A	[Classical.choice, Quot.sound, propext]	0	[]
ZetaShell.Cert.TR_Biv	ZetaShell.CertQ.qadd.eq_2	A	[Classical.choice, Quot.sound, propext]	0	[]
ZetaShell.Cert.TR_Biv	ZetaShell.CertQ.qadd.eq_3	A	[Classical.choice, Quot.sound, propext]	0	[]
ZetaShell.Cert.TR_Biv	ZetaShell.CertQ.qadd.eq_def	A	[Classical.choice, Quot.sound, propext]	0	[]
ZetaShell.Cert.TR_Biv	ZetaShell.CertQ.qevalMinusOne.eq_1	A	[Classical.choice, Quot.sound, propext]	0	[]
ZetaShell.Cert.TR_Biv	ZetaShell.CertQ.qevalOneSub.eq_1	A	[Classical.choice, Quot.sound, propext]	0	[]
ZetaShell.Cert.TR_Biv	ZetaShell.CertQ.qint.eq_1	A	[Classical.choice, Quot.sound, propext]	0	[]
ZetaShell.Cert.TR_Biv	ZetaShell.CertQ.qintAux.eq_1	A	[Classical.choice, Quot.sound, propext]	0	[]
ZetaShell.Cert.TR_Biv	ZetaShell.CertQ.qintAux.eq_2	A	[Classical.choice, Quot.sound, propext]	0	[]
ZetaShell.Cert.TR_Biv	ZetaShell.CertQ.qintAux.eq_def	A	[Classical.choice, Quot.sound, propext]	0	[]
ZetaShell.Cert.TR_Biv	ZetaShell.CertQ.qmulYB.eq_1	A	[Classical.choice, Quot.sound, propext]	0	[]
ZetaShell.Cert.TR_Biv	ZetaShell.CertQ.qscal.eq_1	A	[Classical.choice, Quot.sound, propext]	0	[]
ZetaShell.Cert.TR_Biv	ZetaShell.CertQ.shiftPoly.eq_1	A	[Classical.choice, Quot.sound, propext]	0	[]
ZetaShell.Cert.TR_Biv	ZetaShell.TR.hasDerivAt_qint	A	[Classical.choice, Quot.sound, propext]	0	[]
ZetaShell.Cert.TR_Biv	ZetaShell.TR.hasDerivAt_qintAux	A	[Classical.choice, Quot.sound, propext]	0	[]
ZetaShell.Cert.TR_Biv	ZetaShell.TR.pR_psiHat	A	[Classical.choice, Quot.sound, propext]	0	[]
ZetaShell.Cert.TR_Biv	ZetaShell.TR.pR_qevalMinusOne	A	[Classical.choice, Quot.sound, propext]	0	[]
ZetaShell.Cert.TR_Biv	ZetaShell.TR.pR_qevalOneSub	A	[Classical.choice, Quot.sound, propext]	0	[]
ZetaShell.Cert.TR_Biv	ZetaShell.TR.qeR_cons	A	[Classical.choice, Quot.sound, propext]	0	[]
ZetaShell.Cert.TR_Biv	ZetaShell.TR.qeR_map0	A	[Classical.choice, Quot.sound, propext]	0	[]
ZetaShell.Cert.TR_Biv	ZetaShell.TR.qeR_mulYpoly	A	[Classical.choice, Quot.sound, propext]	0	[]
ZetaShell.Cert.TR_Biv	ZetaShell.TR.qeR_nil	A	[Classical.choice, Quot.sound, propext]	0	[]
ZetaShell.Cert.TR_Biv	ZetaShell.TR.qeR_qadd	A	[Classical.choice, Quot.sound, propext]	0	[]
ZetaShell.Cert.TR_Biv	ZetaShell.TR.qeR_qmulYB	A	[Classical.choice, Quot.sound, propext]	0	[]
ZetaShell.Cert.TR_Biv	ZetaShell.TR.qeR_qscal	A	[Classical.choice, Quot.sound, propext]	0	[]
ZetaShell.Cert.TR_Biv	ZetaShell.TR.qeR_shiftPoly	A	[Classical.choice, Quot.sound, propext]	0	[]
ZetaShell.Cert.TR_Bshell	ZetaShell.CertQ.shellBq.eq_1	A	[Classical.choice, Quot.sound, propext]	0	[]
ZetaShell.Cert.TR_Bshell	ZetaShell.TR.Bshell_eq_formula	A	[Classical.choice, Quot.sound, propext]	0	[]
ZetaShell.Cert.TR_Bshell	ZetaShell.TR.Bshell_eq_shellBq'	A	[Classical.choice, Quot.sound, propext]	0	[]
ZetaShell.Cert.TR_Bshell	ZetaShell.TR.Gk.eq_1	A	[Classical.choice, Quot.sound, propext]	0	[]
ZetaShell.Cert.TR_Bshell	ZetaShell.TR.I1_eq	A	[Classical.choice, Quot.sound, propext]	0	[]
ZetaShell.Cert.TR_Bshell	ZetaShell.TR.I2_eq	A	[Classical.choice, Quot.sound, propext]	0	[]
ZetaShell.Cert.TR_Bshell	ZetaShell.TR.cast_pdefint'	A	[Classical.choice, Quot.sound, propext]	0	[]
ZetaShell.Cert.TR_Bshell	ZetaShell.TR.continuous_psiT	A	[Classical.choice, Quot.sound, propext]	0	[]
ZetaShell.Cert.TR_Bshell	ZetaShell.TR.integral_pR_div	A	[Classical.choice, Quot.sound, propext]	0	[]
ZetaShell.Cert.TR_Bshell	ZetaShell.TR.kernel_abs	A	[Classical.choice, Quot.sound, propext]	0	[]
ZetaShell.Cert.TR_Bshell	ZetaShell.TR.psiT_zero	A	[Classical.choice, Quot.sound, propext]	0	[]
ZetaShell.Cert.TR_Bshell	ZetaShell.shellKernel.eq_1	A	[Classical.choice, Quot.sound, propext]	0	[]
ZetaShell.Cert.TR_L75	ZetaShell.TR.L75_of_cert	A	[Classical.choice, Quot.sound, propext]	0	[]
ZetaShell.Cert.TR_L75	ZetaShell.TR.sig_mem	A	[Classical.choice, Quot.sound, propext]	0	[]
ZetaShell.Cert.TR_Poly	ZetaShell.CertQ.padd.eq_1	A	[Classical.choice, Quot.sound, propext]	0	[]
ZetaShell.Cert.TR_Poly	ZetaShell.CertQ.padd.eq_2	A	[Classical.choice, Quot.sound, propext]	0	[]
ZetaShell.Cert.TR_Poly	ZetaShell.CertQ.padd.eq_3	A	[Classical.choice, Quot.sound, propext]	0	[]
ZetaShell.Cert.TR_Poly	ZetaShell.CertQ.padd.eq_def	A	[Classical.choice, Quot.sound, propext]	0	[]
ZetaShell.Cert.TR_Poly	ZetaShell.CertQ.pdefint.eq_1	A	[Classical.choice, Quot.sound, propext]	0	[]
ZetaShell.Cert.TR_Poly	ZetaShell.CertQ.peval.eq_1	A	[Classical.choice, Quot.sound, propext]	0	[]
ZetaShell.Cert.TR_Poly	ZetaShell.CertQ.pint.eq_1	A	[Classical.choice, Quot.sound, propext]	0	[]
ZetaShell.Cert.TR_Poly	ZetaShell.CertQ.pintAux.eq_1	A	[Classical.choice, Quot.sound, propext]	0	[]
ZetaShell.Cert.TR_Poly	ZetaShell.CertQ.pintAux.eq_2	A	[Classical.choice, Quot.sound, propext]	0	[]
ZetaShell.Cert.TR_Poly	ZetaShell.CertQ.pintAux.eq_def	A	[Classical.choice, Quot.sound, propext]	0	[]
ZetaShell.Cert.TR_Poly	ZetaShell.CertQ.pmul.eq_1	A	[Classical.choice, Quot.sound, propext]	0	[]
ZetaShell.Cert.TR_Poly	ZetaShell.CertQ.pmul.eq_2	A	[Classical.choice, Quot.sound, propext]	0	[]
ZetaShell.Cert.TR_Poly	ZetaShell.CertQ.pmul.eq_def	A	[Classical.choice, Quot.sound, propext]	0	[]
ZetaShell.Cert.TR_Poly	ZetaShell.CertQ.pscal.eq_1	A	[Classical.choice, Quot.sound, propext]	0	[]
ZetaShell.Cert.TR_Poly	ZetaShell.CertQ.spread.eq_1	A	[Quot.sound, propext]	0	[]
ZetaShell.Cert.TR_Poly	ZetaShell.CertQ.spread.eq_2	A	[Quot.sound, propext]	0	[]
ZetaShell.Cert.TR_Poly	ZetaShell.CertQ.spread.eq_3	A	[Quot.sound, propext]	0	[]
ZetaShell.Cert.TR_Poly	ZetaShell.CertQ.spread.eq_def	A	[Quot.sound, propext]	0	[]
ZetaShell.Cert.TR_Poly	ZetaShell.TR.Ph.eq_1	A	[Classical.choice, Quot.sound, propext]	0	[]
ZetaShell.Cert.TR_Poly	ZetaShell.TR.cast_pdefint	A	[Classical.choice, Quot.sound, propext]	0	[]
ZetaShell.Cert.TR_Poly	ZetaShell.TR.continuous_pR	A	[Classical.choice, Quot.sound, propext]	0	[]
ZetaShell.Cert.TR_Poly	ZetaShell.TR.hasDerivAt_pR	A	[Classical.choice, Quot.sound, propext]	0	[]
ZetaShell.Cert.TR_Poly	ZetaShell.TR.hasDerivAt_pint	A	[Classical.choice, Quot.sound, propext]	0	[]
ZetaShell.Cert.TR_Poly	ZetaShell.TR.hasDerivAt_pintAux	A	[Classical.choice, Quot.sound, propext]	0	[]
ZetaShell.Cert.TR_Poly	ZetaShell.TR.integral_pR	A	[Classical.choice, Quot.sound, propext]	0	[]
ZetaShell.Cert.TR_Poly	ZetaShell.TR.integral_scale	A	[Classical.choice, Quot.sound, propext]	0	[]
ZetaShell.Cert.TR_Poly	ZetaShell.TR.mass_eq	A	[Classical.choice, Quot.sound, propext]	0	[]
ZetaShell.Cert.TR_Poly	ZetaShell.TR.moment4_eq	A	[Classical.choice, Quot.sound, propext]	0	[]
ZetaShell.Cert.TR_Poly	ZetaShell.TR.pR_cast	A	[Classical.choice, Quot.sound, propext]	0	[]
ZetaShell.Cert.TR_Poly	ZetaShell.TR.pR_cons	A	[Classical.choice, Quot.sound, propext]	0	[]
ZetaShell.Cert.TR_Poly	ZetaShell.TR.pR_nil	A	[Classical.choice, Quot.sound, propext]	0	[]
ZetaShell.Cert.TR_Poly	ZetaShell.TR.pR_padd	A	[Classical.choice, Quot.sound, propext]	0	[]
ZetaShell.Cert.TR_Poly	ZetaShell.TR.pR_pmul	A	[Classical.choice, Quot.sound, propext]	0	[]
ZetaShell.Cert.TR_Poly	ZetaShell.TR.pR_pscal	A	[Classical.choice, Quot.sound, propext]	0	[]
ZetaShell.Cert.TR_Poly	ZetaShell.TR.pR_spread	A	[Classical.choice, Quot.sound, propext]	0	[]
ZetaShell.Cert.TR_Poly	ZetaShell.TR.p_eq	A	[Classical.choice, Quot.sound, propext]	0	[]
ZetaShell.Cert.TR_Poly	ZetaShell.TR.p_four_eq'	A	[Classical.choice, Quot.sound, propext]	0	[]
ZetaShell.Cert.TR_Poly	ZetaShell.TR.p_sq_eq	A	[Classical.choice, Quot.sound, propext]	0	[]
ZetaShell.Cert.TR_Poly	ZetaShell.TR.p_sq_eq'	A	[Classical.choice, Quot.sound, propext]	0	[]
ZetaShell.Cert.TR_Poly	ZetaShell.TR.sum_fin_eq_pR	A	[Classical.choice, Quot.sound, propext]	0	[]
ZetaShell.Cert.TR_Psi	ZetaShell.ShellProfile.v.eq_1	A	[Classical.choice, Quot.sound, propext]	0	[]
ZetaShell.Cert.TR_Psi	ZetaShell.TR.Hf.eq_1	A	[Classical.choice, Quot.sound, propext]	0	[]
ZetaShell.Cert.TR_Psi	ZetaShell.TR.Hs.eq_1	A	[Classical.choice, Quot.sound, propext]	0	[]
ZetaShell.Cert.TR_Psi	ZetaShell.TR.psiS_abs	A	[Classical.choice, Quot.sound, propext]	0	[]
ZetaShell.Cert.TR_Psi	ZetaShell.TR.psiS_eq_interval	A	[Classical.choice, Quot.sound, propext]	0	[]
ZetaShell.Cert.TR_Psi	ZetaShell.TR.psiS_eq_psiHat	A	[Classical.choice, Quot.sound, propext]	0	[]
ZetaShell.Cert.TR_Psi	ZetaShell.TR.psiS_eq_zero	A	[Classical.choice, Quot.sound, propext]	0	[]
ZetaShell.Cert.TR_Psi	ZetaShell.TR.psiS_neg	A	[Classical.choice, Quot.sound, propext]	0	[]
ZetaShell.Cert.TR_Psi	ZetaShell.TR.vv_eq	A	[Classical.choice, Quot.sound, propext]	0	[]
ZetaShell.Cert.TR_Q	ZetaShell.CertQ.a_D53	A	[Classical.choice, Quot.sound, propext]	0	[]
ZetaShell.Cert.TR_Q	ZetaShell.CertQ.a_S53	A	[Classical.choice, Quot.sound, propext]	0	[]
ZetaShell.Cert.TR_Q	ZetaShell.CertQ.a_S53_control	A	[Classical.choice, Quot.sound, propext]	0	[]
ZetaShell.Cert.TR_Q	ZetaShell.CertQ.b_D53	A	[Classical.choice, Quot.sound, propext]	0	[]
ZetaShell.Cert.TR_Q	ZetaShell.CertQ.b_S53	A	[Classical.choice, Quot.sound, propext]	0	[]
ZetaShell.Challenge	ZetaShell.AdmissibleS.integrable	A	[Classical.choice, Quot.sound, propext]	0	[]
ZetaShell.Challenge	ZetaShell.AdmissibleS.mass	A	[Classical.choice, Quot.sound, propext]	0	[]
ZetaShell.Challenge	ZetaShell.AdmissibleS.nonneg	A	[Classical.choice, Quot.sound, propext]	0	[]
ZetaShell.Challenge	ZetaShell.AdmissibleS.supp	A	[Classical.choice, Quot.sound, propext]	0	[]
ZetaShell.Challenge	ZetaShell.BandLimitedWeight.band	A	[Classical.choice, Quot.sound, propext]	0	[]
ZetaShell.Challenge	ZetaShell.BandLimitedWeight.bv	A	[Classical.choice, Quot.sound, propext]	0	[]
ZetaShell.Challenge	ZetaShell.BandLimitedWeight.le_one	A	[Classical.choice, Quot.sound, propext]	0	[]
ZetaShell.Challenge	ZetaShell.BandLimitedWeight.nonneg	A	[Classical.choice, Quot.sound, propext]	0	[]
ZetaShell.Challenge	ZetaShell.BandLimitedWeight.schwartz	A	[Classical.choice, Quot.sound, propext]	0	[]
ZetaShell.Challenge	ZetaShell.ShellProfile.L75.a_ge	A	[Classical.choice, Quot.sound, propext]	0	[]
ZetaShell.Challenge	ZetaShell.ShellProfile.L75.anti	A	[Classical.choice, Quot.sound, propext]	0	[]
ZetaShell.Challenge	ZetaShell.ShellProfile.L75.b_ge	A	[Classical.choice, Quot.sound, propext]	0	[]
ZetaShell.Challenge	ZetaShell.ShellProfile.L75.end_ge	A	[Classical.choice, Quot.sound, propext]	0	[]
ZetaShell.Challenge	ZetaShell.ShellProfile.L75.le_one	A	[Classical.choice, Quot.sound, propext]	0	[]
ZetaShell.Challenge	ZetaShell.ShellProfile.L75.pos	A	[Classical.choice, Quot.sound, propext]	0	[]
ZetaShell.Challenge	ZetaShell.ShellProfile.mk.inj	A	[]	0	[]
ZetaShell.Challenge	ZetaShell.ShellProfile.mk.injEq	A	[propext]	0	[]
ZetaShell.Challenge	ZetaShell.ShellProfile.mk.sizeOf_spec	A	[]	0	[]
ZetaShell.Challenge	ZetaShell.ZeroDensityInput.jutila	A	[Classical.choice, Quot.sound, propext]	0	[]
ZetaShell.Challenge	ZetaShell.ZeroDensityInput.montgomery	A	[Classical.choice, Quot.sound, propext]	0	[]
ZetaShell.Challenge	ZetaShell.shell_S53_bounded	SORRY	[Classical.choice, Quot.sound, propext, sorryAx]	1	[ZetaShell.shell_S53_bounded [ZetaShell.Challenge]]
ZetaShell.Challenge	ZetaShell.shell_S53_bounded_dyadic	SORRY	[Classical.choice, Quot.sound, propext, sorryAx]	1	[ZetaShell.shell_S53_bounded_dyadic [ZetaShell.Challenge]]
ZetaShell.Challenge	ZetaShell.shell_S53_dyadic	SORRY	[Classical.choice, Quot.sound, propext, sorryAx]	1	[ZetaShell.shell_S53_dyadic [ZetaShell.Challenge]]
ZetaShell.Challenge	ZetaShell.shell_S53_qle	SORRY	[Classical.choice, Quot.sound, propext, sorryAx]	1	[ZetaShell.shell_S53_qle [ZetaShell.Challenge]]
ZetaShell.Defs.LK_Defs	ZetaShell.LemmaK.KFrame.Q_eq	A	[Classical.choice, Quot.sound, propext]	0	[]
ZetaShell.Defs.LK_Defs	ZetaShell.LemmaK.KFrame.T_eq	A	[Classical.choice, Quot.sound, propext]	0	[]
ZetaShell.Defs.LK_Defs	ZetaShell.LemmaK.KFrame.exists_design	A	[Classical.choice, Quot.sound, propext]	0	[]
ZetaShell.Defs.LK_Defs	ZetaShell.LemmaK.KFrame.lam_eq	A	[Classical.choice, Quot.sound, propext]	0	[]
ZetaShell.Defs.LK_Defs	ZetaShell.LemmaK.KFrame.mk.inj	A	[Classical.choice, Quot.sound, propext]	0	[]
ZetaShell.Defs.LK_Defs	ZetaShell.LemmaK.KFrame.mk.injEq	A	[Classical.choice, Quot.sound, propext]	0	[]
ZetaShell.Defs.LK_Defs	ZetaShell.LemmaK.KFrame.mk.sizeOf_spec	A	[Classical.choice, Quot.sound, propext]	0	[]
ZetaShell.Defs.LK_Defs	ZetaShell.LemmaK.KFrame.prof_eq	A	[Classical.choice, Quot.sound, propext]	0	[]
ZetaShell.Defs.LK_Defs	ZetaShell.LemmaK.KFrame.rows	A	[Classical.choice, Quot.sound, propext]	0	[]
ZetaShell.Defs.LK_Defs	ZetaShell.LemmaK.KFrame.valid	A	[Classical.choice, Quot.sound, propext]	0	[]
ZetaShell.Defs.LK_Defs	ZetaShell.LemmaK.KProfile.Side.a_ge	A	[Classical.choice, Quot.sound, propext]	0	[]
ZetaShell.Defs.LK_Defs	ZetaShell.LemmaK.KProfile.Side.anti	A	[Classical.choice, Quot.sound, propext]	0	[]
ZetaShell.Defs.LK_Defs	ZetaShell.LemmaK.KProfile.Side.b_ge	A	[Classical.choice, Quot.sound, propext]	0	[]
ZetaShell.Defs.LK_Defs	ZetaShell.LemmaK.KProfile.Side.end_ge	A	[Classical.choice, Quot.sound, propext]	0	[]
ZetaShell.Defs.LK_Defs	ZetaShell.LemmaK.KProfile.Side.le_one	A	[Classical.choice, Quot.sound, propext]	0	[]
ZetaShell.Defs.LK_Defs	ZetaShell.LemmaK.KProfile.Side.pos	A	[Classical.choice, Quot.sound, propext]	0	[]
ZetaShell.Defs.LK_Defs	ZetaShell.LemmaK.KProfile.mk.inj	A	[]	0	[]
ZetaShell.Defs.LK_Defs	ZetaShell.LemmaK.KProfile.mk.injEq	A	[propext]	0	[]
ZetaShell.Defs.LK_Defs	ZetaShell.LemmaK.KProfile.mk.sizeOf_spec	A	[]	0	[]
ZetaShell.Defs.Unify	ZetaShell.Defs.DTk_trackF_eq_DT_lemmaK	A	[Classical.choice, Quot.sound, propext]	0	[]
ZetaShell.Defs.Unify	ZetaShell.Defs.Ddens_trackF_eq_lemmaK	A	[Classical.choice, Quot.sound, propext]	0	[]
ZetaShell.Defs.Unify	ZetaShell.Defs.acoefS_trackF_eq_acoef_lemmaK	A	[Classical.choice, Quot.sound, propext]	0	[]
ZetaShell.Defs.Unify	ZetaShell.Defs.distZ_trackF_eq_lemmaK	A	[Classical.choice, Quot.sound, propext]	0	[]
ZetaShell.Density.Z1_ZDIToBulkLogFree	ZetaShell.zdi_to_bulk_logfree	A	[Classical.choice, Quot.sound, propext]	0	[]
ZetaShell.Density.Z2_Alpha0D1prime	ZetaShell.Astar_montgomery	A	[Classical.choice, Quot.sound, propext]	0	[]
ZetaShell.Density.Z2_Alpha0D1prime	ZetaShell.alpha0_D1prime	A	[Classical.choice, Quot.sound, propext]	0	[]
ZetaShell.Density.Z2_Alpha0D1prime	ZetaShell.cMontgomery.eq_1	A	[Classical.choice, Quot.sound, propext]	0	[]
ZetaShell.Density.Z2_Alpha0D1prime	ZetaShell.conditions_S53	A	[Classical.choice, Quot.sound, propext]	0	[]
ZetaShell.Density.Z3_ThetaS53	ZetaShell.kappaPrime_S53	A	[Classical.choice, Quot.sound, propext]	0	[]
ZetaShell.Density.Z3_ThetaS53	ZetaShell.thetaRate_S53	A	[Classical.choice, Quot.sound, propext]	0	[]
ZetaShell.Design.SD_A0_DesignAtM	ZetaShell.Design.designOfRecordM_eq_designAtM	A	[Classical.choice, Quot.sound, propext]	0	[]
ZetaShell.Design.SD_A1_PolyEval	ZetaShell.ShellProfile.poly_eval	A	[Classical.choice, Quot.sound, propext]	0	[]
ZetaShell.Design.SD_A2_ProfileQ	ZetaShell.ShellProfile.poly_eval_neg	A	[Classical.choice, Quot.sound, propext]	0	[]
ZetaShell.Design.SD_A2_ProfileQ	ZetaShell.ShellProfile.profileQ_of_L75	A	[Classical.choice, Quot.sound, propext]	0	[]
ZetaShell.Design.SD_A3_Moments	ZetaShell.Design.G53.eq_1	A	[Classical.choice, Quot.sound, propext]	0	[]
ZetaShell.Design.SD_A3_Moments	ZetaShell.Design.S53_p_eq	A	[Classical.choice, Quot.sound, propext]	0	[]
ZetaShell.Design.SD_A3_Moments	ZetaShell.Design.hasDerivAt_G53	A	[Classical.choice, Quot.sound, propext]	0	[]
ZetaShell.Design.SD_A3_Moments	ZetaShell.Design.integral_S53_sq	A	[Classical.choice, Quot.sound, propext]	0	[]
ZetaShell.Design.SD_A3_Moments	ZetaShell.Design.moments_S53_eventual	A	[Classical.choice, Quot.sound, propext]	0	[]
ZetaShell.Design.SD_A3_Moments	ZetaShell.Design.q53.eq_1	A	[Classical.choice, Quot.sound, propext]	0	[]
ZetaShell.Design.SD_A4_GevreyGate	ZetaShell.Design.S53_poly_eq	A	[Classical.choice, Quot.sound, propext]	0	[]
ZetaShell.Design.SD_A4_GevreyGate	ZetaShell.Design.gevreyBprod_S53_le	A	[Classical.choice, Quot.sound, propext]	0	[]
ZetaShell.Design.SD_A4_GevreyGate	ZetaShell.Design.p53X.eq_1	A	[Classical.choice, Quot.sound, propext]	0	[]
ZetaShell.Design.SD_A4_GevreyGate	ZetaShell.Design.p53X_coeff	A	[Classical.choice, Quot.sound, propext]	0	[]
ZetaShell.Design.SD_A4_GevreyGate	ZetaShell.Design.p53X_eval	A	[Classical.choice, Quot.sound, propext]	0	[]
ZetaShell.Design.SD_A4_GevreyGate	ZetaShell.Design.p53X_natDegree_le	A	[Classical.choice, Quot.sound, propext]	0	[]
ZetaShell.Design.SD_A4_GevreyGate	ZetaShell.Design.profM_S53_le	A	[Classical.choice, Quot.sound, propext]	0	[]
ZetaShell.Design.SD_A5_ExistsAt	ZetaShell.Design.exists_shellDesignM_eventually	A	[Classical.choice, Quot.sound, propext]	0	[]
ZetaShell.Design.SD_A6_Exists	ZetaShell.Design.exists_shellDesignM	A	[Classical.choice, Quot.sound, propext]	0	[]
ZetaShell.Design.SD_A7_Regime	ZetaShell.Design.shellDesign_regime	A	[Classical.choice, Quot.sound, propext]	0	[]
ZetaShell.Design.SD_A8_Scales	ZetaShell.Design.scales_of_shellDesignM	A	[Classical.choice, Quot.sound, propext]	0	[]
ZetaShell.Design.SD_B1_Row2Lam	ZetaShell.Design.row2_error_eventually_lam	A	[Classical.choice, Quot.sound, propext]	0	[]
ZetaShell.Design.SD_B2_Row9Lam	ZetaShell.Design.row9_closed_eventually_lam	A	[Classical.choice, Quot.sound, propext]	0	[]
ZetaShell.Design.SD_B3_TraceRow	ZetaShell.Design.trace_row_shell_eventually	A	[Classical.choice, Quot.sound, propext]	0	[]
ZetaShell.Design.SD_B4_RvMLower	ZetaShell.Design.famRvMLower_shell	A	[Classical.choice, Quot.sound, propext]	0	[]
ZetaShell.Design.SD_B5_NIIUpper	ZetaShell.Design.famNIIUpper_shell	A	[Classical.choice, Quot.sound, propext]	0	[]
ZetaShell.Design.SD_B6_Tail	ZetaShell.Design.tail_shell_eventually	A	[Classical.choice, Quot.sound, propext]	0	[]
ZetaShell.Design.SD_B7_D0Bound	ZetaShell.Design.D0_le_shell	A	[Classical.choice, Quot.sound, propext]	0	[]
ZetaShell.Design.SD_B8_Rates	ZetaShell.Design.rows_rate_shell	A	[Classical.choice, Quot.sound, propext]	0	[]
ZetaShell.Design.SD_C1_CWin	ZetaShell.Design.cWin_of_shellDesignM	A	[Classical.choice, Quot.sound, propext]	0	[]
ZetaShell.Design.SD_C3_EndsC1	ZetaShell.Design.c1Ends_shell_minkowski	A	[Classical.choice, Quot.sound, propext]	0	[]
ZetaShell.Design.SD_D1_Display	ZetaShell.Design.display_shell	A	[Classical.choice, Quot.sound, propext]	0	[]
ZetaShell.Design.SD_F1_FromNodes	ZetaShell.Design.shell_frame_qle_of_nodes	SORRY	[Classical.choice, Quot.sound, propext, sorryAx]	1	[ZetaShell.Design.frob_row_shell [ZetaShell.Skeleton.SD_F1c_FrobRow]]
ZetaShell.Design.SD_KBridge	ZetaShell.Design.shellFrame_toKFrame	A	[Classical.choice, Quot.sound, propext]	0	[]
ZetaShell.Farey.A1_SignedFarey	ZetaShell.OmegaW.eq_1	A	[Classical.choice, Quot.sound, propext]	0	[]
ZetaShell.Farey.A1_SignedFarey	ZetaShell.coeff_identity	A	[Classical.choice, Quot.sound, propext]	0	[]
ZetaShell.Farey.A1_SignedFarey	ZetaShell.coprime_indicator	A	[Classical.choice, Quot.sound, propext]	0	[]
ZetaShell.Farey.A1_SignedFarey	ZetaShell.coprime_of_hs	A	[Classical.choice, Quot.sound, propext]	0	[]
ZetaShell.Farey.A1_SignedFarey	ZetaShell.expSum.eq_1	A	[Classical.choice, Quot.sound, propext]	0	[]
ZetaShell.Farey.A1_SignedFarey	ZetaShell.exp_mul_conj_exp	A	[Classical.choice, Quot.sound, propext]	0	[]
ZetaShell.Farey.A1_SignedFarey	ZetaShell.farey_kernel_identity	A	[Classical.choice, Quot.sound, propext]	0	[]
ZetaShell.Farey.A1_SignedFarey	ZetaShell.lhs_expand	A	[Classical.choice, Quot.sound, propext]	0	[]
ZetaShell.Farey.A1_SignedFarey	ZetaShell.local_identity	A	[Classical.choice, Quot.sound, propext]	0	[]
ZetaShell.Farey.A1_SignedFarey	ZetaShell.normSq_sum_expand	A	[Classical.choice, Quot.sound, propext]	0	[]
ZetaShell.Farey.A1_SignedFarey	ZetaShell.primPairSum_eq	A	[Classical.choice, Quot.sound, propext]	0	[]
ZetaShell.Farey.A1_SignedFarey	ZetaShell.ramSum.eq_1	A	[Classical.choice, Quot.sound, propext]	0	[]
ZetaShell.Farey.A1_SignedFarey	ZetaShell.ramanujan_sum	A	[Classical.choice, Quot.sound, propext]	0	[]
ZetaShell.Farey.A1_SignedFarey	ZetaShell.rhs_expand	A	[Classical.choice, Quot.sound, propext]	0	[]
ZetaShell.Farey.A1_SignedFarey	ZetaShell.signed_farey_identity	A	[Classical.choice, Quot.sound, propext]	0	[]
ZetaShell.Farey.A1_SignedFarey	ZetaShell.sqfree_sum	A	[Classical.choice, Quot.sound, propext]	0	[]
ZetaShell.Farey.A1_SignedFarey	ZetaShell.sum_Icc_divisors_reindex	A	[Classical.choice, Quot.sound, propext]	0	[]
ZetaShell.Farey.A1_SignedFarey	ZetaShell.sum_divisors_prime_mul	A	[Classical.choice, Quot.sound, propext]	0	[]
ZetaShell.Farey.A1_SignedFarey	ZetaShell.sum_exp_range	A	[Classical.choice, Quot.sound, propext]	0	[]
ZetaShell.Farey.A1_SignedFarey	ZetaShell.sum_filter_dvd_range	A	[Classical.choice, Quot.sound, propext]	0	[]
ZetaShell.Farey.A1p_FarNorm	ZetaShell.TrackF.far_norm	A	[Classical.choice, Quot.sound, propext]	0	[]
ZetaShell.Farey.A1p_ReplaceCost	ZetaShell.TrackF.replace_cost	A	[Classical.choice, Quot.sound, propext]	0	[]
ZetaShell.Farey.A1p_SmallPrimeNorm	ZetaShell.TrackF.acoefS.eq_1	A	[Classical.choice, Quot.sound, propext]	0	[]
ZetaShell.Farey.A1p_SmallPrimeNorm	ZetaShell.TrackF.acoefS_normSq_le	A	[Classical.choice, Quot.sound, propext]	0	[]
ZetaShell.Farey.A1p_SmallPrimeNorm	ZetaShell.TrackF.norm_DTk_le	A	[Classical.choice, Quot.sound, propext]	0	[]
ZetaShell.Farey.A1p_SmallPrimeNorm	ZetaShell.TrackF.small_prime_norm	A	[Classical.choice, Quot.sound, propext]	0	[]
ZetaShell.Farey.AF1_HoleEdgeMass	ZetaShell.TrackF.farey_shift_spaced	A	[Classical.choice, Quot.sound, propext]	0	[]
ZetaShell.Farey.AF1_HoleEdgeMass	ZetaShell.TrackF.hole_edge_mass	A	[Classical.choice, Quot.sound, propext]	0	[]
ZetaShell.Farey.Z6b_Rectangles	ZetaShell.shell_rectangles	A	[Classical.choice, Quot.sound, propext]	0	[]
ZetaShell.Frame.B1_CountBridge	ZetaShell.famN0s_dyadic_eq	A	[Classical.choice, Quot.sound, propext]	0	[]
ZetaShell.Frame.B1_CountBridge	ZetaShell.famN0s_qle_eq	A	[Classical.choice, Quot.sound, propext]	0	[]
ZetaShell.Frame.B1_CountBridge	ZetaShell.famN_dyadic_eq	A	[Classical.choice, Quot.sound, propext]	0	[]
ZetaShell.Frame.B1_CountBridge	ZetaShell.famN_qle_eq	A	[Classical.choice, Quot.sound, propext]	0	[]
ZetaShell.Frame.B1_CountBridge	ZetaShell.twin_eq	A	[Classical.choice, Quot.sound, propext]	0	[]
ZetaShell.Frame.F2_ShellAssembly	ZetaQ.N0sFamQ.eq_1	A	[Classical.choice, Quot.sound, propext]	0	[]
ZetaShell.Frame.F2_ShellAssembly	ZetaQ.NfamQ.eq_1	A	[Classical.choice, Quot.sound, propext]	0	[]
ZetaShell.Frame.F2_ShellAssembly	ZetaShell.shell_assembly	A	[Classical.choice, Quot.sound, propext]	0	[]
ZetaShell.Interfaces	ZetaShell.ShellFrame.Q_eq	A	[Classical.choice, Quot.sound, propext]	0	[]
ZetaShell.Interfaces	ZetaShell.ShellFrame.T_eq	A	[Classical.choice, Quot.sound, propext]	0	[]
ZetaShell.Interfaces	ZetaShell.ShellFrame.exists_design	A	[Classical.choice, Quot.sound, propext]	0	[]
ZetaShell.Interfaces	ZetaShell.ShellFrame.lam_eq	A	[Classical.choice, Quot.sound, propext]	0	[]
ZetaShell.Interfaces	ZetaShell.ShellFrame.mk.inj	A	[Classical.choice, Quot.sound, propext]	0	[]
ZetaShell.Interfaces	ZetaShell.ShellFrame.mk.injEq	A	[Classical.choice, Quot.sound, propext]	0	[]
ZetaShell.Interfaces	ZetaShell.ShellFrame.mk.sizeOf_spec	A	[Classical.choice, Quot.sound, propext]	0	[]
ZetaShell.Interfaces	ZetaShell.ShellFrame.prof_eq	A	[Classical.choice, Quot.sound, propext]	0	[]
ZetaShell.Interfaces	ZetaShell.ShellFrame.rows	A	[Classical.choice, Quot.sound, propext]	0	[]
ZetaShell.Interfaces	ZetaShell.ShellFrame.valid	A	[Classical.choice, Quot.sound, propext]	0	[]
ZetaShell.Interfaces	ZetaShell.shell_S53_dyadic_tree	SORRY	[Classical.choice, Quot.sound, propext, sorryAx]	1	[ZetaShell.shell_S53_dyadic_tree [ZetaShell.Interfaces]]
ZetaShell.Interfaces	ZetaShell.shell_S53_qle_tree	SORRY	[Classical.choice, Quot.sound, propext, sorryAx]	1	[ZetaShell.shell_S53_qle_tree [ZetaShell.Interfaces]]
ZetaShell.Lemma2.A2P_S2_ConvSum	ZetaShell.TrackF.sum_mul_conv_approx	A	[Classical.choice, Quot.sound, propext]	0	[]
ZetaShell.Lemma2.A2P_S2_ConvSum	ZetaShell.TrackF.sum_mul_divisors_swap	A	[Classical.choice, Quot.sound, propext]	0	[]
ZetaShell.Lemma2.A2P_S2_ConvSum	ZetaShell.TrackF.triangular_bound	A	[Classical.choice, Quot.sound, propext]	0	[]
ZetaShell.Lemma2.A2_FareyBasics	ZetaShell.TrackF.card_mul_le_of_sep	A	[Classical.choice, Quot.sound, propext]	0	[]
ZetaShell.Lemma2.A2_FareyBasics	ZetaShell.TrackF.distZ_add_le	A	[Classical.choice, Quot.sound, propext]	0	[]
ZetaShell.Lemma2.A2_FareyBasics	ZetaShell.TrackF.distZ_eq	A	[Classical.choice, Quot.sound, propext]	0	[]
ZetaShell.Lemma2.A2_FareyBasics	ZetaShell.TrackF.distZ_le	A	[Classical.choice, Quot.sound, propext]	0	[]
ZetaShell.Lemma2.A2_FareyBasics	ZetaShell.TrackF.distZ_neg	A	[Classical.choice, Quot.sound, propext]	0	[]
ZetaShell.Lemma2.A2_FareyBasics	ZetaShell.TrackF.distZ_sub_comm	A	[Classical.choice, Quot.sound, propext]	0	[]
ZetaShell.Lemma2.A2_FareyBasics	ZetaShell.TrackF.fareyWin.eq_1	A	[Classical.choice, Quot.sound, propext]	0	[]
ZetaShell.Lemma2.A2_FareyBasics	ZetaShell.TrackF.fareyWin_card	A	[Classical.choice, Quot.sound, propext]	0	[]
ZetaShell.Lemma2.A2_FareyBasics	ZetaShell.TrackF.farey_gap	A	[Classical.choice, Quot.sound, propext]	0	[]
ZetaShell.Lemma2.A2_FareyBasics	ZetaShell.TrackF.farey_gap_Q	A	[Classical.choice, Quot.sound, propext]	0	[]
ZetaShell.Lemma2.A2_FareyBasics	ZetaShell.TrackF.farey_gap_idx	A	[Classical.choice, Quot.sound, propext]	0	[]
ZetaShell.Lemma2.A2_FareyBasics	ZetaShell.TrackF.mem_fareyIdx	A	[Classical.choice, Quot.sound, propext]	0	[]
ZetaShell.Lemma2.A2_InterfaceCheck	ZetaShell.TrackF.A3_density_input	A	[Classical.choice, Quot.sound, propext]	0	[]
ZetaShell.Lemma2.A2_InterfaceCheck	ZetaShell.TrackF.assembly_region_iii	A	[Classical.choice, Quot.sound, propext]	0	[]
ZetaShell.Lemma2.A2a_Main	ZetaShell.TrackF.R1shell.eq_1	A	[Classical.choice, Quot.sound, propext]	0	[]
ZetaShell.Lemma2.A2a_Main	ZetaShell.TrackF.eventually_log_small	A	[Classical.choice, Quot.sound, propext]	0	[]
ZetaShell.Lemma2.A2a_Main	ZetaShell.TrackF.lemma2a	SORRY	[Classical.choice, Quot.sound, propext, sorryAx]	9	[ZetaShell.TrackF.step5_window [ZetaShell.Skeleton.A2a_S5_Window], ZetaShell.TrackF.s3_reindex [ZetaShell.Skeleton.A2a_S3a_Reindex], ZetaShell.TrackF.s3_arith [ZetaShell.Skeleton.A2a_S3d_Arith], ZetaShell.TrackF.s2_class [ZetaShell.Skeleton.A2a_S2s_Class], ZetaShell.TrackF.s2_main [ZetaShell.Skeleton.A2a_S2s_Main], ZetaShell.TrackF.s3_tail [ZetaShell.Skeleton.A2a_S3e_Tail], ZetaShell.TrackF.step4_profile [ZetaShell.Skeleton.A2a_S4_Profile], ZetaShell.TrackF.lemmaP [ZetaShell.Skeleton.A2P_LineProfile], ZetaShell.TrackF.Hw_normalisation [ZetaShell.Skeleton.A2a_OutsideShells]]
ZetaShell.Lemma2.A2a_Main	ZetaShell.TrackF.lemma2a_upper	SORRY	[Classical.choice, Quot.sound, propext, sorryAx]	9	[ZetaShell.TrackF.step5_window [ZetaShell.Skeleton.A2a_S5_Window], ZetaShell.TrackF.s3_reindex [ZetaShell.Skeleton.A2a_S3a_Reindex], ZetaShell.TrackF.s3_arith [ZetaShell.Skeleton.A2a_S3d_Arith], ZetaShell.TrackF.s2_class [ZetaShell.Skeleton.A2a_S2s_Class], ZetaShell.TrackF.s2_main [ZetaShell.Skeleton.A2a_S2s_Main], ZetaShell.TrackF.s3_tail [ZetaShell.Skeleton.A2a_S3e_Tail], ZetaShell.TrackF.step4_profile [ZetaShell.Skeleton.A2a_S4_Profile], ZetaShell.TrackF.lemmaP [ZetaShell.Skeleton.A2P_LineProfile], ZetaShell.TrackF.Hw_normalisation [ZetaShell.Skeleton.A2a_OutsideShells]]
ZetaShell.Lemma2.A2a_Main	ZetaShell.TrackF.spike.eq_1	A	[Classical.choice, Quot.sound, propext]	0	[]
ZetaShell.Lemma2.A2a_Main	ZetaShell.TrackF.step0_u_ge_K	A	[Classical.choice, Quot.sound, propext]	0	[]
ZetaShell.Lemma2.A2a_S0_Lines	ZetaShell.TrackF.dirichlet_reduced	A	[Classical.choice, Quot.sound, propext]	0	[]
ZetaShell.Lemma2.A2a_S0_Lines	ZetaShell.TrackF.line_gcd	A	[Classical.choice, Quot.sound, propext]	0	[]
ZetaShell.Lemma2.A2a_S0_Lines	ZetaShell.TrackF.line_inverse	A	[Classical.choice, Quot.sound, propext]	0	[]
ZetaShell.Lemma2.A2a_S0_Lines	ZetaShell.TrackF.line_j_bound	A	[Classical.choice, Quot.sound, propext]	0	[]
ZetaShell.Lemma2.A2a_S0_Lines	ZetaShell.TrackF.line_offset	A	[Classical.choice, Quot.sound, propext]	0	[]
ZetaShell.Lemma2.A2a_S0_Lines	ZetaShell.TrackF.u_range	A	[Classical.choice, Quot.sound, propext]	0	[]
ZetaShell.Lemma2.A2a_S1_Expansion	ZetaShell.TrackF.cE.eq_1	A	[Classical.choice, Quot.sound, propext]	0	[]
ZetaShell.Lemma2.A2a_S1_Expansion	ZetaShell.TrackF.cE.eq_2	A	[Classical.choice, Quot.sound, propext]	0	[]
ZetaShell.Lemma2.A2a_S1_Expansion	ZetaShell.TrackF.hE.eq_1	A	[Classical.choice, Quot.sound, propext]	0	[]
ZetaShell.Lemma2.A2a_S1_Expansion	ZetaShell.TrackF.hE.eq_2	A	[Classical.choice, Quot.sound, propext]	0	[]
ZetaShell.Lemma2.A2a_S1_Expansion	ZetaShell.TrackF.hFull.eq_1	A	[Classical.choice, Quot.sound, propext]	0	[]
ZetaShell.Lemma2.A2a_S1_Expansion	ZetaShell.TrackF.hFull.eq_2	A	[Classical.choice, Quot.sound, propext]	0	[]
ZetaShell.Lemma2.A2a_S1_Expansion	ZetaShell.TrackF.hFull_eq_prod	A	[Classical.choice, Quot.sound, propext]	0	[]
ZetaShell.Lemma2.A2a_S1_Expansion	ZetaShell.TrackF.hFull_eq_sum_subsets	A	[Classical.choice, Quot.sound, propext]	0	[]
ZetaShell.Lemma2.A2a_S1_Expansion	ZetaShell.TrackF.omegaW_expand	A	[Classical.choice, Quot.sound, propext]	0	[]
ZetaShell.Lemma2.A2a_S1_Expansion	ZetaShell.TrackF.omegaW_step1	A	[Classical.choice, Quot.sound, propext]	0	[]
ZetaShell.Lemma2.A2a_S2_CRT	ZetaShell.TrackF.line_class_exists	A	[Classical.choice, Quot.sound, propext]	0	[]
ZetaShell.Lemma2.A2a_S2_CRT	ZetaShell.TrackF.line_class_unique	A	[Quot.sound, propext]	0	[]
ZetaShell.Lemma2.A2a_S2_CRT	ZetaShell.TrackF.line_dvd_iff_of_dvd_r	A	[Quot.sound, propext]	0	[]
ZetaShell.Lemma2.A2a_S2_CRT	ZetaShell.TrackF.line_not_dvd_of_dvd_j	A	[propext]	0	[]
ZetaShell.Lemma2.A2a_S2_CRT	ZetaShell.TrackF.not_dvd_r'_of_dvd_r	A	[Quot.sound, propext]	0	[]
ZetaShell.Lemma2.A2a_S2_CRTExist	ZetaShell.TrackF.admissible_exists	A	[Classical.choice, Quot.sound, propext]	0	[]
ZetaShell.Lemma2.A2a_S2_CRTExist	ZetaShell.TrackF.admissible_necessary	A	[Classical.choice, Quot.sound, propext]	0	[]
ZetaShell.Lemma2.A2a_S2_LineCount	ZetaShell.TrackF.Vstar.eq_1	A	[Classical.choice, Quot.sound, propext]	0	[]
ZetaShell.Lemma2.A2a_S2_LineCount	ZetaShell.TrackF.Vstar.eq_2	A	[Classical.choice, Quot.sound, propext]	0	[]
ZetaShell.Lemma2.A2a_S2_LineCount	ZetaShell.TrackF.Vstar.eq_3	A	[Classical.choice, Quot.sound, propext]	0	[]
ZetaShell.Lemma2.A2a_S2_LineCount	ZetaShell.TrackF.step2_line_count	SORRY	[Classical.choice, Quot.sound, propext, sorryAx]	2	[ZetaShell.TrackF.s2_class [ZetaShell.Skeleton.A2a_S2s_Class], ZetaShell.TrackF.s2_main [ZetaShell.Skeleton.A2a_S2s_Main]]
ZetaShell.Lemma2.A2a_S2_Mobius	ZetaShell.TrackF.gcd_prod_primes	A	[Classical.choice, Quot.sound, propext]	0	[]
ZetaShell.Lemma2.A2a_S2_Mobius	ZetaShell.TrackF.mobius_lcm_sum	A	[Classical.choice, Quot.sound, propext]	0	[]
ZetaShell.Lemma2.A2a_S2_Mobius	ZetaShell.TrackF.mobius_lcm_sum_eval	A	[Classical.choice, Quot.sound, propext]	0	[]
ZetaShell.Lemma2.A2a_S2_OneClass	ZetaShell.TrackF.fOff_dvd_iff_prime	A	[Classical.choice, Quot.sound, propext]	0	[]
ZetaShell.Lemma2.A2a_S2_OneClass	ZetaShell.TrackF.mem_fOff_dvd	A	[Classical.choice, Quot.sound, propext]	0	[]
ZetaShell.Lemma2.A2a_S2_OneClass	ZetaShell.TrackF.oneClass_closed	A	[Classical.choice, Quot.sound, propext]	0	[]
ZetaShell.Lemma2.A2a_S2_OneClass	ZetaShell.TrackF.oneClass_unique	A	[Classical.choice, Quot.sound, propext]	0	[]
ZetaShell.Lemma2.A2a_S2_Progression	ZetaShell.TrackF.progression_count	A	[Classical.choice, Quot.sound, propext]	0	[]
ZetaShell.Lemma2.A2a_S2s_AbsMu	ZetaShell.TrackF.s2_abs_mu	A	[Classical.choice, Quot.sound, propext]	0	[]
ZetaShell.Lemma2.A2a_S2s_Expand	ZetaShell.TrackF.divisors_filter_dvd	A	[Classical.choice, Quot.sound, propext]	0	[]
ZetaShell.Lemma2.A2a_S2s_Expand	ZetaShell.TrackF.mu_divisor_sum	A	[Classical.choice, Quot.sound, propext]	0	[]
ZetaShell.Lemma2.A2a_S2s_Expand	ZetaShell.TrackF.s2_expand	A	[Classical.choice, Quot.sound, propext]	0	[]
ZetaShell.Lemma2.A2a_S3_Count	ZetaShell.TrackF.Vstar_nonneg	A	[Classical.choice, Quot.sound, propext]	0	[]
ZetaShell.Lemma2.A2a_S3_Count	ZetaShell.TrackF.lam.eq_1	A	[Classical.choice, Quot.sound, propext]	0	[]
ZetaShell.Lemma2.A2a_S3_Count	ZetaShell.TrackF.lineM.eq_1	A	[Classical.choice, Quot.sound, propext]	0	[]
ZetaShell.Lemma2.A2a_S3_Count	ZetaShell.TrackF.lineSet.eq_1	A	[Classical.choice, Quot.sound, propext]	0	[]
ZetaShell.Lemma2.A2a_S3_Count	ZetaShell.TrackF.mainJEF.eq_1	A	[Classical.choice, Quot.sound, propext]	0	[]
ZetaShell.Lemma2.A2a_S3_Count	ZetaShell.TrackF.mainSum.eq_1	A	[Classical.choice, Quot.sound, propext]	0	[]
ZetaShell.Lemma2.A2a_S3_Count	ZetaShell.TrackF.s3_split_je	A	[Classical.choice, Quot.sound, propext]	0	[]
ZetaShell.Lemma2.A2a_S3_Count	ZetaShell.TrackF.step3_count	SORRY	[Classical.choice, Quot.sound, propext, sorryAx]	5	[ZetaShell.TrackF.s3_reindex [ZetaShell.Skeleton.A2a_S3a_Reindex], ZetaShell.TrackF.s3_arith [ZetaShell.Skeleton.A2a_S3d_Arith], ZetaShell.TrackF.s2_class [ZetaShell.Skeleton.A2a_S2s_Class], ZetaShell.TrackF.s2_main [ZetaShell.Skeleton.A2a_S2s_Main], ZetaShell.TrackF.s3_tail [ZetaShell.Skeleton.A2a_S3e_Tail]]
ZetaShell.Lemma2.A2a_S3_Defs	ZetaShell.TrackF.lineIv_le	A	[Classical.choice, Quot.sound, propext]	0	[]
ZetaShell.Lemma2.A2a_S3b_LineInt	ZetaShell.TrackF.lineSet_neg	A	[Classical.choice, Quot.sound, propext]	0	[]
ZetaShell.Lemma2.A2a_S3b_LineInt	ZetaShell.TrackF.lineSet_neg_empty	A	[Classical.choice, Quot.sound, propext]	0	[]
ZetaShell.Lemma2.A2a_S3b_LineInt	ZetaShell.TrackF.lineSet_pos	A	[Classical.choice, Quot.sound, propext]	0	[]
ZetaShell.Lemma2.A2a_S3b_LineInt	ZetaShell.TrackF.lineSet_pos_empty	A	[Classical.choice, Quot.sound, propext]	0	[]
ZetaShell.Lemma2.A2a_S3b_LineInt	ZetaShell.TrackF.s3_lineInt	A	[Classical.choice, Quot.sound, propext]	0	[]
ZetaShell.Lemma2.A2a_S3b_LineInt	ZetaShell.TrackF.setIntegral_Icc_eq	A	[Classical.choice, Quot.sound, propext]	0	[]
ZetaShell.Lemma2.A2a_S3c_Irrelevant	ZetaShell.TrackF.Fam.w_eq_zero_of_gt_one	A	[Classical.choice, Quot.sound, propext]	0	[]
ZetaShell.Lemma2.A2a_S3c_Irrelevant	ZetaShell.TrackF.div_aux	A	[Classical.choice, Quot.sound, propext]	0	[]
ZetaShell.Lemma2.A2a_S3c_Irrelevant	ZetaShell.TrackF.lineIv_cases	A	[Classical.choice, Quot.sound, propext]	0	[]
ZetaShell.Lemma2.A2a_S3c_Irrelevant	ZetaShell.TrackF.s3_irrelevant	A	[Classical.choice, Quot.sound, propext]	0	[]
ZetaShell.Lemma2.A2a_StepDefs	ZetaShell.TrackF.Fam.W1.eq_1	A	[Classical.choice, Quot.sound, propext]	0	[]
ZetaShell.Lemma2.A2a_StepDefs	ZetaShell.TrackF.Fam.W1.eq_2	A	[Classical.choice, Quot.sound, propext]	0	[]
ZetaShell.Lemma2.A2a_StepDefs	ZetaShell.TrackF.Fam.W1.eq_3	A	[Classical.choice, Quot.sound, propext]	0	[]
ZetaShell.Lemma2.A2a_StepDefs	ZetaShell.TrackF.Sconst_pos	A	[Classical.choice, Quot.sound, propext]	0	[]
ZetaShell.Lemma2.A2a_StepDefs	ZetaShell.TrackF.gbar.eq_1	A	[Classical.choice, Quot.sound, propext]	0	[]
ZetaShell.Lemma2.A2a_StepDefs	ZetaShell.TrackF.gbar_pos	A	[Classical.choice, Quot.sound, propext]	0	[]
ZetaShell.Lemma2.A2b_DensityBound	ZetaShell.TrackF.Ddens_absW_le	A	[Classical.choice, Quot.sound, propext]	0	[]
ZetaShell.Lemma2.A2b_DensityBound	ZetaShell.TrackF.Ddens_abs_le	A	[Classical.choice, Quot.sound, propext]	0	[]
ZetaShell.Lemma2.A2b_DensityBound	ZetaShell.TrackF.Ddens_eq_win	A	[Classical.choice, Quot.sound, propext]	0	[]
ZetaShell.Lemma2.A2b_DensityBound	ZetaShell.TrackF.lemma2b	A	[Classical.choice, Quot.sound, propext]	0	[]
ZetaShell.Lemma2.A2b_DensityBound	ZetaShell.TrackF.lemma2b_window	A	[Classical.choice, Quot.sound, propext]	0	[]
ZetaShell.Lemma2.A2c_Holes	ZetaShell.TrackF.far_from_hole_centre	A	[Classical.choice, Quot.sound, propext]	0	[]
ZetaShell.Lemma2.A2c_Holes	ZetaShell.TrackF.fareyPt.eq_1	A	[Classical.choice, Quot.sound, propext]	0	[]
ZetaShell.Lemma2.A2c_Holes	ZetaShell.TrackF.lemma2c	A	[Classical.choice, Quot.sound, propext]	0	[]
ZetaShell.Lemma2.A2c_Holes	ZetaShell.TrackF.lemma2c_hole	A	[Classical.choice, Quot.sound, propext]	0	[]
ZetaShell.Lemma2.A2c_Holes	ZetaShell.TrackF.lemma2c_spike	A	[Classical.choice, Quot.sound, propext]	0	[]
ZetaShell.LemmaK.LK9_DT_Facts	ZetaShell.LemmaK.DTFacts.DT_closed	A	[Classical.choice, Quot.sound, propext]	0	[]
ZetaShell.LemmaK.LK9_DT_Facts	ZetaShell.LemmaK.DTFacts.DT_lipschitz	A	[Classical.choice, Quot.sound, propext]	0	[]
ZetaShell.LemmaK.LK9_DT_Facts	ZetaShell.LemmaK.DTFacts.DT_norm_le	A	[Classical.choice, Quot.sound, propext]	0	[]
ZetaShell.LemmaK.LK9_DT_Facts	ZetaShell.LemmaK.DTFacts.DT_norm_le_two_div	A	[Classical.choice, Quot.sound, propext]	0	[]
ZetaShell.LemmaK.LK9_DT_Facts	ZetaShell.LemmaK.DTFacts.DT_zero	A	[Classical.choice, Quot.sound, propext]	0	[]
ZetaShell.LemmaK.LK9_DT_Facts	ZetaShell.LemmaK.DTFacts.norm_exp_I_mul	A	[Classical.choice, Quot.sound, propext]	0	[]
ZetaShell.LemmaK.LK9_DT_Facts	ZetaShell.LemmaK.DTFacts.norm_exp_sub_exp_le	A	[Classical.choice, Quot.sound, propext]	0	[]
ZetaShell.LemmaK.LK9_K2_Aux	ZetaQ.Gallagher.gMaj.eq_1	A	[Classical.choice, Quot.sound, propext]	0	[]
ZetaShell.LemmaK.LK9_K2_Aux	ZetaShell.LemmaK.Ddens.eq_1	A	[Classical.choice, Quot.sound, propext]	0	[]
ZetaShell.LemmaK.LK9_K2_Aux	ZetaShell.LemmaK.K2Aux.distZ_add_int	A	[Classical.choice, Quot.sound, propext]	0	[]
ZetaShell.LemmaK.LK9_K2_Aux	ZetaShell.LemmaK.K2Aux.distZ_eq_abs	A	[Classical.choice, Quot.sound, propext]	0	[]
ZetaShell.LemmaK.LK9_K2_Aux	ZetaShell.LemmaK.K2Aux.gallagher_with_zero_set_false	A	[Classical.choice, Quot.sound, propext]	0	[]
ZetaShell.LemmaK.LK9_K2_Aux	ZetaShell.LemmaK.K2Aux.gallagher_zero_aux	A	[Classical.choice, Quot.sound, propext]	0	[]
ZetaShell.LemmaK.LK9_K2_Aux	ZetaShell.LemmaK.K2Aux.measurableSet_E	A	[Classical.choice, Quot.sound, propext]	0	[]
ZetaShell.LemmaK.LK9_K2_Aux	ZetaShell.LemmaK.K2Aux.measurable_Ddens	A	[Classical.choice, Quot.sound, propext]	0	[]
ZetaShell.LemmaK.LK9_K2_Aux	ZetaShell.LemmaK.K2Aux.measurable_distZ_sub	A	[Classical.choice, Quot.sound, propext]	0	[]
ZetaShell.LemmaK.LK9_K2_Aux	ZetaShell.LemmaK.K2Aux.periodize	A	[Classical.choice, Quot.sound, propext]	0	[]
ZetaShell.LemmaK.LK9_K2_Aux	ZetaShell.LemmaK.K2Aux.point_le_gMaj	A	[Classical.choice, Quot.sound, propext]	0	[]
ZetaShell.LemmaK.LK9_K4_Aux	ZetaShell.LemmaK.K4Aux.card_reducedResidues	A	[Classical.choice, Quot.sound, propext]	0	[]
ZetaShell.LemmaK.LK9_K4_Aux	ZetaShell.LemmaK.K4Aux.e_nat_mul	A	[Classical.choice, Quot.sound, propext]	0	[]
ZetaShell.LemmaK.LK9_K4_Aux	ZetaShell.LemmaK.K4Aux.geom_e	A	[Classical.choice, Quot.sound, propext]	0	[]
ZetaShell.LemmaK.LK9_K4_Aux	ZetaShell.LemmaK.K4Aux.principal_gauss_hole_aux	A	[Classical.choice, Quot.sound, propext]	0	[]
ZetaShell.LemmaK.LK9_K4_Aux	ZetaShell.LemmaK.K4Aux.ramanujan_coprime	A	[Classical.choice, Quot.sound, propext]	0	[]
ZetaShell.LemmaK.LK9_K4_Aux	ZetaShell.LemmaK.K4Aux.sum_expSum_shift	A	[Classical.choice, Quot.sound, propext]	0	[]
ZetaShell.LemmaK.LK9_K4_Aux	ZetaShell.LemmaK.K4Aux.sum_moebius_divisors	A	[Classical.choice, Quot.sound, propext]	0	[]
ZetaShell.LemmaK.LK9_K4b_Aux	ZetaShell.LemmaK.K4bAux.fiber_bound	A	[Classical.choice, Quot.sound, propext]	0	[]
ZetaShell.LemmaK.LK9_K4b_Aux	ZetaShell.LemmaK.K4bAux.harmonic_le_sum_moebius_sq_div_totient	A	[Classical.choice, Quot.sound, propext]	0	[]
ZetaShell.LemmaK.LK9_K4b_Aux	ZetaShell.LemmaK.K4bAux.hasSum_inv_factored	A	[Classical.choice, Quot.sound, propext]	0	[]
ZetaShell.LemmaK.LK9_K4b_Aux	ZetaShell.LemmaK.K4bAux.invHom.eq_1	A	[Classical.choice, Quot.sound, propext]	0	[]
ZetaShell.LemmaK.LK9_K4b_Aux	ZetaShell.LemmaK.K4bAux.log_succ_le_sum_aux	A	[Classical.choice, Quot.sound, propext]	0	[]
ZetaShell.LemmaK.LK9_K4b_Aux	ZetaShell.LemmaK.K4bAux.primeFactors_rad	A	[Classical.choice, Quot.sound, propext]	0	[]
ZetaShell.LemmaK.LK9_K4b_Aux	ZetaShell.LemmaK.K4bAux.rad_dvd	A	[Classical.choice, Quot.sound, propext]	0	[]
ZetaShell.LemmaK.LK9_K4b_Aux	ZetaShell.LemmaK.K4bAux.rad_pos	A	[Classical.choice, Quot.sound, propext]	0	[]
ZetaShell.LemmaK.LK9_K4b_Aux	ZetaShell.LemmaK.K4bAux.rad_squarefree	A	[Classical.choice, Quot.sound, propext]	0	[]
ZetaShell.LemmaK.LK9_K4b_Aux	ZetaShell.LemmaK.K4bAux.totient_real	A	[Classical.choice, Quot.sound, propext]	0	[]
ZetaShell.LemmaK.LK9_K5_Asym	ZetaQ.Twin.eq_1	A	[Classical.choice, Quot.sound, propext]	0	[]
ZetaShell.LemmaK.LK9_K5_Asym	ZetaShell.LemmaK.K5Aux.small_primes_aux	A	[Classical.choice, Quot.sound, propext]	0	[]
ZetaShell.LemmaK.LK9_K5_Asym	ZetaShell.LemmaK.Lc.eq_1	A	[Classical.choice, Quot.sound, propext]	0	[]
ZetaShell.LemmaK.LK9_K5_Asym	ZetaShell.LemmaK.R0.eq_1	A	[Classical.choice, Quot.sound, propext]	0	[]
ZetaShell.LemmaK.LK9_K5_Asym	ZetaShell.LemmaK.Xlam.eq_1	A	[Classical.choice, Quot.sound, propext]	0	[]
ZetaShell.LemmaK.LK9_K5_Asym	ZetaShell.LemmaK.ellK.eq_1	A	[Classical.choice, Quot.sound, propext]	0	[]
ZetaShell.LemmaK.LK9_K5_Main	ZetaShell.LemmaK.K5Aux.DT_le_T	A	[Classical.choice, Quot.sound, propext]	0	[]
ZetaShell.LemmaK.LK9_K5_Main	ZetaShell.LemmaK.K5Aux.DT_le_two_div	A	[Classical.choice, Quot.sound, propext]	0	[]
ZetaShell.LemmaK.LK9_K5_Main	ZetaShell.LemmaK.K5Aux.l2_bound	A	[Classical.choice, Quot.sound, propext]	0	[]
ZetaShell.LemmaK.LK9_K5_Main	ZetaShell.LemmaK.K5Aux.norm_acoef_sq	A	[Classical.choice, Quot.sound, propext]	0	[]
ZetaShell.LemmaK.LK9_K5_Main	ZetaShell.LemmaK.K5Aux.norm_exp_I_mul	A	[Classical.choice, Quot.sound, propext]	0	[]
ZetaShell.LemmaK.LK9_K5_Tail	ZetaShell.LemmaK.K5Aux.C2_nonneg	A	[Classical.choice, Quot.sound, propext]	0	[]
ZetaShell.LemmaK.LK9_K5_Tail	ZetaShell.LemmaK.K5Aux.log_sq_le	A	[Classical.choice, Quot.sound, propext]	0	[]
ZetaShell.LemmaK.LK9_K5_Tail	ZetaShell.LemmaK.K5Aux.per_prime	A	[Classical.choice, Quot.sound, propext]	0	[]
ZetaShell.LemmaK.LK9_K5_Tail	ZetaShell.LemmaK.K5Aux.ppp.eq_1	A	[Classical.choice, Quot.sound, propext]	0	[]
ZetaShell.LemmaK.LK9_K5_Tail	ZetaShell.LemmaK.K5Aux.ppp_subset_image	A	[Classical.choice, Quot.sound, propext]	0	[]
ZetaShell.LemmaK.LK9_K5_Tail	ZetaShell.LemmaK.K5Aux.sum_ppp_le	A	[Classical.choice, Quot.sound, propext]	0	[]
ZetaShell.LemmaK.LK9_K5_Tail	ZetaShell.LemmaK.K5Aux.tail_ppp	A	[Classical.choice, Quot.sound, propext]	0	[]
ZetaShell.LemmaK.LK9_K6_Derive	ZetaShell.LemmaK.K6.arc_lower	A	[Classical.choice, Quot.sound, propext]	0	[]
ZetaShell.LemmaK.LK9_K6_Derive	ZetaShell.LemmaK.K6.c_support	A	[Classical.choice, Quot.sound, propext]	0	[]
ZetaShell.LemmaK.LK9_K6_Derive	ZetaShell.LemmaK.K6.expSum_add	A	[Classical.choice, Quot.sound, propext]	0	[]
ZetaShell.LemmaK.LK9_K6_Derive	ZetaShell.LemmaK.K6.expSum_reduce	A	[Classical.choice, Quot.sound, propext]	0	[]
ZetaShell.LemmaK.LK9_K6_Derive	ZetaShell.LemmaK.K6.principal_arc_mass_of_nodes	A	[Classical.choice, Quot.sound, propext]	0	[]
ZetaShell.LemmaK.LK9_K6_Derive	ZetaShell.LemmaK.K6.pt_ineq	A	[Classical.choice, Quot.sound, propext]	0	[]
ZetaShell.LemmaK.LK9_K6_Derive	ZetaShell.LemmaK.K6.rho6_eq_zero	A	[Classical.choice, Quot.sound, propext]	0	[]
ZetaShell.LemmaK.LK9_K6a_DiffD	ZetaShell.LemmaK.K6.DT_eq_DTf	A	[Classical.choice, Quot.sound, propext]	0	[]
ZetaShell.LemmaK.LK9_K6a_DiffD	ZetaShell.LemmaK.K6.card_le_of_Ico	A	[Classical.choice, Quot.sound, propext]	0	[]
ZetaShell.LemmaK.LK9_K6a_DiffD	ZetaShell.LemmaK.K6.dD_block	A	[Classical.choice, Quot.sound, propext]	0	[]
ZetaShell.LemmaK.LK9_K6a_DiffD	ZetaShell.LemmaK.K6.deriv_bound_block	A	[Classical.choice, Quot.sound, propext]	0	[]
ZetaShell.LemmaK.LK9_K6a_DwSum	ZetaShell.LemmaK.K6.dw_sum	A	[Classical.choice, Quot.sound, propext]	0	[]
ZetaShell.LemmaK.LK9_K6a_DwSum	ZetaShell.LemmaK.K6.rho6_zero_of	A	[Classical.choice, Quot.sound, propext]	0	[]
ZetaShell.LemmaK.LK9_K6a_DwSum	ZetaShell.LemmaK.K6.wmod_supp	A	[Classical.choice, Quot.sound, propext]	0	[]
ZetaShell.LemmaK.LK9_K6a_DwSum	ZetaShell.LemmaK.K6.wmod_zero_of	A	[Classical.choice, Quot.sound, propext]	0	[]
ZetaShell.LemmaK.LK9_K6a_L2Final	ZetaShell.LemmaK.K6.gfun_step_low	A	[Classical.choice, Quot.sound, propext]	0	[]
ZetaShell.LemmaK.LK9_K6a_L2Final	ZetaShell.LemmaK.K6.model_l2_lower_aux	A	[Classical.choice, Quot.sound, propext]	0	[]
ZetaShell.LemmaK.LK9_K6a_L2Final	ZetaShell.LemmaK.K6.wmod_normsq_core	A	[Classical.choice, Quot.sound, propext]	0	[]
ZetaShell.LemmaK.LK9_K6a_L2Lower	ZetaShell.LemmaK.K6.DT_cont	A	[Classical.choice, Quot.sound, propext]	0	[]
ZetaShell.LemmaK.LK9_K6a_L2Lower	ZetaShell.LemmaK.K6.DT_core_mass	A	[Classical.choice, Quot.sound, propext]	0	[]
ZetaShell.LemmaK.LK9_K6a_L2Lower	ZetaShell.LemmaK.K6.DT_eq_PT	A	[Classical.choice, Quot.sound, propext]	0	[]
ZetaShell.LemmaK.LK9_K6a_L2Lower	ZetaShell.LemmaK.K6.gfun.eq_1	A	[Classical.choice, Quot.sound, propext]	0	[]
ZetaShell.LemmaK.LK9_K6a_L2Lower	ZetaShell.LemmaK.K6.gfun_contOn	A	[Classical.choice, Quot.sound, propext]	0	[]
ZetaShell.LemmaK.LK9_K6a_L2Lower	ZetaShell.LemmaK.K6.gfun_step	A	[Classical.choice, Quot.sound, propext]	0	[]
ZetaShell.LemmaK.LK9_K6a_L2Lower	ZetaShell.LemmaK.K6.gfun_subst	A	[Classical.choice, Quot.sound, propext]	0	[]
ZetaShell.LemmaK.LK9_K6a_ModelMass	ZetaShell.LemmaK.model_mass	A	[Classical.choice, Quot.sound, propext]	0	[]
ZetaShell.LemmaK.LK9_K6a_Outer	ZetaShell.LemmaK.K6.model_outer_aux	A	[Classical.choice, Quot.sound, propext]	0	[]
ZetaShell.LemmaK.LK9_K6a_Outer	ZetaShell.LemmaK.K6.sum_shift_one	A	[Classical.choice, Quot.sound, propext]	0	[]
ZetaShell.LemmaK.LK9_K6a_OuterGen	ZetaShell.LemmaK.K6.jordan_e	A	[Classical.choice, Quot.sound, propext]	0	[]
ZetaShell.LemmaK.LK9_K6a_OuterGen	ZetaShell.LemmaK.K6.outer_le	A	[Classical.choice, Quot.sound, propext]	0	[]
ZetaShell.LemmaK.LK9_K6a_OuterGen	ZetaShell.LemmaK.K6.parseval_half	A	[Classical.choice, Quot.sound, propext]	0	[]
ZetaShell.LemmaK.LK9_K6a_OuterGen	ZetaShell.LemmaK.K6.sbp_identity	A	[Classical.choice, Quot.sound, propext]	0	[]
ZetaShell.LemmaK.LK9_K6a_Split	ZetaShell.LemmaK.model_l2_lower	A	[Classical.choice, Quot.sound, propext]	0	[]
ZetaShell.LemmaK.LK9_K6a_Split	ZetaShell.LemmaK.model_mass_of_split	A	[Classical.choice, Quot.sound, propext]	0	[]
ZetaShell.LemmaK.LK9_K6a_Split	ZetaShell.LemmaK.model_outer	A	[Classical.choice, Quot.sound, propext]	0	[]
ZetaShell.LemmaK.LK9_K6a_Step2	ZetaShell.LemmaK.K6.wmod_step2	A	[Classical.choice, Quot.sound, propext]	0	[]
ZetaShell.LemmaK.LK9_K6b_SBP	ZetaShell.LemmaK.K6.expSum_abel	A	[Classical.choice, Quot.sound, propext]	0	[]
ZetaShell.LemmaK.LK9_K6b_SBP	ZetaShell.LemmaK.K6.norm_e_step	A	[Classical.choice, Quot.sound, propext]	0	[]
ZetaShell.LemmaK.LK9_K6b_SBP	ZetaShell.LemmaK.K6.psum.eq_1	A	[Classical.choice, Quot.sound, propext]	0	[]
ZetaShell.LemmaK.LK9_K6b_SBP	ZetaShell.LemmaK.sbp_L2	A	[Classical.choice, Quot.sound, propext]	0	[]
ZetaShell.LemmaK.LK9_K6c2_Aux	ZetaShell.LemmaK.K6.inv_sqrt_diff	A	[Classical.choice, Quot.sound, propext]	0	[]
ZetaShell.LemmaK.LK9_K6c2_Aux	ZetaShell.LemmaK.K6.log_succ_sub_le	A	[Classical.choice, Quot.sound, propext]	0	[]
ZetaShell.LemmaK.LK9_K6c2_Aux	ZetaShell.LemmaK.K6.rho6_le_one	A	[Classical.choice, Quot.sound, propext]	0	[]
ZetaShell.LemmaK.LK9_K6c2_Aux	ZetaShell.LemmaK.K6.rho6_lip	A	[Classical.choice, Quot.sound, propext]	0	[]
ZetaShell.LemmaK.LK9_K6c2_Aux	ZetaShell.LemmaK.K6.rho6_nonneg	A	[Classical.choice, Quot.sound, propext]	0	[]
ZetaShell.LemmaK.LK9_K6c2_Aux	ZetaShell.LemmaK.K6.rpow_neg_half_eq	A	[Classical.choice, Quot.sound, propext]	0	[]
ZetaShell.LemmaK.LK9_K6c2_Aux	ZetaShell.LemmaK.K6.wmod_step	A	[Classical.choice, Quot.sound, propext]	0	[]
ZetaShell.LemmaK.LK9_K6c2_Var	ZetaShell.LemmaK.wmod_var	A	[Classical.choice, Quot.sound, propext]	0	[]
ZetaShell.LemmaK.LK9_K6c3_Aux	ZetaShell.LemmaK.K6.nat_log_two_le	A	[Classical.choice, Quot.sound, propext]	0	[]
ZetaShell.LemmaK.LK9_K6c3_Aux	ZetaShell.LemmaK.K6.psum_lamP_eq	A	[Classical.choice, Quot.sound, propext]	0	[]
ZetaShell.LemmaK.LK9_K6c3_Aux	ZetaShell.LemmaK.K6.truncD_le	A	[Classical.choice, Quot.sound, propext]	0	[]
ZetaShell.LemmaK.LK9_K6c3_Aux	ZetaShell.LemmaK.K6.truncD_nonneg	A	[Classical.choice, Quot.sound, propext]	0	[]
ZetaShell.LemmaK.LK9_K6c3_Aux	ZetaShell.LemmaK.K6.truncD_term_nonneg	A	[Classical.choice, Quot.sound, propext]	0	[]
ZetaShell.LemmaK.LK9_K6c3_PNT	ZetaShell.LemmaK.E_bound	A	[Classical.choice, Quot.sound, propext]	0	[]
ZetaShell.LemmaK.LK9_K6c4_Assembly	ZetaShell.LemmaK.psum_c_bound	A	[Classical.choice, Quot.sound, propext]	0	[]
ZetaShell.LemmaK.LK9_K6c_Helpers	ZetaShell.LemmaK.K6.asmooth_sub_wmod	A	[Classical.choice, Quot.sound, propext]	0	[]
ZetaShell.LemmaK.LK9_K6c_Helpers	ZetaShell.LemmaK.K6.psum_mul_abel	A	[Classical.choice, Quot.sound, propext]	0	[]
ZetaShell.LemmaK.LK9_K6c_PNTStep	ZetaShell.LemmaK.pnt_step	A	[Classical.choice, Quot.sound, propext]	0	[]
ZetaShell.LemmaK.LK9_K6d_Aux	ZetaShell.LemmaK.K6.coef_bound	A	[Classical.choice, Quot.sound, propext]	0	[]
ZetaShell.LemmaK.LK9_K6d_Aux	ZetaShell.LemmaK.K6.fiber_mertens	A	[Classical.choice, Quot.sound, propext]	0	[]
ZetaShell.LemmaK.LK9_K6d_Aux	ZetaShell.LemmaK.K6.integral_short_le_l2sq	A	[Classical.choice, Quot.sound, propext]	0	[]
ZetaShell.LemmaK.LK9_K6d_Aux	ZetaShell.LemmaK.K6.inv_sq_le_floor	A	[Classical.choice, Quot.sound, propext]	0	[]
ZetaShell.LemmaK.LK9_K6d_Aux	ZetaShell.LemmaK.K6.l2_tail	A	[Classical.choice, Quot.sound, propext]	0	[]
ZetaShell.LemmaK.LK9_K6d_Aux	ZetaShell.LemmaK.K6.rho6_eq_one	A	[Classical.choice, Quot.sound, propext]	0	[]
ZetaShell.LemmaK.LK9_K6d_Aux	ZetaShell.LemmaK.K6.summable_Cz	A	[Classical.choice, Quot.sound, propext]	0	[]
ZetaShell.LemmaK.LK9_K6d_Aux	ZetaShell.LemmaK.K6.weighted_sum	A	[Classical.choice, Quot.sound, propext]	0	[]
ZetaShell.LemmaK.LK9_K6d_Tails	ZetaShell.LemmaK.tails	A	[Classical.choice, Quot.sound, propext]	0	[]
ZetaShell.LemmaK.LK_K00_BKleB	ZetaShell.LemmaK.BK_le_B	A	[Classical.choice, Quot.sound, propext]	0	[]
ZetaShell.LemmaK.LK_K00_BKleB	ZetaShell.LemmaK.killedKernel_le_W	A	[Classical.choice, Quot.sound, propext]	0	[]
ZetaShell.LemmaK.LK_K00_BKleB	ZetaShell.LemmaK.killedKernel_nonneg	A	[Classical.choice, Quot.sound, propext]	0	[]
ZetaShell.LemmaK.LK_K01_BKmonoC	ZetaShell.LemmaK.BK_mono_C	A	[Classical.choice, Quot.sound, propext]	0	[]
ZetaShell.LemmaK.LK_K01_BKmonoC	ZetaShell.LemmaK.killedKernel_meas	A	[Classical.choice, Quot.sound, propext]	0	[]
ZetaShell.LemmaK.LK_K01_BKmonoC	ZetaShell.LemmaK.killedPsi_integrable	A	[Classical.choice, Quot.sound, propext]	0	[]
ZetaShell.LemmaK.LK_K1_GaussSumIneq	ZetaShell.LemmaK.gauss_sum_ineq	A	[Classical.choice, Quot.sound, propext]	0	[]
ZetaShell.LemmaK.LK_K1s_FareySum	ZetaShell.LemmaK.farey_majorant	A	[Classical.choice, Quot.sound, propext]	0	[]
ZetaShell.LemmaK.LK_K2_GallagherZeroSet	ZetaShell.LemmaK.gallagher_with_zero_set_corr	A	[Classical.choice, Quot.sound, propext]	0	[]
ZetaShell.LemmaK.LK_K2_GallagherZeroSet	ZetaShell.LemmaK.gallagher_with_zero_set_false	A	[Classical.choice, Quot.sound, propext]	0	[]
ZetaShell.LemmaK.LK_K3_HoleCores	ZetaShell.LemmaK.distZ_add_le	A	[Classical.choice, Quot.sound, propext]	0	[]
ZetaShell.LemmaK.LK_K3_HoleCores	ZetaShell.LemmaK.distZ_eq	A	[Classical.choice, Quot.sound, propext]	0	[]
ZetaShell.LemmaK.LK_K3_HoleCores	ZetaShell.LemmaK.distZ_le	A	[Classical.choice, Quot.sound, propext]	0	[]
ZetaShell.LemmaK.LK_K3_HoleCores	ZetaShell.LemmaK.distZ_neg	A	[Classical.choice, Quot.sound, propext]	0	[]
ZetaShell.LemmaK.LK_K3_HoleCores	ZetaShell.LemmaK.distZ_sub_comm	A	[Classical.choice, Quot.sound, propext]	0	[]
ZetaShell.LemmaK.LK_K3_HoleCores	ZetaShell.LemmaK.farey_gap	A	[Classical.choice, Quot.sound, propext]	0	[]
ZetaShell.LemmaK.LK_K3_HoleCores	ZetaShell.LemmaK.farey_hole_cores	A	[Classical.choice, Quot.sound, propext]	0	[]
ZetaShell.LemmaK.LK_K4_PrincipalGaussHole	ZetaShell.LemmaK.principal_gauss_hole	A	[Classical.choice, Quot.sound, propext]	0	[]
ZetaShell.LemmaK.LK_K4b_MuSqTotient	ZetaShell.LemmaK.log_succ_le_sum_moebius_sq_div_totient	A	[Classical.choice, Quot.sound, propext]	0	[]
ZetaShell.LemmaK.LK_K5_SmallPrimes	ZetaShell.LemmaK.small_primes_l2	A	[Classical.choice, Quot.sound, propext]	0	[]
ZetaShell.LemmaK.LK_K6_ArcMass	ZetaShell.LemmaK.principal_arc_mass	A	[Classical.choice, Quot.sound, propext]	0	[]
ZetaShell.LemmaK.LK_K7_HoleGeneric	ZetaShell.LemmaK.ballSum_lin	A	[Classical.choice, Quot.sound, propext]	0	[]
ZetaShell.LemmaK.LK_K7_HoleGeneric	ZetaShell.LemmaK.ballSum_mono	A	[Classical.choice, Quot.sound, propext]	0	[]
ZetaShell.LemmaK.LK_K7_HoleGeneric	ZetaShell.LemmaK.expSum_cont	A	[Classical.choice, Quot.sound, propext]	0	[]
ZetaShell.LemmaK.LK_K7_HoleGeneric	ZetaShell.LemmaK.expSum_split	A	[Classical.choice, Quot.sound, propext]	0	[]
ZetaShell.LemmaK.LK_K7_HoleGeneric	ZetaShell.LemmaK.holeInt.eq_1	A	[Classical.choice, Quot.sound, propext]	0	[]
ZetaShell.LemmaK.LK_K7_HoleGeneric	ZetaShell.LemmaK.holeInt_eq_ballSum	A	[Classical.choice, Quot.sound, propext]	0	[]
ZetaShell.LemmaK.LK_K7_HoleGeneric	ZetaShell.LemmaK.hole_lower_generic	A	[Classical.choice, Quot.sound, propext]	0	[]
ZetaShell.LemmaK.LK_K7_HoleLe	ZetaShell.LemmaK.expSum_normSq_continuous	A	[Classical.choice, Quot.sound, propext]	0	[]
ZetaShell.LemmaK.LK_K7_HoleLe	ZetaShell.LemmaK.expSum_normSq_periodic	A	[Classical.choice, Quot.sound, propext]	0	[]
ZetaShell.LemmaK.LK_K7_HoleLe	ZetaShell.LemmaK.holeInt_le_l2sq	A	[Classical.choice, Quot.sound, propext]	0	[]
ZetaShell.LemmaK.LK_K7_HoleLe	ZetaShell.LemmaK.mem_reducedResidues	A	[Classical.choice, Quot.sound, propext]	0	[]
ZetaShell.LemmaK.LK_K7_Pointwise	ZetaShell.LemmaK.killed_pointwise	A	[Classical.choice, Quot.sound, propext]	0	[]
ZetaShell.LemmaK.LK_K7a_FareyHole	ZetaShell.LemmaK.farBig.eq_1	A	[Classical.choice, Quot.sound, propext]	0	[]
ZetaShell.LemmaK.LK_K7a_FareyHole	ZetaShell.LemmaK.farey_gap_same	A	[Classical.choice, Quot.sound, propext]	0	[]
ZetaShell.LemmaK.LK_K7a_FareyHole	ZetaShell.LemmaK.farey_hole_bound	A	[Classical.choice, Quot.sound, propext]	0	[]
ZetaShell.LemmaK.LK_K7a_FareyHole	ZetaShell.LemmaK.farey_zero_set_bound	A	[Classical.choice, Quot.sound, propext]	0	[]
ZetaShell.LemmaK.LK_K7a_FareyHole	ZetaShell.LemmaK.measurableSet_zeroSet	A	[Classical.choice, Quot.sound, propext]	0	[]
ZetaShell.LemmaK.LK_K7a_FareyHole	ZetaShell.LemmaK.measurable_distZ	A	[Classical.choice, Quot.sound, propext]	0	[]
ZetaShell.LemmaK.LK_K7a_FareyHole	ZetaShell.LemmaK.sum_integral_le_period_ii	A	[Classical.choice, Quot.sound, propext]	0	[]
ZetaShell.LemmaK.LK_K7a_FareyHole	ZetaShell.LemmaK.zero_set_ge_hole	A	[Classical.choice, Quot.sound, propext]	0	[]
ZetaShell.LemmaK.LK_K7b_HoleLower	ZetaShell.LemmaK.R0_le_Q_eventually	A	[Classical.choice, Quot.sound, propext]	0	[]
ZetaShell.LemmaK.LK_K7b_HoleLower	ZetaShell.LemmaK.hole_lower	A	[Classical.choice, Quot.sound, propext]	0	[]
ZetaShell.LemmaK.LK_K7c_Plain	ZetaShell.LemmaK.plain_bound	A	[Classical.choice, Quot.sound, propext]	0	[]
ZetaShell.LemmaK.LK_K8_FrobKilled	ZetaShell.LemmaK.famPP_killed	A	[Classical.choice, Quot.sound, propext]	0	[]
ZetaShell.LemmaK.LK_K8_FrobKilled	ZetaShell.LemmaK.frobenius_inzone_killed	A	[Classical.choice, Quot.sound, propext]	0	[]
ZetaShell.LemmaK.LK_K8a1_KilledMaster	ZetaShell.LemmaK.killed_master	A	[Classical.choice, Quot.sound, propext]	0	[]
ZetaShell.LemmaK.LK_K8a1_KilledMaster	ZetaShell.LemmaK.killed_pointwise_at	A	[Classical.choice, Quot.sound, propext]	0	[]
ZetaShell.LemmaK.LK_K8a2_Saving	ZetaShell.LemmaK.integral_psi_posPart	A	[Classical.choice, Quot.sound, propext]	0	[]
ZetaShell.LemmaK.LK_K8a2_Saving	ZetaShell.LemmaK.killed_saving	A	[Classical.choice, Quot.sound, propext]	0	[]
ZetaShell.LemmaK.LK_K8a2_Saving	ZetaShell.LemmaK.psi_neg'	A	[Classical.choice, Quot.sound, propext]	0	[]
ZetaShell.LemmaK.LK_K8a2_Saving	ZetaShell.LemmaK.psi_vDesign_le_six	A	[Classical.choice, Quot.sound, propext]	0	[]
ZetaShell.LemmaK.LK_K8a3_Errors	ZetaShell.LemmaK.integral_gQ_eq	A	[Classical.choice, Quot.sound, propext]	0	[]
ZetaShell.LemmaK.LK_K8a3_Errors	ZetaShell.LemmaK.killed_errors	A	[Classical.choice, Quot.sound, propext]	0	[]
ZetaShell.LemmaK.LK_K8a4_Chain	ZetaShell.LemmaK.final_arith_killed	A	[Classical.choice, Quot.sound, propext]	0	[]
ZetaShell.LemmaK.LK_K8a4_Chain	ZetaShell.LemmaK.killed_chain	A	[Classical.choice, Quot.sound, propext]	0	[]
ZetaShell.LemmaK.LK_K8a4_Chain	ZetaShell.LemmaK.killed_chain_gen	A	[Classical.choice, Quot.sound, propext]	0	[]
ZetaShell.LemmaK.LK_K8b_HfrobKilled	ZetaShell.LemmaK.PcertKD.eq_1	A	[Classical.choice, Quot.sound, propext]	0	[]
ZetaShell.LemmaK.LK_K8b_HfrobKilled	ZetaShell.LemmaK.hfrob_killed_design	A	[Classical.choice, Quot.sound, propext]	0	[]
ZetaShell.LemmaK.LK_K8b_HfrobKilled	ZetaShell.LemmaK.hfrob_killed_of_sep	A	[Classical.choice, Quot.sound, propext]	0	[]
ZetaShell.LemmaK.LK_K8b_HfrobKilled	ZetaShell.LemmaK.vProfile_eq_profDesignQle	A	[Classical.choice, Quot.sound, propext]	0	[]
ZetaShell.LemmaK.LK_K8c_ZoneSplitRamp	ZetaShell.LemmaK.BK_eq_K0_add	A	[Classical.choice, Quot.sound, propext]	0	[]
ZetaShell.LemmaK.LK_K8c_ZoneSplitRamp	ZetaShell.LemmaK.BK_eq_zoneSplit	A	[Classical.choice, Quot.sound, propext]	0	[]
ZetaShell.LemmaK.LK_K8c_ZoneSplitRamp	ZetaShell.LemmaK.BK_vDesign_le	A	[Classical.choice, Quot.sound, propext]	0	[]
ZetaShell.LemmaK.LK_K8c_ZoneSplitRamp	ZetaShell.LemmaK.killedKernel.eq_1	A	[Classical.choice, Quot.sound, propext]	0	[]
ZetaShell.LemmaK.LK_K8d_Bridge	ZetaShell.LemmaK.DT_eq	A	[Classical.choice, Quot.sound, propext]	0	[]
ZetaShell.LemmaK.LK_K8d_Bridge	ZetaShell.LemmaK.Xlam_eq_XQ	A	[Classical.choice, Quot.sound, propext]	0	[]
ZetaShell.LemmaK.LK_K8d_Bridge	ZetaShell.LemmaK.acoef_eq_acoefS	A	[Classical.choice, Quot.sound, propext]	0	[]
ZetaShell.LemmaK.LK_K8d_Bridge	ZetaShell.LemmaK.charSum_eq_AchiC	A	[Classical.choice, Quot.sound, propext]	0	[]
ZetaShell.LemmaK.LK_K8d_Bridge	ZetaShell.LemmaK.l2sq_eq_normA2	A	[Classical.choice, Quot.sound, propext]	0	[]
ZetaShell.LemmaK.LK_KA_Assembly	ZetaShell.LemmaK.k_assembly	A	[Classical.choice, Quot.sound, propext]	0	[]
ZetaShell.LemmaK.LK_KCa_CertCore	ZetaQ.Family.designProfile.eq_1	A	[Classical.choice, Quot.sound, propext]	0	[]
ZetaShell.LemmaK.LK_KCa_CertCore	ZetaQ.Family.designProfile.eq_10	A	[Classical.choice, Quot.sound, propext]	0	[]
ZetaShell.LemmaK.LK_KCa_CertCore	ZetaQ.Family.designProfile.eq_2	A	[Classical.choice, Quot.sound, propext]	0	[]
ZetaShell.LemmaK.LK_KCa_CertCore	ZetaQ.Family.designProfile.eq_3	A	[Classical.choice, Quot.sound, propext]	0	[]
ZetaShell.LemmaK.LK_KCa_CertCore	ZetaQ.Family.designProfile.eq_4	A	[Classical.choice, Quot.sound, propext]	0	[]
ZetaShell.LemmaK.LK_KCa_CertCore	ZetaQ.Family.designProfile.eq_5	A	[Classical.choice, Quot.sound, propext]	0	[]
ZetaShell.LemmaK.LK_KCa_CertCore	ZetaQ.Family.designProfile.eq_6	A	[Classical.choice, Quot.sound, propext]	0	[]
ZetaShell.LemmaK.LK_KCa_CertCore	ZetaQ.Family.designProfile.eq_7	A	[Classical.choice, Quot.sound, propext]	0	[]
ZetaShell.LemmaK.LK_KCa_CertCore	ZetaQ.Family.designProfile.eq_8	A	[Classical.choice, Quot.sound, propext]	0	[]
ZetaShell.LemmaK.LK_KCa_CertCore	ZetaQ.Family.designProfile.eq_9	A	[Classical.choice, Quot.sound, propext]	0	[]
ZetaShell.LemmaK.LK_KCa_CertCore	ZetaQ.Payoff.vProfile.eq_1	A	[Classical.choice, Quot.sound, propext]	0	[]
ZetaShell.LemmaK.LK_KCa_CertCore	ZetaShell.LemmaK.BK_eq_Bshell	A	[Classical.choice, Quot.sound, propext]	0	[]
ZetaShell.LemmaK.LK_KCa_CertCore	ZetaShell.LemmaK.Cfam_le_Cplus	A	[Classical.choice, Quot.sound, propext]	0	[]
ZetaShell.LemmaK.LK_KCa_CertCore	ZetaShell.LemmaK.KProfile.mass.eq_1	A	[Classical.choice, Quot.sound, propext]	0	[]
ZetaShell.LemmaK.LK_KCa_CertCore	ZetaShell.LemmaK.KProfile.p.eq_1	A	[Classical.choice, Quot.sound, propext]	0	[]
ZetaShell.LemmaK.LK_KCa_CertCore	ZetaShell.LemmaK.KProfile.v.eq_1	A	[Classical.choice, Quot.sound, propext]	0	[]
ZetaShell.LemmaK.LK_KCa_CertCore	ZetaShell.LemmaK.certKD_core	A	[Classical.choice, Quot.sound, propext]	0	[]
ZetaShell.LemmaK.LK_KCa_CertCore	ZetaShell.LemmaK.dDesign.eq_1	A	[Classical.choice, Quot.sound, propext]	0	[]
ZetaShell.LemmaK.LK_KCa_CertCore	ZetaShell.LemmaK.lamStarQ.eq_1	A	[Classical.choice, Quot.sound, propext]	0	[]
ZetaShell.LemmaK.LK_KCa_CertCore	ZetaShell.LemmaK.profDesignQle.eq_1	A	[Classical.choice, Quot.sound, propext]	0	[]
ZetaShell.LemmaK.LK_KCa_CertCore	ZetaShell.LemmaK.shellBq_design_le	A	[Classical.choice, Quot.sound, propext]	0	[]
ZetaShell.LemmaK.LK_KCa_CertCore	ZetaShell.LemmaK.shellDesign.eq_1	A	[Classical.choice, Quot.sound, propext]	0	[]
ZetaShell.LemmaK.LK_KCa_CertCore	ZetaShell.LemmaK.shellDesign_p	A	[Classical.choice, Quot.sound, propext]	0	[]
ZetaShell.LemmaK.LK_KCa_CertCore	ZetaShell.LemmaK.shellDesign_v	A	[Classical.choice, Quot.sound, propext]	0	[]
ZetaShell.LemmaK.LK_KCa_CertCore	ZetaShell.LemmaK.shellKernel_level_eq	A	[Classical.choice, Quot.sound, propext]	0	[]
ZetaShell.LemmaK.LK_KCa_CertCore	ZetaShell.LemmaK.vProfile_eq_profDesignQle'	A	[Classical.choice, Quot.sound, propext]	0	[]
ZetaShell.LemmaK.LK_KCa_CertCore	ZetaShell.ShellProfile.mass.eq_1	A	[Classical.choice, Quot.sound, propext]	0	[]
ZetaShell.LemmaK.LK_KCa_CertCore	ZetaShell.TR.pR.eq_1	A	[Classical.choice, Quot.sound, propext]	0	[]
ZetaShell.LemmaK.LK_KCq	ZetaShell.LemmaK.CertQ.BKdesign_le	A	[Classical.choice, Quot.sound, propext]	0	[]
ZetaShell.LemmaK.LK_KCq	ZetaShell.LemmaK.CertQ.BKdesign_not_le	A	[Classical.choice, Quot.sound, propext]	0	[]
ZetaShell.LemmaK.LK_KCq	ZetaShell.LemmaK.CertQ.BKivPrime_le	A	[Classical.choice, Quot.sound, propext]	0	[]
ZetaShell.LemmaK.LK_KCq	ZetaShell.LemmaK.CertQ.BKivPrime_not_le	A	[Classical.choice, Quot.sound, propext]	0	[]
ZetaShell.LemmaK.LK_KCq	ZetaShell.LemmaK.CertQ.BKlam8_le	A	[Classical.choice, Quot.sound, propext]	0	[]
ZetaShell.LemmaK.LK_KCq	ZetaShell.LemmaK.CertQ.BKlam8_not_72375	A	[Classical.choice, Quot.sound, propext]	0	[]
ZetaShell.LemmaK.LK_KCq	ZetaShell.LemmaK.CertQ.side_design	A	[Classical.choice, Quot.sound, propext]	0	[]
ZetaShell.LemmaK.LK_KCq	ZetaShell.LemmaK.CertQ.side_lam8	A	[Classical.choice, Quot.sound, propext]	0	[]
ZetaShell.LemmaK.LK_KT_Headline	ZetaShell.LemmaK.headline_of_frame	A	[Classical.choice, Quot.sound, propext]	0	[]
ZetaShell.LemmaK.LK_KT_Headline	ZetaShell.LemmaK.rateLL_nonneg	A	[Classical.choice, Quot.sound, propext]	0	[]
ZetaShell.LemmaK.LK_KT_Headline	ZetaShell.LemmaK.rateLL_tendsto	A	[Classical.choice, Quot.sound, propext]	0	[]
ZetaShell.LemmaK.LK_KT_Headline	ZetaShell.LemmaK.theorem_one_prime	SORRY	[Classical.choice, Quot.sound, propext, sorryAx]	1	[ZetaShell.LemmaK.killed_frame_lamStar8 [ZetaShell.Skeleton.LK_K9_Frame]]
ZetaShell.LemmaK.LK_KT_Headline	ZetaShell.LemmaK.theorem_one_prime_design	A	[Classical.choice, Quot.sound, propext]	0	[]
ZetaShell.PNT.PNTMedium	L7_2.exp_rpow_tenth_isLittleO	A	[Classical.choice, Quot.sound, propext]	0	[]
ZetaShell.PNT.PNTMedium	L7_2.pntErrorTermMedium	A	[Classical.choice, Quot.sound, propext]	0	[]
ZetaShell.PNT.PNTMedium	L7_2.psi_sub_id_isLittleO_log_rpow	A	[Classical.choice, Quot.sound, propext]	0	[]
ZetaShell.PropZ.DT_Facts	ZetaShell.DTFacts.DTf_contDiff	A	[Classical.choice, Quot.sound, propext]	0	[]
ZetaShell.PropZ.DT_Facts	ZetaShell.DTFacts.DTf_continuous	A	[Classical.choice, Quot.sound, propext]	0	[]
ZetaShell.PropZ.DT_Facts	ZetaShell.DTFacts.DTf_eq_closed	A	[Classical.choice, Quot.sound, propext]	0	[]
ZetaShell.PropZ.DT_Facts	ZetaShell.DTFacts.DTf_zero	A	[Classical.choice, Quot.sound, propext]	0	[]
ZetaShell.PropZ.DT_Facts	ZetaShell.DTFacts.deriv_DTf_eq_ibp	A	[Classical.choice, Quot.sound, propext]	0	[]
ZetaShell.PropZ.DT_Facts	ZetaShell.DTFacts.gexp.eq_1	A	[Classical.choice, Quot.sound, propext]	0	[]
ZetaShell.PropZ.DT_Facts	ZetaShell.DTFacts.gexp_contDiff	A	[Classical.choice, Quot.sound, propext]	0	[]
ZetaShell.PropZ.DT_Facts	ZetaShell.DTFacts.gexp_differentiable	A	[Classical.choice, Quot.sound, propext]	0	[]
ZetaShell.PropZ.DT_Facts	ZetaShell.DTFacts.gexp_of_ne	A	[Classical.choice, Quot.sound, propext]	0	[]
ZetaShell.PropZ.DT_Facts	ZetaShell.DTFacts.gexp_zero	A	[Classical.choice, Quot.sound, propext]	0	[]
ZetaShell.PropZ.DT_Facts	ZetaShell.DTFacts.hasDerivAt_DTf	A	[Classical.choice, Quot.sound, propext]	0	[]
ZetaShell.PropZ.DT_Facts	ZetaShell.DTFacts.norm_DTf_le	A	[Classical.choice, Quot.sound, propext]	0	[]
ZetaShell.PropZ.DT_Facts	ZetaShell.DTFacts.norm_deriv_DTf_le	A	[Classical.choice, Quot.sound, propext]	0	[]
ZetaShell.PropZ.DT_Facts	ZetaShell.DTFacts.norm_deriv_DTf_le_div	A	[Classical.choice, Quot.sound, propext]	0	[]
ZetaShell.PropZ.DT_Facts2	ZetaShell.DTFacts.deriv_DTf_eq	A	[Classical.choice, Quot.sound, propext]	0	[]
ZetaShell.PropZ.DT_Facts2	ZetaShell.DTFacts.hasDerivAt_deriv_DTf	A	[Classical.choice, Quot.sound, propext]	0	[]
ZetaShell.PropZ.DT_Facts2	ZetaShell.DTFacts.norm_deriv2_DTf_le	A	[Classical.choice, Quot.sound, propext]	0	[]
ZetaShell.PropZ.MellinDecay	ZetaShell.PropZ.hasDerivAt_cexp_div	A	[Classical.choice, Quot.sound, propext]	0	[]
ZetaShell.PropZ.MellinDecay	ZetaShell.PropZ.integral_cexp_ibp	A	[Classical.choice, Quot.sound, propext]	0	[]
ZetaShell.PropZ.MellinDecay	ZetaShell.PropZ.mellin_eq_ibp2	A	[Classical.choice, Quot.sound, propext]	0	[]
ZetaShell.PropZ.MellinDecay	ZetaShell.PropZ.mellin_eq_integral_phi	A	[Classical.choice, Quot.sound, propext]	0	[]
ZetaShell.PropZ.MellinDecay	ZetaShell.PropZ.norm_cexp_mul_ofReal	A	[Classical.choice, Quot.sound, propext]	0	[]
ZetaShell.PropZ.MellinDecay	ZetaShell.PropZ.norm_mellin_le_ibp2	A	[Classical.choice, Quot.sound, propext]	0	[]
ZetaShell.PropZ.MellinDecay	ZetaShell.PropZ.norm_mellin_le_trivial	A	[Classical.choice, Quot.sound, propext]	0	[]
ZetaShell.PropZ.MellinDecay	ZetaShell.PropZ.phi_hasCompactSupport	A	[Classical.choice, Quot.sound, propext]	0	[]
ZetaShell.PropZ.Z5R_W	ZetaShell.PropZ.Z5R_W	A	[Classical.choice, Quot.sound, propext]	0	[]
ZetaShell.PropZ.Z5Zero_W	ZetaShell.PropZ.Z5ZeroW	SORRY	[Classical.choice, Quot.sound, propext, sorryAx]	3	[ZetaShell.PropZ.Z5Z_oneZero [ZetaShell.Skeleton.ZZ2_OneZero], ZetaShell.PropZ.Z5Z_expand [ZetaShell.Skeleton.ZZ1_Expand], ZetaShell.PropZ.Z5Z_pair [ZetaShell.Skeleton.ZZ3_Pair]]
ZetaShell.PropZ.Z5Zero_W	ZetaShell.PropZ.pairInt.eq_1	A	[Classical.choice, Quot.sound, propext]	0	[]
ZetaShell.PropZ.Z5Zero_W	ZetaShell.PropZ.pairTerm.eq_1	A	[Classical.choice, Quot.sound, propext]	0	[]
ZetaShell.PropZ.Z5_PropZW	ZetaShell.PropZ.EerrW.eq_1	A	[Classical.choice, Quot.sound, propext]	0	[]
ZetaShell.PropZ.Z5_PropZW	ZetaShell.PropZ.int_W_le	A	[Classical.choice, Quot.sound, propext]	0	[]
ZetaShell.PropZ.Z5_PropZW	ZetaShell.PropZ.normCA.eq_1	A	[Classical.choice, Quot.sound, propext]	0	[]
ZetaShell.PropZ.Z5_PropZW	ZetaShell.PropZ.normCA_nonneg	A	[Classical.choice, Quot.sound, propext]	0	[]
ZetaShell.PropZ.Z5_PropZW	ZetaShell.PropZ.pairTerm_nonneg	A	[Classical.choice, Quot.sound, propext]	0	[]
ZetaShell.PropZ.Z5_PropZW	ZetaShell.PropZ.propZ_W	SORRY	[Classical.choice, Quot.sound, propext, sorryAx]	4	[ZetaShell.PropZ.Z5Z_oneZero [ZetaShell.Skeleton.ZZ2_OneZero], ZetaShell.PropZ.Z5Z_expand [ZetaShell.Skeleton.ZZ1_Expand], ZetaShell.PropZ.Z5Z_pair [ZetaShell.Skeleton.ZZ3_Pair], ZetaShell.PropZ.ZB_parts_measurable [ZetaShell.Skeleton.ZP_Bridge]]
ZetaShell.PropZ.Z5_PropZW	ZetaShell.PropZ.varpi_nonneg	A	[Classical.choice, Quot.sound, propext]	0	[]
ZetaShell.PropZ.Z5a_Plancherel	ZetaShell.PropZ.Phi.eq_1	A	[Classical.choice, Quot.sound, propext]	0	[]
ZetaShell.PropZ.Z5a_Plancherel	ZetaShell.PropZ.S_Phi_eq	A	[Classical.choice, Quot.sound, propext]	0	[]
ZetaShell.PropZ.Z5a_Plancherel	ZetaShell.PropZ.eA.eq_1	A	[Classical.choice, Quot.sound, propext]	0	[]
ZetaShell.PropZ.Z5a_Plancherel	ZetaShell.PropZ.eA_add	A	[Classical.choice, Quot.sound, propext]	0	[]
ZetaShell.PropZ.Z5a_Plancherel	ZetaShell.PropZ.eA_eq_fourierChar	A	[Classical.choice, Quot.sound, propext]	0	[]
ZetaShell.PropZ.Z5a_Plancherel	ZetaShell.PropZ.exists_G	A	[Classical.choice, Quot.sound, propext]	0	[]
ZetaShell.PropZ.Z5a_Plancherel	ZetaShell.PropZ.fhat.eq_1	A	[Classical.choice, Quot.sound, propext]	0	[]
ZetaShell.PropZ.Z5a_Plancherel	ZetaShell.PropZ.fhat_neg	A	[Classical.choice, Quot.sound, propext]	0	[]
ZetaShell.PropZ.Z5a_Plancherel	ZetaShell.PropZ.fourier_phiD	A	[Classical.choice, Quot.sound, propext]	0	[]
ZetaShell.PropZ.Z5a_Plancherel	ZetaShell.PropZ.fourier_translate	A	[Classical.choice, Quot.sound, propext]	0	[]
ZetaShell.PropZ.Z5a_Plancherel	ZetaShell.PropZ.hasCompactSupport_finsum	A	[Classical.choice, Quot.sound, propext]	0	[]
ZetaShell.PropZ.Z5a_Plancherel	ZetaShell.PropZ.integrable_char_smul	A	[Classical.choice, Quot.sound, propext]	0	[]
ZetaShell.PropZ.Z5a_Plancherel	ZetaShell.PropZ.norm_eA	A	[Classical.choice, Quot.sound, propext]	0	[]
ZetaShell.PropZ.Z5a_Plancherel	ZetaShell.PropZ.norm_inv_ofReal	A	[Classical.choice, Quot.sound, propext]	0	[]
ZetaShell.PropZ.Z5a_Plancherel	ZetaShell.PropZ.phiD.eq_1	A	[Classical.choice, Quot.sound, propext]	0	[]
ZetaShell.PropZ.Z5a_Plancherel	ZetaShell.PropZ.phiD_contDiff	A	[Classical.choice, Quot.sound, propext]	0	[]
ZetaShell.PropZ.Z5a_Plancherel	ZetaShell.PropZ.phiD_hasCompactSupport	A	[Classical.choice, Quot.sound, propext]	0	[]
ZetaShell.PropZ.Z5a_Plancherel	ZetaShell.PropZ.phiD_integrable	A	[Classical.choice, Quot.sound, propext]	0	[]
ZetaShell.PropZ.Z5a_Plancherel	ZetaShell.PropZ.plancherel_identity'	A	[Classical.choice, Quot.sound, propext]	0	[]
ZetaShell.PropZ.Z5a_Plancherel	ZetaShell.PropZ.plancherel_integrable	A	[Classical.choice, Quot.sound, propext]	0	[]
ZetaShell.PropZ.Z5a_Plancherel	ZetaShell.PropZ.testFn_hasCompactSupport	A	[Classical.choice, Quot.sound, propext]	0	[]
ZetaShell.PropZ.Z5a_PlancherelMajorant	ZetaShell.PropZ.continuous_S	A	[Classical.choice, Quot.sound, propext]	0	[]
ZetaShell.PropZ.Z5a_PlancherelMajorant	ZetaShell.PropZ.majorant_half	A	[Classical.choice, Quot.sound, propext]	0	[]
ZetaShell.PropZ.Z5a_PlancherelMajorant	ZetaShell.PropZ.plancherel_identity	A	[Classical.choice, Quot.sound, propext]	0	[]
ZetaShell.PropZ.Z5a_PlancherelMajorant	ZetaShell.PropZ.plancherel_majorant	A	[Classical.choice, Quot.sound, propext]	0	[]
ZetaShell.PropZ.Z5b_Weil	Zeta23.ThmE.literatureRHSchi.eq_1	A	[Classical.choice, Quot.sound, propext]	0	[]
ZetaShell.PropZ.Z5b_Weil	ZetaShell.PropZ.V_eq_zero_of_le_one	A	[Classical.choice, Quot.sound, propext]	0	[]
ZetaShell.PropZ.Z5b_Weil	ZetaShell.PropZ.integral_eq_mellin	A	[Classical.choice, Quot.sound, propext]	0	[]
ZetaShell.PropZ.Z5b_Weil	ZetaShell.PropZ.kOfV.eq_1	A	[Classical.choice, Quot.sound, propext]	0	[]
ZetaShell.PropZ.Z5b_Weil	ZetaShell.PropZ.kOfV_contDiff	A	[Classical.choice, Quot.sound, propext]	0	[]
ZetaShell.PropZ.Z5b_Weil	ZetaShell.PropZ.kOfV_hasCompactSupport	A	[Classical.choice, Quot.sound, propext]	0	[]
ZetaShell.PropZ.Z5b_Weil	ZetaShell.PropZ.ofReal_exp_cpow	A	[Classical.choice, Quot.sound, propext]	0	[]
ZetaShell.PropZ.Z5b_Weil	ZetaShell.PropZ.paperFT_kOfV	A	[Classical.choice, Quot.sound, propext]	0	[]
ZetaShell.PropZ.Z5b_Weil	ZetaShell.PropZ.smooth_explicit_formula_weil_gt1	A	[Classical.choice, Quot.sound, propext]	0	[]
ZetaShell.PropZ.Z5b_WeilOne	ZetaShell.PropZ.smooth_explicit_formula_weil_mod1	A	[Classical.choice, Quot.sound, propext]	0	[]
ZetaShell.PropZ.Z5c_FamilyErrors	ZetaShell.PropZ.family_E_sum	A	[Classical.choice, Quot.sound, propext]	0	[]
ZetaShell.PropZ.Z5c_FamilyErrors	ZetaShell.PropZ.key_pt	A	[Classical.choice, Quot.sound, propext]	0	[]
ZetaShell.PropZ.Z5c_FamilyErrorsW	ZetaShell.PropZ.family_EW_sum	A	[Classical.choice, Quot.sound, propext]	0	[]
ZetaShell.PropZ.Z5c_FamilyErrorsW	ZetaShell.PropZ.key_ptW	A	[Classical.choice, Quot.sound, propext]	0	[]
ZetaShell.PropZ.ZB_As	ZetaShell.PropZ.As_contDiff	A	[Classical.choice, Quot.sound, propext]	0	[]
ZetaShell.PropZ.ZB_As	ZetaShell.PropZ.As_eq_zero_of_nonpos	A	[Classical.choice, Quot.sound, propext]	0	[]
ZetaShell.PropZ.ZB_As	ZetaShell.PropZ.As_eq_zero_outside	A	[Classical.choice, Quot.sound, propext]	0	[]
ZetaShell.PropZ.ZB_As	ZetaShell.PropZ.As_tsupport	A	[Classical.choice, Quot.sound, propext]	0	[]
ZetaShell.PropZ.ZB_As	ZetaShell.PropZ.DT_eq_DTf	A	[Classical.choice, Quot.sound, propext]	0	[]
ZetaShell.PropZ.ZB_As	ZetaShell.PropZ.VxsW_contDiff	A	[Classical.choice, Quot.sound, propext]	0	[]
ZetaShell.PropZ.ZB_As	ZetaShell.PropZ.VxsW_eq_zero_outside	A	[Classical.choice, Quot.sound, propext]	0	[]
ZetaShell.PropZ.ZB_As	ZetaShell.PropZ.VxsW_tsupport	A	[Classical.choice, Quot.sound, propext]	0	[]
ZetaShell.PropZ.ZB_Bounded	ZetaShell.PropZ.ZB_parts_bounded'	A	[Classical.choice, Quot.sound, propext]	0	[]
ZetaShell.PropZ.ZB_Bounded	ZetaShell.PropZ.log_div_quad_le	A	[Classical.choice, Quot.sound, propext]	0	[]
ZetaShell.PropZ.ZDefs	ZetaShell.PropZ.AvgWeight.nonneg	A	[Classical.choice, Quot.sound, propext]	0	[]
ZetaShell.PropZ.ZDefs	ZetaShell.PropZ.AvgWeight.smooth	A	[Classical.choice, Quot.sound, propext]	0	[]
ZetaShell.PropZ.ZDefs	ZetaShell.PropZ.AvgWeight.supp	A	[Classical.choice, Quot.sound, propext]	0	[]
ZetaShell.PropZ.ZDefs	ZetaShell.PropZ.NearCutoff.le_one	A	[Classical.choice, Quot.sound, propext]	0	[]
ZetaShell.PropZ.ZDefs	ZetaShell.PropZ.NearCutoff.nonneg	A	[Classical.choice, Quot.sound, propext]	0	[]
ZetaShell.PropZ.ZDefs	ZetaShell.PropZ.NearCutoff.smooth	A	[Classical.choice, Quot.sound, propext]	0	[]
ZetaShell.PropZ.ZDefs	ZetaShell.PropZ.NearCutoff.supp	A	[Classical.choice, Quot.sound, propext]	0	[]
ZetaShell.PropZ.ZDefs	ZetaShell.PropZ.TestFn.even	A	[Classical.choice, Quot.sound, propext]	0	[]
ZetaShell.PropZ.ZDefs	ZetaShell.PropZ.TestFn.ne_zero	A	[Classical.choice, Quot.sound, propext]	0	[]
ZetaShell.PropZ.ZDefs	ZetaShell.PropZ.TestFn.nonneg	A	[Classical.choice, Quot.sound, propext]	0	[]
ZetaShell.PropZ.ZDefs	ZetaShell.PropZ.TestFn.smooth	A	[Classical.choice, Quot.sound, propext]	0	[]
ZetaShell.PropZ.ZDefs	ZetaShell.PropZ.TestFn.supp	A	[Classical.choice, Quot.sound, propext]	0	[]
ZetaShell.PropZ.ZP_Pointwise	ZetaShell.PropZ.ZP_pointwise	SORRY	[Classical.choice, Quot.sound, propext, sorryAx]	1	[ZetaShell.PropZ.ZB_parts_measurable [ZetaShell.Skeleton.ZP_Bridge]]
ZetaShell.PropZ.ZR_Digamma	ZetaShell.PropZ.ZR_digamma'	A	[Classical.choice, Quot.sound, propext]	0	[]
ZetaShell.PropZ.ZR_Leaves	ZetaShell.PropZ.ZR_digamma	A	[Classical.choice, Quot.sound, propext]	0	[]
ZetaShell.PropZ.ZR_Leaves	ZetaShell.PropZ.ZR_phi_bounds	A	[Classical.choice, Quot.sound, propext]	0	[]
ZetaShell.PropZ.ZR_Mellin	ZetaShell.PropZ.VxsW_hasCompactSupport	A	[Classical.choice, Quot.sound, propext]	0	[]
ZetaShell.PropZ.ZR_Mellin	ZetaShell.PropZ.VxsW_tsupport_Ioi	A	[Classical.choice, Quot.sound, propext]	0	[]
ZetaShell.PropZ.ZR_Mellin	ZetaShell.PropZ.mellin_Vxs_bounds	A	[Classical.choice, Quot.sound, propext]	0	[]
ZetaShell.PropZ.ZR_Phi	ZetaShell.PropZ.ZRK_isClosed	A	[Classical.choice, Quot.sound, propext]	0	[]
ZetaShell.PropZ.ZR_Phi	ZetaShell.PropZ.ZRK_measurable	A	[Classical.choice, Quot.sound, propext]	0	[]
ZetaShell.PropZ.ZR_Phi	ZetaShell.PropZ.ZRK_sub	A	[Classical.choice, Quot.sound, propext]	0	[]
ZetaShell.PropZ.ZR_Phi	ZetaShell.PropZ.ZRK_volume	A	[Classical.choice, Quot.sound, propext]	0	[]
ZetaShell.PropZ.ZR_Phi	ZetaShell.PropZ.ZR_int_indicator	A	[Classical.choice, Quot.sound, propext]	0	[]
ZetaShell.PropZ.ZR_Phi	ZetaShell.PropZ.ZR_phi2_zero	A	[Classical.choice, Quot.sound, propext]	0	[]
ZetaShell.PropZ.ZR_Phi	ZetaShell.PropZ.ZR_phi_bounds'	A	[Classical.choice, Quot.sound, propext]	0	[]
ZetaShell.PropZ.ZR_Phi	ZetaShell.PropZ.ZR_phi_pw	A	[Classical.choice, Quot.sound, propext]	0	[]
ZetaShell.PropZ.ZR_Phi	ZetaShell.PropZ.ZR_phi_pw2	A	[Classical.choice, Quot.sound, propext]	0	[]
ZetaShell.PropZ.ZR_Phi	ZetaShell.PropZ.ZR_phi_pw2K	A	[Classical.choice, Quot.sound, propext]	0	[]
ZetaShell.PropZ.ZR_Phi2	ZetaShell.PropZ.Bnd_mul	A	[Classical.choice, Quot.sound, propext]	0	[]
ZetaShell.PropZ.ZR_Phi2	ZetaShell.PropZ.ZR_phi_pw2K'	A	[Classical.choice, Quot.sound, propext]	0	[]
ZetaShell.PropZ.ZR_Phi2	ZetaShell.PropZ.castBnd	A	[Classical.choice, Quot.sound, propext]	0	[]
ZetaShell.PropZ.ZR_PhiPw0	ZetaShell.PropZ.ZR_phi_pw0	A	[Classical.choice, Quot.sound, propext]	0	[]
ZetaShell.PropZ.ZR_Remainder	ZetaShell.PropZ.Z5R_W'	A	[Classical.choice, Quot.sound, propext]	0	[]
ZetaShell.PropZ.ZR_Remainder	ZetaShell.PropZ.ZR_final_alg	A	[Classical.choice, Quot.sound, propext]	0	[]
ZetaShell.PropZ.ZR_Remainder	ZetaShell.PropZ.ZR_min_scaled	A	[Classical.choice, Quot.sound, propext]	0	[]
ZetaShell.PropZ.ZZ1a_Scaling	ZetaShell.PropZ.As.eq_1	A	[Classical.choice, Quot.sound, propext]	0	[]
ZetaShell.PropZ.ZZ1a_Scaling	ZetaShell.PropZ.Hrho.eq_1	A	[Classical.choice, Quot.sound, propext]	0	[]
ZetaShell.PropZ.ZZ1a_Scaling	ZetaShell.PropZ.fj.eq_1	A	[Classical.choice, Quot.sound, propext]	0	[]
ZetaShell.PropZ.ZZ1a_Scaling	ZetaShell.PropZ.fj.eq_2	A	[Classical.choice, Quot.sound, propext]	0	[]
ZetaShell.PropZ.ZZ1a_Scaling	ZetaShell.PropZ.fj.eq_def	A	[Classical.choice, Quot.sound, propext]	0	[]
ZetaShell.PropZ.ZZ1a_Scaling	ZetaShell.PropZ.mellin_VxsW_scaling	A	[Classical.choice, Quot.sound, propext]	0	[]
ZetaShell.PropZ.ZZ4_Count	ZetaShell.PropZ.Z5Z_summable	A	[Classical.choice, Quot.sound, propext]	0	[]
ZetaShell.PropZ.ZZ4_Count	ZetaShell.PropZ.pairTerm_nonneg0	A	[Classical.choice, Quot.sound, propext]	0	[]
ZetaShell.PropZ.ZZ4_Count	ZetaShell.PropZ.varpi_le_inv_sq	A	[Classical.choice, Quot.sound, propext]	0	[]
ZetaShell.PropZ.ZZ4_Count	ZetaShell.PropZ.varpi_nonneg0	A	[Classical.choice, Quot.sound, propext]	0	[]
ZetaShell.PropZ.ZZ4_Count	ZetaShell.PropZ.zero_sum_inv_sq	A	[Classical.choice, Quot.sound, propext]	0	[]
ZetaShell.PropZ.ZZ4_Count	ZetaShell.zmult.congr_simp	A	[Classical.choice, Quot.sound, propext]	0	[]
ZetaShell.ShellK.L10_F1c	ZetaShell.ShellK.frob_row_shell'	SORRY	[Classical.choice, Quot.sound, propext, sorryAx]	5	[ZetaShell.ShellK.K_int [ZetaShell.Skeleton.L10_KInt], ZetaShell.ShellK.K3_killed [ZetaShell.Skeleton.L10_K3_Killed], ZetaShell.ShellK.K1_strip [ZetaShell.Skeleton.L10_K1_Strip], ZetaShell.ShellK.K2_shellZone [ZetaShell.Skeleton.L10_K2_ShellZone], ZetaShell.ShellK.F1c.mertens_hsup [ZetaShell.Skeleton.LF_Mertens]]
ZetaShell.ShellK.L10_F1c	ZetaShell.ShellK.frob_row_shell_of_K	SORRY	[Classical.choice, Quot.sound, propext, sorryAx]	5	[ZetaShell.ShellK.K_int [ZetaShell.Skeleton.L10_KInt], ZetaShell.ShellK.K3_killed [ZetaShell.Skeleton.L10_K3_Killed], ZetaShell.ShellK.K1_strip [ZetaShell.Skeleton.L10_K1_Strip], ZetaShell.ShellK.K2_shellZone [ZetaShell.Skeleton.L10_K2_ShellZone], ZetaShell.ShellK.F1c.mertens_hsup [ZetaShell.Skeleton.LF_Mertens]]
ZetaShell.ShellK.L10_F1c	ZetaShell.ShellK.thetaD1p_S53	A	[Classical.choice, Quot.sound, propext]	0	[]
ZetaShell.ShellK.L10_F1cChain	ZetaShell.ShellK.F1c_chain	SORRY	[Classical.choice, Quot.sound, propext, sorryAx]	1	[ZetaShell.ShellK.F1c.mertens_hsup [ZetaShell.Skeleton.LF_Mertens]]
ZetaShell.ShellK.L10_K	ZetaShell.ShellK.thmK	SORRY	[Classical.choice, Quot.sound, propext, sorryAx]	4	[ZetaShell.ShellK.K_int [ZetaShell.Skeleton.L10_KInt], ZetaShell.ShellK.K3_killed [ZetaShell.Skeleton.L10_K3_Killed], ZetaShell.ShellK.K1_strip [ZetaShell.Skeleton.L10_K1_Strip], ZetaShell.ShellK.K2_shellZone [ZetaShell.Skeleton.L10_K2_ShellZone]]
ZetaShell.ShellK.L10_KDefs	ZetaShell.ShellK.measurableSet_outZone	A	[Classical.choice, Quot.sound, propext]	0	[]
ZetaShell.ShellK.LF_1_Master	ZetaShell.ShellK.F1c.s0_nonneg_eventually	A	[Classical.choice, Quot.sound, propext]	0	[]
ZetaShell.ShellK.LF_1_Master	ZetaShell.ShellK.F1c.shell_master	A	[Classical.choice, Quot.sound, propext]	0	[]
ZetaShell.ShellK.LF_Assembly	ZetaShell.ShellK.F1c.shell_assembly	A	[Classical.choice, Quot.sound, propext]	0	[]
ZetaShell.ShellK.LF_Assembly	ZetaShell.ShellK.F1c.shell_rows89	A	[Classical.choice, Quot.sound, propext]	0	[]
ZetaShell.ShellK.LF_EndsS	ZetaShell.ShellK.F1c.Bfam_le_sep_S	A	[Classical.choice, Quot.sound, propext]	0	[]
ZetaShell.ShellK.LF_EndsS	ZetaShell.ShellK.F1c.S3_continuous_envSep_S	A	[Classical.choice, Quot.sound, propext]	0	[]
ZetaShell.ShellK.LF_EndsS	ZetaShell.ShellK.F1c.S4_nuBound_envSep_S	A	[Classical.choice, Quot.sound, propext]	0	[]
ZetaShell.ShellK.LF_EndsS	ZetaShell.ShellK.F1c.S5_LB_le_Bends_S	A	[Classical.choice, Quot.sound, propext]	0	[]
ZetaShell.ShellK.LF_EndsS	ZetaShell.ShellK.F1c.S6_family_pass_S	A	[Classical.choice, Quot.sound, propext]	0	[]
ZetaShell.ShellK.LF_EndsS	ZetaShell.ShellK.F1c.c1S_eq_c1EndsShell	A	[Classical.choice, Quot.sound, propext]	0	[]
ZetaShell.ShellK.LF_EndsS	ZetaShell.ShellK.F1c.ends_family_bound_S	A	[Classical.choice, Quot.sound, propext]	0	[]
ZetaShell.ShellK.LF_EndsS	ZetaShell.ShellK.F1c.frobSqGhatFam_le_Mform_add_ends_S	A	[Classical.choice, Quot.sound, propext]	0	[]
ZetaShell.ShellK.LF_EndsS	ZetaShell.ShellK.F1c.majK2_integrable_fam_S	A	[Classical.choice, Quot.sound, propext]	0	[]
ZetaShell.ShellK.LF_EndsS	ZetaShell.ShellK.F1c.nuBound_envSep_abs_S	A	[Classical.choice, Quot.sound, propext]	0	[]
ZetaShell.ShellK.LF_EndsS	ZetaShell.ShellK.F1c.scale_mul_envSep_S	A	[Classical.choice, Quot.sound, propext]	0	[]
ZetaShell.ShellK.LF_EndsS	ZetaShell.ShellK.F1c.scale_sq_mul_Bends_sq_S	A	[Classical.choice, Quot.sound, propext]	0	[]
ZetaShell.ShellK.LF_EndsS	ZetaShell.ShellK.F1c.sum_majK1_le_S	A	[Classical.choice, Quot.sound, propext]	0	[]
ZetaShell.ShellK.LF_EndsS	ZetaShell.ShellK.F1c.sum_majK2_le_S	A	[Classical.choice, Quot.sound, propext]	0	[]
ZetaShell.ShellK.LF_Frame	ZetaShell.Design.shell_frame_qle_of_K	SORRY	[Classical.choice, Quot.sound, propext, sorryAx]	5	[ZetaShell.ShellK.K_int [ZetaShell.Skeleton.L10_KInt], ZetaShell.ShellK.K3_killed [ZetaShell.Skeleton.L10_K3_Killed], ZetaShell.ShellK.K1_strip [ZetaShell.Skeleton.L10_K1_Strip], ZetaShell.ShellK.K2_shellZone [ZetaShell.Skeleton.L10_K2_ShellZone], ZetaShell.ShellK.F1c.mertens_hsup [ZetaShell.Skeleton.LF_Mertens]]
ZetaShell.ShellK.LF_HsepS	ZetaShell.ShellK.F1c.endsMajS_eq	A	[Classical.choice, Quot.sound, propext]	0	[]
ZetaShell.ShellK.LF_HsepS	ZetaShell.ShellK.F1c.shell_endsS	A	[Classical.choice, Quot.sound, propext]	0	[]
ZetaShell.ShellK.LF_HsepS	ZetaShell.ShellK.F1c.shell_hsepS	A	[Classical.choice, Quot.sound, propext]	0	[]
ZetaShell.ShellK.LF_InArith	ZetaShell.ShellK.F1c.inzone_arith	A	[Classical.choice, Quot.sound, propext]	0	[]
ZetaShell.ShellK.LF_InZone	ZetaShell.Design.deltaShell.eq_1	A	[Classical.choice, Quot.sound, propext]	0	[]
ZetaShell.ShellK.LF_InZone	ZetaShell.ShellK.F1c.ERRin_small_shell	A	[Classical.choice, Quot.sound, propext]	0	[]
ZetaShell.ShellK.LF_InZone	ZetaShell.ShellK.F1c.reg_shell	A	[Classical.choice, Quot.sound, propext]	0	[]
ZetaShell.ShellK.LF_InZone	ZetaShell.ShellK.F1c.shell_inzone	A	[Classical.choice, Quot.sound, propext]	0	[]
ZetaShell.ShellK.LF_InZone	ZetaShell.ShellK.F1c.sizeR_LL_le_NfamQ_shell	A	[Classical.choice, Quot.sound, propext]	0	[]
ZetaShell.ShellK.LF_Kernel	ZetaShell.ShellK.F1c.Bshell_vDesign_le	A	[Classical.choice, Quot.sound, propext]	0	[]
ZetaShell.ShellK.LF_Kernel	ZetaShell.ShellK.F1c.kernel_split	A	[Classical.choice, Quot.sound, propext]	0	[]
ZetaShell.ShellK.LF_Kernel	ZetaShell.ShellK.F1c.psiS_eq_psi	A	[Classical.choice, Quot.sound, propext]	0	[]
ZetaShell.ShellK.LF_Kernel	ZetaShell.ShellK.F1c.shellKernel_bound	A	[Classical.choice, Quot.sound, propext]	0	[]
ZetaShell.ShellK.LF_Kernel	ZetaShell.ShellK.F1c.shellKernel_measurable	A	[Classical.choice, Quot.sound, propext]	0	[]
ZetaShell.ShellK.LF_Kernel	ZetaShell.ShellK.F1c.shellKernel_nonneg	A	[Classical.choice, Quot.sound, propext]	0	[]
ZetaShell.ShellK.LF_Kernel	ZetaShell.ShellK.F1c.shellPsi_integrable	A	[Classical.choice, Quot.sound, propext]	0	[]
ZetaShell.ShellK.LF_Kernel	ZetaShell.ShellK.F1c.vProfile_S53	A	[Classical.choice, Quot.sound, propext]	0	[]
ZetaShell.ShellK.LF_OutDiag	ZetaShell.ShellK.F1c.outShell_eq	A	[Classical.choice, Quot.sound, propext]	0	[]
ZetaShell.ShellK.LF_OutDiag	ZetaShell.ShellK.F1c.smear_upper	A	[Classical.choice, Quot.sound, propext]	0	[]
ZetaShell.ShellK.LF_OutDiag	ZetaShell.ShellK.F1c.wOut.eq_1	A	[Classical.choice, Quot.sound, propext]	0	[]
ZetaShell.ShellK.LF_OutDiag	ZetaShell.ShellK.F1c.wOut_measurable	A	[Classical.choice, Quot.sound, propext]	0	[]
ZetaShell.ShellK.LF_OutDiag	ZetaShell.ShellK.F1c.wOut_nonneg_le	A	[Classical.choice, Quot.sound, propext]	0	[]
ZetaShell.ShellK.LF_OutFinal	ZetaShell.ShellK.F1c.shell_mertens	SORRY	[Classical.choice, Quot.sound, propext, sorryAx]	1	[ZetaShell.ShellK.F1c.mertens_hsup [ZetaShell.Skeleton.LF_Mertens]]
ZetaShell.ShellK.LF_OutFinal	ZetaShell.ShellK.F1c.shell_outDiag	SORRY	[Classical.choice, Quot.sound, propext, sorryAx]	1	[ZetaShell.ShellK.F1c.mertens_hsup [ZetaShell.Skeleton.LF_Mertens]]
ZetaShell.ShellK.LF_Rows8	ZetaShell.ShellK.F1c.A1_shell	A	[Classical.choice, Quot.sound, propext]	0	[]
ZetaShell.ShellK.LF_Rows8	ZetaShell.ShellK.F1c.A2_shell	A	[Classical.choice, Quot.sound, propext]	0	[]
ZetaShell.ShellK.LF_Small	ZetaShell.ShellK.F1c.BS53_le_strict	A	[Classical.choice, Quot.sound, propext]	0	[]
ZetaShell.ShellK.LF_Small	ZetaShell.ShellK.F1c.Cfam_le_Cplus	A	[Classical.choice, Quot.sound, propext]	0	[]
ZetaShell.ShellK.LF_Small	ZetaShell.ShellK.F1c.cert_strict	A	[Classical.choice, Quot.sound, propext]	0	[]
ZetaShell.ShellK.LF_Small	ZetaShell.ShellK.F1c.one_sub_zoneFactor_shell	A	[Classical.choice, Quot.sound, propext]	0	[]
ZetaShell.ShellK.LF_Small	ZetaShell.ShellK.F1c.psi_vProfile_le	A	[Classical.choice, Quot.sound, propext]	0	[]
ZetaShell.ShellK.LF_Small	ZetaShell.ShellK.F1c.ramp_small	A	[Classical.choice, Quot.sound, propext]	0	[]
ZetaShell.ShellK.LF_Small	ZetaShell.ShellK.F1c.rate_small	A	[Classical.choice, Quot.sound, propext]	0	[]
ZetaShell.ShellK.LF_Small	ZetaShell.ShellK.F1c.zone_small	A	[Classical.choice, Quot.sound, propext]	0	[]
ZetaShell.ShellK.LF_Transfer	ZetaShell.ShellK.F1c.designFamily_of_shell	A	[Classical.choice, Quot.sound, propext]	0	[]
ZetaShell.ShellK.LF_Transfer	ZetaShell.ShellK.F1c.transfer_of_shellDesign	A	[Classical.choice, Quot.sound, propext]	0	[]
ZetaShell.ShellK.LF_Transfer	ZetaShell.ShellK.F1c.zone_facts_shell	A	[Classical.choice, Quot.sound, propext]	0	[]
ZetaShell.ShellS.L10_Defs	ZetaShell.ShellS.SRange.K_ge	A	[Classical.choice, Quot.sound, propext]	0	[]
ZetaShell.ShellS.L10_Defs	ZetaShell.ShellS.SRange.K_le	A	[Classical.choice, Quot.sound, propext]	0	[]
ZetaShell.ShellS.L10_Defs	ZetaShell.ShellS.SRange.eps_ge	A	[Classical.choice, Quot.sound, propext]	0	[]
ZetaShell.ShellS.L10_Defs	ZetaShell.ShellS.SRange.eps_le	A	[Classical.choice, Quot.sound, propext]	0	[]
ZetaShell.ShellS.L10_Defs	ZetaShell.ShellS.SRange.s_ge	A	[Classical.choice, Quot.sound, propext]	0	[]
ZetaShell.ShellS.L10_Defs	ZetaShell.ShellS.SRange.s_le	A	[Classical.choice, Quot.sound, propext]	0	[]
ZetaShell.ShellS.L10_Defs	ZetaShell.ShellS.normCA_nonneg'	A	[Classical.choice, Quot.sound, propext]	0	[]
ZetaShell.ShellS.L10_S	ZetaShell.ShellS.shell_S	SORRY	[Classical.choice, Quot.sound, propext, sorryAx]	3	[ZetaShell.ShellS.S3_family_errors [ZetaShell.Skeleton.L10_S3], ZetaShell.ShellS.S1_ring_to_zeros [ZetaShell.Skeleton.L10_S1], ZetaShell.ShellS.S2_zero_side [ZetaShell.Skeleton.L10_S2]]
ZetaShell.ShellS.L10_S	ZetaShell.ShellS.thetaD1p_le_one	A	[Classical.choice, Quot.sound, propext]	0	[]
ZetaShell.ShellS.L10_S4	ZetaShell.ShellS.S4_elementary	A	[Classical.choice, Quot.sound, propext]	0	[]
ZetaShell.ShellS.L10_Z6c	ZetaShell.ShellS.Z6c_Hge	A	[Classical.choice, Quot.sound, propext]	0	[]
ZetaShell.ShellS.L10_Z6c	ZetaShell.ShellS.Z6c_blocks	A	[Classical.choice, Quot.sound, propext]	0	[]
ZetaShell.ShellS.L10_Z6c	ZetaShell.ShellS.Z6c_cover	A	[Classical.choice, Quot.sound, propext]	0	[]
ZetaShell.ShellS.L10_Z6c	ZetaShell.ShellS.Z6c_rect	A	[Classical.choice, Quot.sound, propext]	0	[]
ZetaShell.ShellS.L10_Z6c	ZetaShell.ShellS.Z6c_shell	A	[Classical.choice, Quot.sound, propext]	0	[]
ZetaShell.Skeleton.A2P_LineProfile	ZetaShell.TrackF.FKind.plain.sizeOf_spec	A	[]	0	[]
ZetaShell.Skeleton.A2P_LineProfile	ZetaShell.TrackF.FKind.qphi.sizeOf_spec	A	[]	0	[]
ZetaShell.Skeleton.A2P_LineProfile	ZetaShell.TrackF.Fam.dyadic.sizeOf_spec	A	[]	0	[]
ZetaShell.Skeleton.A2P_LineProfile	ZetaShell.TrackF.Fam.sharp.sizeOf_spec	A	[]	0	[]
ZetaShell.Skeleton.A2P_LineProfile	ZetaShell.TrackF.Fam.weighted.sizeOf_spec	A	[]	0	[]
ZetaShell.Skeleton.A2P_LineProfile	ZetaShell.TrackF.Sconst_multipliable	A	[Classical.choice, Quot.sound, propext]	0	[]
ZetaShell.Skeleton.A2P_LineProfile	ZetaShell.TrackF.euler_eval_plain	A	[Classical.choice, Quot.sound, propext]	0	[]
ZetaShell.Skeleton.A2P_LineProfile	ZetaShell.TrackF.euler_eval_qphi	A	[Classical.choice, Quot.sound, propext]	0	[]
ZetaShell.Skeleton.A2P_LineProfile	ZetaShell.TrackF.euler_factor_pnr	A	[Classical.choice, Quot.sound, propext]	0	[]
ZetaShell.Skeleton.A2P_LineProfile	ZetaShell.TrackF.euler_factor_pr	A	[Classical.choice, Quot.sound, propext]	0	[]
ZetaShell.Skeleton.A2P_LineProfile	ZetaShell.TrackF.lemmaP	SORRY	[Classical.choice, Quot.sound, propext, sorryAx]	1	[ZetaShell.TrackF.lemmaP [ZetaShell.Skeleton.A2P_LineProfile]]
ZetaShell.Skeleton.A2a_OutsideShells	ZetaShell.TrackF.Fam.kind.eq_1	A	[]	0	[]
ZetaShell.Skeleton.A2a_OutsideShells	ZetaShell.TrackF.Fam.kind.eq_2	A	[]	0	[]
ZetaShell.Skeleton.A2a_OutsideShells	ZetaShell.TrackF.Fam.kind.eq_3	A	[]	0	[]
ZetaShell.Skeleton.A2a_OutsideShells	ZetaShell.TrackF.Fam.omega.eq_1	A	[Classical.choice, Quot.sound, propext]	0	[]
ZetaShell.Skeleton.A2a_OutsideShells	ZetaShell.TrackF.Fam.omega_nonneg	A	[Classical.choice, Quot.sound, propext]	0	[]
ZetaShell.Skeleton.A2a_OutsideShells	ZetaShell.TrackF.Fam.w.eq_1	A	[Classical.choice, Quot.sound, propext]	0	[]
ZetaShell.Skeleton.A2a_OutsideShells	ZetaShell.TrackF.Fam.w.eq_2	A	[Classical.choice, Quot.sound, propext]	0	[]
ZetaShell.Skeleton.A2a_OutsideShells	ZetaShell.TrackF.Fam.w.eq_3	A	[Classical.choice, Quot.sound, propext]	0	[]
ZetaShell.Skeleton.A2a_OutsideShells	ZetaShell.TrackF.Fam.w_nonneg	A	[Classical.choice, Quot.sound, propext]	0	[]
ZetaShell.Skeleton.A2a_OutsideShells	ZetaShell.TrackF.Hw_nonneg	A	[Classical.choice, Quot.sound, propext]	0	[]
ZetaShell.Skeleton.A2a_OutsideShells	ZetaShell.TrackF.Hw_normalisation	SORRY	[Classical.choice, Quot.sound, propext, sorryAx]	1	[ZetaShell.TrackF.Hw_normalisation [ZetaShell.Skeleton.A2a_OutsideShells]]
ZetaShell.Skeleton.A2a_S2s_Class	ZetaShell.TrackF.s2_class	SORRY	[Classical.choice, Quot.sound, propext, sorryAx]	1	[ZetaShell.TrackF.s2_class [ZetaShell.Skeleton.A2a_S2s_Class]]
ZetaShell.Skeleton.A2a_S2s_Main	ZetaShell.TrackF.s2_main	SORRY	[Classical.choice, Quot.sound, propext, sorryAx]	1	[ZetaShell.TrackF.s2_main [ZetaShell.Skeleton.A2a_S2s_Main]]
ZetaShell.Skeleton.A2a_S3a_Reindex	ZetaShell.TrackF.s3_reindex	SORRY	[Classical.choice, Quot.sound, propext, sorryAx]	1	[ZetaShell.TrackF.s3_reindex [ZetaShell.Skeleton.A2a_S3a_Reindex]]
ZetaShell.Skeleton.A2a_S3d_Arith	ZetaShell.TrackF.s3_arith	SORRY	[Classical.choice, Quot.sound, propext, sorryAx]	1	[ZetaShell.TrackF.s3_arith [ZetaShell.Skeleton.A2a_S3d_Arith]]
ZetaShell.Skeleton.A2a_S3e_Tail	ZetaShell.TrackF.s3_tail	SORRY	[Classical.choice, Quot.sound, propext, sorryAx]	1	[ZetaShell.TrackF.s3_tail [ZetaShell.Skeleton.A2a_S3e_Tail]]
ZetaShell.Skeleton.A2a_S4_Profile	ZetaShell.TrackF.step4_profile	SORRY	[Classical.choice, Quot.sound, propext, sorryAx]	1	[ZetaShell.TrackF.step4_profile [ZetaShell.Skeleton.A2a_S4_Profile]]
ZetaShell.Skeleton.A2a_S5_Window	ZetaShell.TrackF.step5_window	SORRY	[Classical.choice, Quot.sound, propext, sorryAx]	1	[ZetaShell.TrackF.step5_window [ZetaShell.Skeleton.A2a_S5_Window]]
ZetaShell.Skeleton.A3_SignedGallagher	ZetaShell.TrackF.signed_gallagher	SORRY	[Classical.choice, Quot.sound, propext, sorryAx]	1	[ZetaShell.TrackF.signed_gallagher [ZetaShell.Skeleton.A3_SignedGallagher]]
ZetaShell.Skeleton.Astar_PrimitiveReduction	ZetaShell.TrackF.ring_le_primitive	SORRY	[Classical.choice, Quot.sound, propext, sorryAx]	1	[ZetaShell.TrackF.ring_le_primitive [ZetaShell.Skeleton.Astar_PrimitiveReduction]]
ZetaShell.Skeleton.F1_ShellFrameQle	ZetaShell.shell_frame_dyadic	SORRY	[Classical.choice, Quot.sound, propext, sorryAx]	1	[ZetaShell.shell_frame_dyadic [ZetaShell.Skeleton.F1_ShellFrameQle]]
ZetaShell.Skeleton.F1_ShellFrameQle	ZetaShell.shell_frame_qle	SORRY	[Classical.choice, Quot.sound, propext, sorryAx]	1	[ZetaShell.shell_frame_qle [ZetaShell.Skeleton.F1_ShellFrameQle]]
ZetaShell.Skeleton.L10_AS	ZetaShell.ShellS.AS_pointwise	SORRY	[Classical.choice, Quot.sound, propext, sorryAx]	1	[ZetaShell.ShellS.AS_pointwise [ZetaShell.Skeleton.L10_AS]]
ZetaShell.Skeleton.L10_AS	ZetaShell.ShellS.R1S_mono	A	[Classical.choice, Quot.sound, propext]	0	[]
ZetaShell.Skeleton.L10_AS	ZetaShell.ShellS.ringMass_mono	A	[Classical.choice, Quot.sound, propext]	0	[]
ZetaShell.Skeleton.L10_K1_Strip	ZetaShell.ShellK.K1_strip	SORRY	[Classical.choice, Quot.sound, propext, sorryAx]	1	[ZetaShell.ShellK.K1_strip [ZetaShell.Skeleton.L10_K1_Strip]]
ZetaShell.Skeleton.L10_K2_ShellZone	ZetaShell.ShellK.K2_shellZone	SORRY	[Classical.choice, Quot.sound, propext, sorryAx]	1	[ZetaShell.ShellK.K2_shellZone [ZetaShell.Skeleton.L10_K2_ShellZone]]
ZetaShell.Skeleton.L10_K3_Killed	ZetaShell.ShellK.K3_killed	SORRY	[Classical.choice, Quot.sound, propext, sorryAx]	1	[ZetaShell.ShellK.K3_killed [ZetaShell.Skeleton.L10_K3_Killed]]
ZetaShell.Skeleton.L10_KInt	ZetaShell.ShellK.K_int	SORRY	[Classical.choice, Quot.sound, propext, sorryAx]	1	[ZetaShell.ShellK.K_int [ZetaShell.Skeleton.L10_KInt]]
ZetaShell.Skeleton.L10_KT	ZetaShell.ShellK.KT_transfer	SORRY	[Classical.choice, Quot.sound, propext, sorryAx]	1	[ZetaShell.ShellK.KT_transfer [ZetaShell.Skeleton.L10_KT]]
ZetaShell.Skeleton.L10_S1	ZetaShell.ShellS.S1_ring_to_zeros	SORRY	[Classical.choice, Quot.sound, propext, sorryAx]	1	[ZetaShell.ShellS.S1_ring_to_zeros [ZetaShell.Skeleton.L10_S1]]
ZetaShell.Skeleton.L10_S2	ZetaShell.ShellS.S2_zero_side	SORRY	[Classical.choice, Quot.sound, propext, sorryAx]	1	[ZetaShell.ShellS.S2_zero_side [ZetaShell.Skeleton.L10_S2]]
ZetaShell.Skeleton.L10_S3	ZetaShell.ShellS.S3_family_errors	SORRY	[Classical.choice, Quot.sound, propext, sorryAx]	1	[ZetaShell.ShellS.S3_family_errors [ZetaShell.Skeleton.L10_S3]]
ZetaShell.Skeleton.L10_Z6a	ZetaShell.ShellS.Z6a_zero_sums	SORRY	[Classical.choice, Quot.sound, propext, sorryAx]	1	[ZetaShell.ShellS.Z6a_zero_sums [ZetaShell.Skeleton.L10_Z6a]]
ZetaShell.Skeleton.L10_Z6d	ZetaShell.ShellS.Z6d_counts	SORRY	[Classical.choice, Quot.sound, propext, sorryAx]	1	[ZetaShell.ShellS.Z6d_counts [ZetaShell.Skeleton.L10_Z6d]]
ZetaShell.Skeleton.LF_AsmBase	ZetaShell.ShellK.F1c.NfamQ_crude_shell	A	[Classical.choice, Quot.sound, propext]	0	[]
ZetaShell.Skeleton.LF_AsmBase	ZetaShell.ShellK.F1c.NfamQ_sharp_shell	A	[Classical.choice, Quot.sound, propext]	0	[]
ZetaShell.Skeleton.LF_AsmBase	ZetaShell.ShellK.F1c.R9fun_eventually_lam	A	[Classical.choice, Quot.sound, propext]	0	[]
ZetaShell.Skeleton.LF_AsmBase	ZetaShell.ShellK.F1c.design_basic_shell	A	[Classical.choice, Quot.sound, propext]	0	[]
ZetaShell.Skeleton.LF_AsmBase	ZetaShell.ShellK.F1c.shell_ends	A	[Classical.choice, Quot.sound, propext]	0	[]
ZetaShell.Skeleton.LF_AsmBase	ZetaShell.ShellK.F1c.shell_hsep	SORRY	[Classical.choice, Quot.sound, propext, sorryAx]	1	[ZetaShell.ShellK.F1c.shell_hsep [ZetaShell.Skeleton.LF_AsmBase]]
ZetaShell.Skeleton.LF_AsmBase	ZetaShell.ShellK.F1c.shell_row9	A	[Classical.choice, Quot.sound, propext]	0	[]
ZetaShell.Skeleton.LF_Mertens	ZetaShell.ShellK.F1c.KoutShell_bounds	A	[Classical.choice, Quot.sound, propext]	0	[]
ZetaShell.Skeleton.LF_Mertens	ZetaShell.ShellK.F1c.mertens_hsup	SORRY	[Classical.choice, Quot.sound, propext, sorryAx]	1	[ZetaShell.ShellK.F1c.mertens_hsup [ZetaShell.Skeleton.LF_Mertens]]
ZetaShell.Skeleton.LK9_K6b_GallagherL2	ZetaShell.LemmaK.gallagher_L2	SORRY	[Classical.choice, Quot.sound, propext, sorryAx]	1	[ZetaShell.LemmaK.gallagher_L2 [ZetaShell.Skeleton.LK9_K6b_GallagherL2]]
ZetaShell.Skeleton.LK_K9_Frame	ZetaShell.LemmaK.killed_frame_design	A	[Classical.choice, Quot.sound, propext]	0	[]
ZetaShell.Skeleton.LK_K9_Frame	ZetaShell.LemmaK.killed_frame_lamStar8	SORRY	[Classical.choice, Quot.sound, propext, sorryAx]	1	[ZetaShell.LemmaK.killed_frame_lamStar8 [ZetaShell.Skeleton.LK_K9_Frame]]
ZetaShell.Skeleton.LK_K9_Frame	ZetaShell.LemmaK.rateLL.eq_1	A	[Classical.choice, Quot.sound, propext]	0	[]
ZetaShell.Skeleton.LK_KC_Cert	ZetaShell.LemmaK.certK	SORRY	[Classical.choice, Quot.sound, propext, sorryAx]	1	[ZetaShell.LemmaK.certK [ZetaShell.Skeleton.LK_KC_Cert]]
ZetaShell.Skeleton.LK_KC_Cert	ZetaShell.LemmaK.certKD	SORRY	[Classical.choice, Quot.sound, propext, sorryAx]	1	[ZetaShell.LemmaK.certKD [ZetaShell.Skeleton.LK_KC_Cert]]
ZetaShell.Skeleton.SD_C2_ZoneSlope	ZetaShell.Design.zoneLipschitzData_S53	SORRY	[Classical.choice, Quot.sound, propext, sorryAx]	1	[ZetaShell.Design.zoneLipschitzData_S53 [ZetaShell.Skeleton.SD_C2_ZoneSlope]]
ZetaShell.Skeleton.SD_F1c_FrobRow	ZetaShell.Design.frob_row_shell	SORRY	[Classical.choice, Quot.sound, propext, sorryAx]	1	[ZetaShell.Design.frob_row_shell [ZetaShell.Skeleton.SD_F1c_FrobRow]]
ZetaShell.Skeleton.Z5_PropZ	ZetaShell.PropZ.propZ	SORRY	[Classical.choice, Quot.sound, propext, sorryAx]	1	[ZetaShell.PropZ.propZ [ZetaShell.Skeleton.Z5_PropZ]]
ZetaShell.Skeleton.Z5_Steps	ZetaShell.PropZ.Z5R	SORRY	[Classical.choice, Quot.sound, propext, sorryAx]	1	[ZetaShell.PropZ.Z5R [ZetaShell.Skeleton.Z5_Steps]]
ZetaShell.Skeleton.Z5_Steps	ZetaShell.PropZ.Z5Zero	SORRY	[Classical.choice, Quot.sound, propext, sorryAx]	1	[ZetaShell.PropZ.Z5Zero [ZetaShell.Skeleton.Z5_Steps]]
ZetaShell.Skeleton.Z5b_SmoothEF	ZetaShell.PropZ.logDeriv_bound	SORRY	[Classical.choice, Quot.sound, propext, sorryAx]	1	[ZetaShell.PropZ.logDeriv_bound [ZetaShell.Skeleton.Z5b_SmoothEF]]
ZetaShell.Skeleton.Z5b_SmoothEF	ZetaShell.PropZ.smooth_explicit_formula	SORRY	[Classical.choice, Quot.sound, propext, sorryAx]	1	[ZetaShell.PropZ.smooth_explicit_formula [ZetaShell.Skeleton.Z5b_SmoothEF]]
ZetaShell.Skeleton.Z5b_SmoothEF	ZetaShell.PropZ.smooth_explicit_formula_weil	A	[Classical.choice, Quot.sound, propext]	0	[]
ZetaShell.Skeleton.Z5b_SmoothEF	ZetaShell.PropZ.smooth_explicit_formula_weil_one	A	[Classical.choice, Quot.sound, propext]	0	[]
ZetaShell.Skeleton.ZP_Bridge	ZetaShell.PropZ.Schi.eq_1	A	[Classical.choice, Quot.sound, propext]	0	[]
ZetaShell.Skeleton.ZP_Bridge	ZetaShell.PropZ.VxsW.eq_1	A	[Classical.choice, Quot.sound, propext]	0	[]
ZetaShell.Skeleton.ZP_Bridge	ZetaShell.PropZ.VxsW_eq_zero_of_far	A	[Classical.choice, Quot.sound, propext]	0	[]
ZetaShell.Skeleton.ZP_Bridge	ZetaShell.PropZ.ZB_Schi_form	A	[Classical.choice, Quot.sound, propext]	0	[]
ZetaShell.Skeleton.ZP_Bridge	ZetaShell.PropZ.ZB_Vxs_props	A	[Classical.choice, Quot.sound, propext]	0	[]
ZetaShell.Skeleton.ZP_Bridge	ZetaShell.PropZ.ZB_parts_bounded	A	[Classical.choice, Quot.sound, propext]	0	[]
ZetaShell.Skeleton.ZP_Bridge	ZetaShell.PropZ.ZB_parts_measurable	SORRY	[Classical.choice, Quot.sound, propext, sorryAx]	1	[ZetaShell.PropZ.ZB_parts_measurable [ZetaShell.Skeleton.ZP_Bridge]]
ZetaShell.Skeleton.ZP_Bridge	ZetaShell.PropZ.ZB_sq_integrable	SORRY	[Classical.choice, Quot.sound, propext, sorryAx]	1	[ZetaShell.PropZ.ZB_parts_measurable [ZetaShell.Skeleton.ZP_Bridge]]
ZetaShell.Skeleton.ZP_Bridge	ZetaShell.PropZ.remPartW.congr_simp	A	[Classical.choice, Quot.sound, propext]	0	[]
ZetaShell.Skeleton.ZP_Bridge	ZetaShell.PropZ.remPartW.eq_1	A	[Classical.choice, Quot.sound, propext]	0	[]
ZetaShell.Skeleton.ZP_Bridge	ZetaShell.PropZ.zeroPartW.congr_simp	A	[Classical.choice, Quot.sound, propext]	0	[]
ZetaShell.Skeleton.ZP_Bridge	ZetaShell.PropZ.zeroPartW.eq_1	A	[Classical.choice, Quot.sound, propext]	0	[]
ZetaShell.Skeleton.ZZ1_Expand	ZetaShell.PropZ.Z5Z_expand	SORRY	[Classical.choice, Quot.sound, propext, sorryAx]	1	[ZetaShell.PropZ.Z5Z_expand [ZetaShell.Skeleton.ZZ1_Expand]]
ZetaShell.Skeleton.ZZ2_OneZero	ZetaShell.PropZ.Z5Z_oneZero	SORRY	[Classical.choice, Quot.sound, propext, sorryAx]	1	[ZetaShell.PropZ.Z5Z_oneZero [ZetaShell.Skeleton.ZZ2_OneZero]]
ZetaShell.Skeleton.ZZ3_Pair	ZetaShell.PropZ.Z5Z_pair	SORRY	[Classical.choice, Quot.sound, propext, sorryAx]	1	[ZetaShell.PropZ.Z5Z_pair [ZetaShell.Skeleton.ZZ3_Pair]]
ZetaShell.Top.HeadlineReduced	ZetaShell.Top.shell_S53_bounded_dyadic_of_reduced	A	[Classical.choice, Quot.sound, propext]	0	[]
ZetaShell.Top.HeadlineReduced	ZetaShell.Top.shell_S53_bounded_dyadic_reduced_of_arch	A	[Classical.choice, Quot.sound, propext]	0	[]
ZetaShell.Top.HeadlineReduced	ZetaShell.Top.shell_S53_bounded_of_reduced	A	[Classical.choice, Quot.sound, propext]	0	[]
ZetaShell.Top.HeadlineReduced	ZetaShell.Top.shell_S53_bounded_reduced_of_arch	A	[Classical.choice, Quot.sound, propext]	0	[]
ZetaShell.Top.HeadlineReduced	ZetaShell.Top.shell_S53_dyadic_of_reduced	A	[Classical.choice, Quot.sound, propext]	0	[]
ZetaShell.Top.HeadlineReduced	ZetaShell.Top.shell_S53_dyadic_reduced_of_arch	A	[Classical.choice, Quot.sound, propext]	0	[]
ZetaShell.Top.HeadlineReduced	ZetaShell.Top.shell_S53_qle_of_reduced	A	[Classical.choice, Quot.sound, propext]	0	[]
ZetaShell.Top.HeadlineReduced	ZetaShell.Top.shell_S53_qle_reduced_of_arch	A	[Classical.choice, Quot.sound, propext]	0	[]
ZetaShell.Top.HeadlineReduced	ZetaShell.shell_S53_bounded_dyadic_reduced	SORRY	[Classical.choice, Quot.sound, propext, sorryAx]	1	[ZetaShell.shell_S53_bounded_dyadic_reduced [ZetaShell.Top.HeadlineReduced]]
ZetaShell.Top.HeadlineReduced	ZetaShell.shell_S53_bounded_reduced	SORRY	[Classical.choice, Quot.sound, propext, sorryAx]	1	[ZetaShell.shell_S53_bounded_reduced [ZetaShell.Top.HeadlineReduced]]
ZetaShell.Top.HeadlineReduced	ZetaShell.shell_S53_dyadic_reduced	SORRY	[Classical.choice, Quot.sound, propext, sorryAx]	1	[ZetaShell.shell_S53_dyadic_reduced [ZetaShell.Top.HeadlineReduced]]
ZetaShell.Top.HeadlineReduced	ZetaShell.shell_S53_qle_reduced	SORRY	[Classical.choice, Quot.sound, propext, sorryAx]	1	[ZetaShell.shell_S53_qle_reduced [ZetaShell.Top.HeadlineReduced]]
ZetaShell.Top.T1_Headline	ZetaShell.shellRate.eq_1	A	[Classical.choice, Quot.sound, propext]	0	[]
ZetaShell.Top.T1_Headline	ZetaShell.shellRate_nonneg	A	[Classical.choice, Quot.sound, propext]	0	[]
ZetaShell.Top.T1_Headline	ZetaShell.shellRate_tendsto	A	[Classical.choice, Quot.sound, propext]	0	[]
ZetaShell.Top.T1_Headline	ZetaShell.shell_S53_dyadic_tree'	SORRY	[Classical.choice, Quot.sound, propext, sorryAx]	1	[ZetaShell.shell_frame_dyadic [ZetaShell.Skeleton.F1_ShellFrameQle]]
ZetaShell.Top.T1_Headline	ZetaShell.shell_S53_qle_tree'	SORRY	[Classical.choice, Quot.sound, propext, sorryAx]	1	[ZetaShell.shell_frame_qle [ZetaShell.Skeleton.F1_ShellFrameQle]]
